Iteration	Posterior	Likelihood	Prior	rate_log_sd	tree_length
0	-100.1929	-366.3652	266.1722	2.54944	0.344048
6	-99.36931	-364.7655	265.3962	2.939372	0.1627075
12	-86.52137	-351.1952	264.6738	3.360664	0.1079137
18	-103.4426	-368.4553	265.0127	3.250269	0.1464933
24	-108.6343	-373.669	265.0346	3.381643	0.1841066
30	-107.5889	-372.8193	265.2304	3.185878	0.1841066
36	-110.0438	-375.2529	265.2091	3.20717	0.1841066
42	-96.81274	-362.3543	265.5415	2.961355	0.2124872
48	-98.56894	-364.1909	265.6219	2.961355	0.2464618
54	-101.3475	-366.9044	265.5569	2.995229	0.2321638
60	-120.1606	-386.1803	266.0198	2.645816	0.2947189
66	-123.4776	-389.3007	265.8231	2.817727	0.2781527
72	-106.3271	-371.431	265.1039	3.273743	0.1733656
78	-99.94453	-365.2186	265.2741	3.068045	0.1643164
84	-100.9968	-366.2911	265.2943	3.168826	0.1986214
90	-100.545	-366.0565	265.5115	3.043429	0.2333984
96	-105.2269	-370.4839	265.257	3.150264	0.1815028
102	-109.1447	-375.2194	266.0748	2.624333	0.3216134
108	-112.3647	-378.1756	265.8108	2.86165	0.2997958
114	-120.4105	-386.6485	266.238	2.544127	0.4733961
120	-122.8477	-389.1701	266.3224	2.44398	0.5987133
126	-127.0397	-393.532	266.4923	2.252541	0.6525059
132	-109.0827	-375.6032	266.5204	2.197569	0.7035836
138	-119.3385	-385.7601	266.4216	2.342043	0.6066875
144	-119.7224	-386.2131	266.4906	2.261919	0.6351329
150	-118.3405	-384.9376	266.5971	2.078421	0.7698544
156	-114.6177	-381.0906	266.4729	2.28289	0.6274589
162	-114.8461	-381.284	266.4379	2.288193	0.6892173
168	-118.0583	-384.4593	266.4011	2.376157	0.5586458
174	-114.7086	-381.1193	266.4107	2.345291	0.6269184
180	-101.8708	-368.1339	266.2631	2.481982	0.3737603
186	-94.94043	-361.0994	266.1589	2.569468	0.3517552
192	-98.20144	-364.1842	265.9828	2.687997	0.298516
198	-108.2092	-374.3274	266.1181	2.641322	0.3980114
204	-113.9116	-379.867	265.9555	2.76586	0.3436515
210	-111.1971	-377.1026	265.9055	2.735675	0.2783662
216	-117.1385	-383.3936	266.2552	2.527745	0.481706
222	-123.3434	-389.8875	266.5441	2.16381	0.7205604
228	-127.3809	-393.8376	266.4567	2.286491	0.655929
234	-116.8846	-383.0456	266.1609	2.614445	0.4386474
240	-111.2146	-377.6058	266.3912	2.389725	0.4644515
246	-118.2952	-384.7232	266.428	2.352941	0.4644515
252	-115.2892	-381.6724	266.3832	2.399721	0.5181955
258	-118.0531	-384.3089	266.2558	2.527538	0.5109102
264	-114.8322	-381.3152	266.483	2.300153	0.5151094
270	-116.9694	-383.3385	266.3691	2.41431	0.5109337
276	-127.1783	-393.2073	266.029	2.707668	0.3619805
282	-137.1622	-403.0537	265.8915	2.748438	0.2775784
288	-140.7816	-406.3133	265.5318	2.985571	0.2179398
294	-138.0392	-403.3792	265.34	3.172882	0.2162339
300	-118.4403	-384.8508	266.4105	2.277664	0.7513921
306	-109.3552	-375.8184	266.4632	2.277664	0.6606677
312	-109.9145	-376.2454	266.3309	2.447289	0.5537499
318	-108.8664	-374.9667	266.1003	2.624888	0.3480415
324	-113.6491	-379.708	266.0589	2.666348	0.3480415
330	-101.5569	-367.8404	266.2835	2.493718	0.4457697
336	-113.5379	-379.9561	266.4183	2.345866	0.6052645
342	-111.0627	-377.4199	266.3572	2.42199	0.5482752
348	-105.8847	-372.2761	266.3913	2.27652	0.7806157
354	-115.0376	-381.684	266.6465	2.091638	0.6663663
360	-108.6574	-375.1287	266.4713	2.058257	0.9456164
366	-104.117	-370.4264	266.3094	2.199038	0.9678045
372	-103.2482	-369.5204	266.2722	2.006974	1.182654
378	-97.75685	-364.2954	266.5386	2.202231	0.6609015
384	-104.1613	-370.2249	266.0636	2.716817	0.4608876
390	-98.80206	-364.8796	266.0775	2.704261	0.4705457
396	-108.1839	-374.4018	266.2179	2.535018	0.3862033
402	-108.2218	-374.4031	266.1813	2.5972	0.5522986
408	-112.8233	-378.8805	266.0572	2.69606	0.3866824
414	-112.1189	-378.2532	266.1343	2.640581	0.4369958
420	-112.772	-379.0391	266.267	2.456958	0.3466212
426	-96.42244	-362.9435	266.521	2.222736	0.6546933
432	-97.97179	-364.8047	266.833	1.809706	0.8143802
438	-96.48387	-362.9544	266.4705	1.984877	1.021158
444	-98.67099	-365.1768	266.5058	1.997832	0.9727334
450	-105.3905	-371.8913	266.5008	2.209418	0.7166879
456	-104.8089	-371.2971	266.4882	2.262443	0.6396281
462	-106.9524	-373.0951	266.1427	2.198355	1.128092
468	-114.8852	-380.9523	266.0671	2.118609	1.261779
474	-111.9865	-378.3681	266.3816	2.085798	1.009257
480	-105.231	-371.7064	266.4754	2.049399	0.9506424
486	-114.8682	-381.3837	266.5156	2.009276	0.9506424
492	-118.753	-385.0162	266.2632	1.732608	1.41348
498	-115.1689	-381.5137	266.3447	1.861337	1.244832
504	-128.4699	-394.9777	266.5078	2.130098	0.8205303
510	-122.9898	-389.2187	266.2288	2.537839	0.5977421
516	-110.6285	-376.5578	265.9294	2.820938	0.3818364
522	-106.2071	-372.1267	265.9196	2.715566	0.2746667
528	-106.7886	-372.7156	265.927	2.715566	0.2792182
534	-110.5135	-376.3982	265.8847	2.689529	0.2421419
540	-119.6799	-385.3619	265.682	2.893414	0.2426889
546	-117.1183	-382.4928	265.3745	3.104782	0.2040637
552	-118.2612	-384.6218	266.3606	2.380347	0.6605218
558	-115.3651	-381.823	266.458	2.150817	0.8565497
564	-112.4404	-378.7763	266.3359	2.252018	0.881154
570	-105.3461	-371.1869	265.8409	2.833115	0.3009041
576	-107.1661	-373.1541	265.988	2.684775	0.2999653
582	-105.7298	-371.6131	265.8832	2.862958	0.3754305
588	-94.93563	-361.0225	266.0869	2.624007	0.3327446
594	-101.086	-366.9221	265.8361	2.806046	0.2789544
600	-103.8263	-369.1528	265.3265	3.094912	0.1856011
606	-98.66975	-364.6126	265.9428	2.709439	0.2855311
612	-92.98915	-358.9777	265.9885	2.70224	0.314307
618	-92.4097	-358.2958	265.8861	2.755938	0.2788688
624	-117.4708	-382.0581	264.5872	3.465816	0.1105079
630	-99.89309	-365.9156	266.0225	2.656385	0.3047075
636	-99.0967	-364.954	265.8573	2.748628	0.2579806
642	-108.3505	-374.078	265.7275	2.831763	0.2352886
648	-117.5138	-383.5096	265.9959	2.685458	0.3065906
654	-121.711	-387.7153	266.0042	2.682452	0.3109147
660	-116.9676	-383.1113	266.1437	2.567187	0.332747
666	-113.7921	-379.7871	265.9951	2.660501	0.2877319
672	-110.0907	-376.4424	266.3517	2.430748	0.5243547
678	-107.03	-373.4671	266.4372	2.345265	0.5243547
684	-106.4297	-372.8665	266.4369	2.319063	0.6270325
690	-101.5638	-368.2654	266.7016	1.974854	0.768415
696	-102.0843	-368.6254	266.5411	2.241672	0.4804351
702	-102.7516	-369.0483	266.2966	2.469904	0.4132524
708	-106.4265	-372.6404	266.2139	2.541529	0.3905267
714	-113.901	-380.4416	266.5406	2.171684	0.7132792
720	-117.8407	-384.2345	266.3938	2.337919	0.6788218
726	-129.3633	-395.6827	266.3194	2.373114	0.7447848
732	-128.6641	-395.0581	266.394	2.380571	0.5700644
738	-113.3168	-379.9609	266.6441	2.115505	0.6175369
744	-116.0235	-382.3261	266.3026	1.833723	1.302261
750	-117.583	-383.6358	266.0528	2.083529	1.302261
756	-112.6301	-379.0918	266.4617	2.019734	0.9953476
762	-112.6348	-379.1234	266.4886	2.258304	0.647896
768	-119.4521	-385.7472	266.2951	2.235315	0.9447362
774	-118.2397	-384.6655	266.4258	2.182991	0.8565434
780	-118.4668	-384.6996	266.2329	2.099231	1.136134
786	-107.6467	-374.1	266.4533	2.211182	0.7852435
792	-113.9682	-379.944	265.9758	2.68491	0.2912657
798	-117.8271	-383.9416	266.1144	2.608352	0.3452603
804	-103.0779	-369.61	266.5321	2.012274	0.9297302
810	-100.3039	-366.3676	266.0637	1.723535	1.570418
816	-110.5085	-376.674	266.1655	1.587525	1.595418
822	-102.2856	-368.0498	265.7641	1.622269	1.853792
828	-109.6432	-375.8154	266.1721	1.99518	1.276955
834	-108.1012	-374.53	266.4288	2.333391	0.6106802
840	-101.5472	-367.8891	266.342	2.437466	0.5470776
846	-102.8506	-369.3967	266.5461	1.974905	0.9546819
852	-105.7465	-372.252	266.5055	1.977108	0.9941411
858	-108.1316	-374.5108	266.3792	1.961162	1.128788
864	-111.2921	-377.1695	265.8773	2.689665	0.2387855
870	-113.3195	-379.1184	265.7989	2.766744	0.2381617
876	-126.6776	-392.5635	265.8859	2.758073	0.2801296
882	-116.0298	-382.0651	266.0353	1.726691	1.588897
888	-111.3917	-377.3461	265.9544	1.812868	1.585065
894	-125.8864	-391.8911	266.0047	2.699445	0.326251
900	-105.3575	-370.345	264.9875	1.598031	2.378942
906	-103.216	-368.845	265.6291	1.63371	1.937753
912	-105.2057	-371.48	266.2743	1.756415	1.386338
918	-101.1477	-367.4109	266.2633	1.730044	1.415445
924	-106.5459	-372.1372	265.5913	2.996174	0.2485309
930	-113.9583	-379.5629	265.6046	3.019444	0.2680319
936	-116.8226	-382.5789	265.7563	2.838223	0.252055
942	-106.8523	-370.2436	263.3914	1.311706	3.515421
948	-110.3761	-374.8048	264.4287	1.176282	2.982197
954	-112.5564	-377.0081	264.4517	1.402693	2.831591
960	-103.5442	-367.8611	264.3169	1.525564	2.838859
966	-96.98573	-362.8012	265.8155	1.434233	1.946537
972	-93.98403	-358.7897	264.8057	1.223274	2.725138
978	-99.42606	-364.8471	265.4211	1.445649	2.199031
984	-107.4744	-372.8816	265.4072	1.459534	2.199031
990	-113.1796	-378.64	265.4603	1.454581	2.167773
996	-103.3925	-369.7077	266.3152	1.464745	1.575771
1002	-112.7217	-379.1607	266.4389	2.342221	0.5357337
1008	-115.6665	-381.8532	266.1867	2.591145	0.4481021
1014	-99.00658	-363.6712	264.6646	1.620518	2.567231
1020	-106.7331	-372.2269	265.4938	1.769534	1.937391
1026	-111.2853	-377.3194	266.034	1.60319	1.678805
1032	-103.4276	-369.3412	265.9137	2.744693	0.2896529
1038	-107.1944	-373.0941	265.8997	2.764647	0.2938706
1044	-118.5613	-384.9632	266.402	2.37325	0.4380489
1050	-108.6317	-375.0098	266.3781	2.398051	0.4414352
1056	-114.4023	-380.3487	265.9464	2.774885	0.343588
1062	-113.9027	-378.2005	264.2977	1.16423	3.067884
1068	-112.0354	-377.8876	265.8522	1.334444	1.988798
1074	-104.8823	-370.9372	266.0549	1.709163	1.587364
1080	-108.8598	-375.1276	266.2677	1.701127	1.434268
1086	-104.0333	-370.6931	266.6599	1.94831	0.85732
1092	-102.2736	-368.9153	266.6416	1.75135	1.080682
1098	-110.6102	-377.2966	266.6864	1.939278	0.8359408
1104	-105.7774	-372.3597	266.5824	1.982599	0.9071974
1110	-122.9798	-388.9831	266.0033	2.739015	0.3698061
1116	-122.7169	-388.7757	266.0589	2.717989	0.4442467
1122	-109.2749	-375.8435	266.5686	2.039818	0.8570516
1128	-110.1978	-376.9216	266.7238	1.807391	0.9439233
1134	-102.9147	-369.5713	266.6565	1.879204	0.9390962
1140	-101.1274	-367.6333	266.5059	1.952113	1.018606
1146	-91.33639	-357.9411	266.6047	1.769005	1.098478
1152	-94.56476	-361.0201	266.4554	1.587471	1.376842
1158	-89.97834	-354.1171	264.1388	1.846289	2.751989
1164	-91.16385	-356.1757	265.0118	1.974011	2.12152
1170	-108.1688	-374.6409	266.4721	2.310483	0.5229527
1176	-111.8132	-378.0451	266.232	2.53845	0.5856318
1182	-112.4433	-378.805	266.3616	2.420894	0.4772372
1188	-115.6322	-382.0509	266.4187	2.313537	0.6778559
1194	-112.8375	-379.3286	266.4912	2.241046	0.6778559
1200	-121.6436	-387.9705	266.3268	2.396453	0.6943292
1206	-115.9984	-382.4631	266.4647	2.258538	0.6943292
1212	-115.2017	-381.6688	266.4671	2.008159	1.001442
1218	-110.8568	-377.5143	266.6575	1.79655	1.022475
1224	-112.2224	-378.8018	266.5794	2.032494	0.8527919
1230	-103.7351	-370.1866	266.4515	2.172671	0.8377924
1236	-109.0763	-375.5577	266.4814	2.284315	0.6004772
1242	-115.4999	-381.9335	266.4335	2.177442	0.8539324
1248	-114.8397	-381.4842	266.6445	2.060789	0.7247185
1254	-113.0204	-379.7226	266.7022	1.855817	0.9149246
1260	-106.0655	-372.2241	266.1586	2.6226	0.4661377
1266	-109.3753	-375.3935	266.0182	2.668294	0.3107814
1272	-109.0134	-375.3725	266.3591	2.415571	0.4359826
1278	-112.564	-378.9009	266.3369	2.437107	0.4339258
1284	-115.4397	-381.89	266.4503	2.321036	0.4258105
1290	-106.3542	-372.7214	266.3671	2.409222	0.5626047
1296	-109.5615	-376.025	266.4636	2.29081	0.6308426
1302	-111.3321	-377.7712	266.4392	2.295967	0.6722348
1308	-107.7082	-374.3257	266.6175	1.724531	1.127231
1314	-114.2365	-380.5944	266.3579	2.017216	1.097225
1320	-110.6063	-377.3132	266.7069	1.771942	0.9979367
1326	-106.1761	-372.7047	266.5287	1.931795	1.01614
1332	-109.6971	-376.2737	266.5766	2.099931	0.7683557
1338	-108.6633	-375.1986	266.5353	2.086962	0.8402184
1344	-109.746	-376.3371	266.5911	2.04264	0.8258045
1350	-109.5194	-376.081	266.5617	2.072086	0.8258045
1356	-120.6571	-387.2454	266.5883	2.072086	0.7908652
1362	-121.4475	-387.7893	266.3418	1.947533	1.173888
1368	-105.6766	-372.3481	266.6715	1.950301	0.8407621
1374	-101.9906	-368.3686	266.378	2.397167	0.5676251
1380	-103.9256	-370.3864	266.4608	2.319415	0.5425738
1386	-99.07342	-365.4718	266.3984	2.38422	0.4781108
1392	-104.6475	-370.8624	266.2148	2.562539	0.4462329
1398	-97.61055	-364.1033	266.4927	2.288965	0.5316636
1404	-101.036	-367.4745	266.4386	2.283676	0.6961932
1410	-108.7208	-375.1192	266.3983	2.382996	0.5343798
1416	-102.5472	-369.0053	266.4581	2.302872	0.6139568
1422	-113.3579	-379.8695	266.5116	2.147318	0.7928589
1428	-117.0468	-383.5205	266.4737	2.173273	0.8088178
1434	-118.0018	-384.4544	266.4526	2.319529	0.5797353
1440	-103.5089	-370.0028	266.4938	2.226969	0.69872
1446	-115.2667	-381.7855	266.5188	2.246653	0.601456
1452	-116.1017	-382.4922	266.3905	2.392895	0.4888578
1458	-125.8431	-392.3048	266.4617	2.207333	0.7789085
1464	-122.5933	-389.1501	266.5568	2.137434	0.7421226
1470	-125.747	-392.2648	266.5178	2.194174	0.7138143
1476	-128.1867	-394.7053	266.5186	2.173573	0.7452919
1482	-127.8422	-394.2534	266.4111	2.2758	0.7532165
1488	-128.1555	-394.5971	266.4416	2.290214	0.6785766
1494	-136.9102	-402.9481	266.0379	2.687721	0.3485339
1500	-133.4564	-399.9723	266.5159	2.252892	0.5909983
1506	-137.4941	-403.9628	266.4687	2.305982	0.5697133
1512	-142.4763	-408.9075	266.4312	2.301306	0.6772706
1518	-148.2571	-414.5648	266.3077	2.424843	0.6772706
1524	-128.9176	-395.3233	266.4057	2.29738	0.7282963
1530	-141.6079	-407.9337	266.3258	2.317065	0.8140538
1536	-147.3344	-413.5067	266.1723	1.865047	1.381156
1542	-142.2623	-408.7321	266.4698	1.934619	1.069956
1548	-132.7328	-399.3549	266.622	2.039129	0.7898086
1554	-128.0837	-394.5382	266.4545	1.818944	1.187669
1560	-136.5368	-402.9414	266.4046	2.312722	0.7047767
1566	-138.2285	-404.6639	266.4354	2.29917	0.6733411
1572	-141.4463	-408.0935	266.6472	2.028615	0.7693394
1578	-134.2433	-400.898	266.6547	1.895189	0.9238007
1584	-136.9281	-403.4356	266.5075	2.208328	0.7073869
1590	-135.0867	-401.5304	266.4437	2.116985	0.9119271
1596	-136.8576	-403.1181	266.2605	2.449375	0.7173209
1602	-119.2275	-385.7078	266.4803	2.039117	0.9563225
1608	-109.4074	-375.2133	265.8059	2.025431	1.537937
1614	-114.3527	-380.3814	266.0287	1.802597	1.537937
1620	-107.3476	-373.4788	266.1313	1.872792	1.407091
1626	-116.813	-382.4268	265.6138	1.783324	1.846468
1632	-121.2437	-387.488	266.2443	1.584194	1.540043
1638	-118.6573	-385.1786	266.5212	2.116203	0.8211031
1644	-127.3951	-393.5105	266.1155	2.657215	0.4297321
1650	-128.113	-394.1882	266.0752	2.655177	0.3541257
1656	-123.3992	-389.6406	266.2414	2.5371	0.5521152
1662	-116.7307	-383.0847	266.354	1.738056	1.337907
1668	-112.0672	-378.0876	266.0204	1.700749	1.618538
1674	-106.9173	-373.1189	266.2015	1.712247	1.47623
1680	-102.9771	-369.4391	266.462	1.605796	1.357163
1686	-115.4161	-380.7439	265.3278	1.67591	2.109838
1692	-115.1154	-380.6106	265.4952	1.41676	2.169688
1698	-127.5575	-389.5726	262.0151	1.812705	4.020123
1704	-106.7512	-371.8362	265.085	1.811189	2.179907
1710	-111.5061	-374.3589	262.8528	1.382076	3.786703
1716	-127.3486	-387.8725	260.5239	1.119281	5.245479
1722	-121.1793	-383.7512	262.5719	1.157912	4.076056
1728	-111.7786	-375.5116	263.7329	1.39121	3.268465
1734	-123.14	-389.5863	266.4463	2.185315	0.8284692
1740	-118.5188	-382.6606	264.1418	1.809665	2.772535
1746	-121.1235	-384.0947	262.9712	1.408983	3.702834
1752	-111.8674	-374.6699	262.8025	1.312677	3.855561
1758	-103.3626	-367.0164	263.6538	1.604883	3.18888
1764	-109.0628	-374.1717	265.1089	1.974614	2.057338
1770	-106.2191	-372.0125	265.7933	2.101524	1.490492
1776	-102.9953	-368.6985	265.7032	1.789801	1.780253
1782	-110.2248	-374.3429	264.1181	1.414311	3.025772
1788	-112.5367	-376.9746	264.4379	1.260395	2.926053
1794	-111.7493	-372.9713	261.222	1.152994	4.839272
1800	-118.9274	-383.3247	264.3973	1.535066	2.784171
1806	-131.1684	-395.312	264.1436	1.708352	2.833064
1812	-109.5165	-371.9244	262.4079	1.261325	4.110545
1818	-111.674	-374.418	262.744	1.649184	3.69532
1824	-107.9127	-371.2869	263.3742	1.26482	3.552694
1830	-114.997	-378.5018	263.5049	1.316569	3.446307
1836	-125.2779	-390.2842	265.0063	1.512016	2.42139
1842	-124.8473	-389.99	265.1427	1.731241	2.194359
1848	-121.9198	-387.1479	265.2281	1.961341	1.986962
1854	-121.8404	-387.4877	265.6473	1.91249	1.7336
1860	-122.9317	-388.0503	265.1187	2.377059	1.778348
1866	-122.73	-387.9929	265.2629	2.176695	1.817211
1872	-122.6431	-389.1916	266.5485	1.810787	1.111645
1878	-103.1956	-369.6417	266.446	1.866894	1.153166
1884	-105.2536	-371.8535	266.6	1.86339	1.01331
1890	-109.4667	-375.9792	266.5124	2.256381	0.5909633
1896	-108.8663	-375.5489	266.6826	2.079464	0.6111343
1902	-107.9199	-374.125	266.205	1.967689	1.272519
1908	-107.0774	-373.5768	266.4994	2.055336	0.9185087
1914	-121.6341	-387.0042	265.3701	1.955268	1.8954
1920	-116.1246	-380.8403	264.7157	1.746687	2.456555
1926	-106.8796	-371.816	264.9364	1.609414	2.404028
1932	-106.1372	-370.2007	264.0635	1.229786	3.168311
1938	-113.449	-378.1397	264.6907	1.407679	2.682576
1944	-121.404	-386.9887	265.5848	1.43499	2.099305
1950	-121.6576	-386.592	264.9344	1.361449	2.56056
1956	-112.7007	-378.1111	265.4104	1.482995	2.18172
1962	-110.3471	-376.5105	266.1634	1.608727	1.581498
1968	-128.0899	-392.6632	264.5733	1.272019	2.837127
1974	-119.951	-383.3614	263.4104	1.520189	3.382367
1980	-122.8161	-386.8978	264.0817	1.463611	3.018035
1986	-131.5797	-394.8598	263.28	1.089467	3.709003
1992	-121.0561	-386.5326	265.4765	1.213564	2.312487
1998	-111.661	-374.6342	262.9732	1.30544	3.761443
2004	-118.163	-383.4655	265.3026	1.249725	2.399958
2010	-121.6276	-386.8881	265.2605	1.251237	2.425527
2016	-125.5234	-388.5088	262.9854	1.095319	3.875321
2022	-130.086	-395.8313	265.7453	1.553032	1.913709
2028	-125.1455	-391.1553	266.0098	1.856663	1.511805
2034	-120.2844	-386.5948	266.3104	1.946806	1.201614
2040	-117.6945	-384.3967	266.7023	1.879428	0.8883235
2046	-110.4563	-376.6711	266.2149	2.036309	1.206749
2052	-111.1581	-377.5866	266.4286	1.878871	1.15801
2058	-106.3174	-372.8762	266.5589	1.960007	0.9568973
2064	-112.9506	-379.4914	266.5409	1.952031	0.9837093
2070	-101.9802	-368.4201	266.44	2.031623	1.005127
2076	-98.50255	-365.1157	266.6131	2.154611	0.5944586
2082	-110.9686	-377.3238	266.3552	2.382178	0.6677392
2088	-106.3272	-372.7464	266.4193	2.364129	0.4900665
2094	-114.7063	-380.9011	266.1948	2.585142	0.4585086
2100	-117.5317	-383.912	266.3803	2.400825	0.4653347
2106	-111.267	-377.5893	266.3223	2.45827	0.4623087
2112	-106.9208	-373.3451	266.4243	2.357249	0.532832
2118	-117.9639	-384.264	266.3001	2.483162	0.5121579
2124	-121.6206	-384.6236	263.0029	0.9124321	3.970093
2130	-121.0632	-387.5762	266.513	2.260388	0.5749399
2136	-110.9384	-377.2711	266.3327	2.440431	0.5757614
2142	-115.7896	-382.0594	266.2697	2.511881	0.5321461
2148	-112.4321	-378.6789	266.2468	2.513274	0.3992908
2154	-109.1468	-375.314	266.1672	2.602337	0.4207897
2160	-103.6916	-370.1649	266.4733	2.309684	0.4826349
2166	-105.8855	-372.2218	266.3363	2.4239	0.3995656
2172	-112.3078	-378.8237	266.5159	2.22808	0.65424
2178	-118.2852	-384.7372	266.452	2.219752	0.7750938
2184	-115.1565	-381.6918	266.5353	2.152084	0.7524522
2190	-120.2933	-386.7431	266.4498	1.901976	1.118468
2196	-120.602	-387.0053	266.4033	2.031729	1.040878
2202	-119.7847	-385.7172	265.9325	2.780076	0.334455
2208	-115.5855	-381.7061	266.1206	2.619552	0.3667113
2214	-121.364	-387.4301	266.066	2.709971	0.4409197
2220	-132.747	-398.5071	265.7601	2.946806	0.3288663
2226	-121.4225	-387.7618	266.3393	2.427168	0.5984076
2232	-115.8386	-382.1973	266.3587	2.424866	0.497518
2238	-109.1068	-375.4518	266.345	2.429871	0.4367627
2244	-119.3694	-385.7007	266.3314	2.392748	0.6927982
2250	-119.5259	-386.034	266.5081	2.152739	0.7903082
2256	-116.7068	-383.2753	266.5685	2.1082	0.7680911
2262	-103.349	-370.0793	266.7303	1.908743	0.8190234
2268	-105.9851	-372.5153	266.5302	2.202978	0.6760771
2274	-103.8139	-370.2106	266.3967	2.31347	0.7167986
2280	-113.7355	-380.2026	266.4671	2.281725	0.643766
2286	-116.8877	-383.3636	266.4758	2.287059	0.6087567
2292	-119.4481	-386.14	266.6919	2.044548	0.6696254
2298	-108.8837	-375.2984	266.4147	2.333453	0.6452892
2304	-95.278	-361.6635	266.3855	2.344865	0.6814371
2310	-106.9699	-373.3893	266.4194	2.156692	0.8947345
2316	-109.3096	-376.0277	266.7181	1.94859	0.7821912
2322	-119.8214	-386.3031	266.4817	2.010807	0.9840862
2328	-116.9724	-383.5569	266.5844	2.032635	0.8465271
2334	-118.7635	-385.154	266.3905	2.134794	0.9501612
2340	-116.5117	-383.08	266.5683	2.201603	0.5874877
2346	-110.8005	-377.1313	266.3308	2.452295	0.5165098
2352	-111.4253	-377.5381	266.1127	2.670835	0.5037848
2358	-105.6262	-372.0737	266.4474	2.333213	0.462549
2364	-112.1417	-376.9941	264.8524	3.362047	0.1369012
2370	-117.5902	-382.4302	264.84	3.248063	0.1156133
2376	-115.0148	-379.9604	264.9456	3.270225	0.1371642
2382	-115.4744	-380.7494	265.2751	3.175137	0.1944313
2388	-110.7146	-376.0448	265.3302	3.12001	0.1944313
2394	-111.3392	-376.6953	265.3561	3.038485	0.1779564
2400	-118.1678	-383.5419	265.3741	3.034169	0.1817898
2406	-126.1945	-391.5404	265.3459	3.130805	0.2031722
2412	-129.8297	-395.41	265.5803	2.996596	0.2433818
2418	-131.7241	-397.2853	265.5613	2.996596	0.2346804
2424	-123.0904	-389.6507	266.5603	1.612353	1.272523
2430	-125.0471	-391.5108	266.4637	1.865156	1.13905
2436	-116.9669	-383.4083	266.4414	1.878721	1.146777
2442	-126.3528	-391.9769	265.6241	2.280868	1.482864
2448	-127.4413	-393.15	265.7087	2.393779	1.329555
2454	-117.6032	-384.0403	266.4371	2.21828	0.7975566
2460	-117.5378	-383.8299	266.2921	2.399588	0.7460124
2466	-120.0887	-386.6291	266.5405	2.16722	0.7208632
2472	-123.1202	-389.4871	266.3669	2.297673	0.7851327
2478	-125.7312	-391.9517	266.2205	2.289463	0.9662167
2484	-120.0124	-386.5215	266.5091	2.27446	0.5015637
2490	-118.9058	-385.2721	266.3663	2.416725	0.4829726
2496	-106.8407	-373.2291	266.3885	2.389158	0.5567325
2502	-128.358	-394.0144	265.6564	3.015218	0.2991226
2508	-115.231	-380.8109	265.5799	3.069719	0.2837818
2514	-109.5003	-375.0092	265.5089	3.063069	0.241092
2520	-108.1111	-373.6388	265.5277	2.955846	0.2055509
2526	-120.1138	-385.6209	265.5071	2.997301	0.2130364
2532	-116.8606	-382.229	265.3684	3.125883	0.2093614
2538	-117.6805	-382.7293	265.0487	3.325633	0.1724867
2544	-126.5206	-392.515	265.9944	2.751787	0.3753933
2550	-129.2395	-395.6339	266.3944	2.380877	0.5674321
2556	-122.1275	-388.7119	266.5844	2.076712	0.7899151
2562	-119.1949	-385.0465	265.8516	2.808598	0.2909024
2568	-113.696	-379.3551	265.6591	2.968589	0.2701783
2574	-129.6304	-396.1109	266.4806	2.22782	0.719773
2580	-118.163	-383.7212	265.5583	2.981455	0.2269068
2586	-112.034	-377.498	265.464	3.072894	0.2257453
2592	-132.104	-398.6804	266.5764	2.13495	0.7148004
2598	-132.4582	-399.0505	266.5923	1.994182	0.8827762
2604	-109.1809	-375.1629	265.9819	2.728663	0.3324656
2610	-111.1039	-377.0893	265.9854	2.712849	0.3208551
2616	-116.7747	-383.049	266.2743	2.458148	0.6774806
2622	-118.4055	-384.9821	266.5766	2.073981	0.804016
2628	-113.3976	-379.853	266.4555	1.836805	1.17128
2634	-107.6844	-374.0759	266.3915	1.709691	1.330595
2640	-121.617	-387.2564	265.6394	1.368244	2.107243
2646	-121.4007	-387.3956	265.9949	1.370634	1.868071
2652	-125.0781	-389.0579	263.9798	0.9317905	3.393498
2658	-118.8932	-383.396	264.5028	1.293794	2.866664
2664	-121.9674	-388.2597	266.2922	1.793378	1.343021
2670	-115.004	-381.4622	266.4582	1.680078	1.30069
2676	-123.3034	-389.853	266.5496	2.056988	0.8592093
2682	-128.6203	-395.171	266.5507	1.923562	1.002484
2688	-127.0979	-393.2827	266.1848	1.785096	1.43349
2694	-110.6847	-375.2903	264.6056	1.216396	2.851253
2700	-111.3495	-374.179	262.8295	1.331809	3.829011
2706	-114.1376	-379.2579	265.1203	1.340735	2.457401
2712	-111.7294	-377.4445	265.7152	1.679834	1.84789
2718	-111.8671	-378.1338	266.2667	1.722659	1.418506
2724	-113.0989	-379.1812	266.0823	1.720829	1.558761
2730	-119.4459	-385.8304	266.3844	1.866358	1.207072
2736	-120.7474	-387.2428	266.4955	1.755334	1.207072
2742	-129.6094	-395.6636	266.0542	1.876114	1.463686
2748	-136.4486	-401.7793	265.3307	1.741452	2.064809
2754	-111.0277	-377.5391	266.5114	1.848252	1.111322
2760	-133.2184	-396.3534	263.135	1.719274	3.427068
2766	-123.6134	-388.3256	264.7122	1.729602	2.469487
2772	-109.5227	-376.0002	266.4775	1.94163	1.056101
2778	-113.8422	-380.4865	266.6443	2.037301	0.761052
2784	-120.727	-387.0435	266.3165	1.950162	1.193453
2790	-113.6489	-380.1575	266.5086	2.166078	0.7710004
2796	-112.8388	-379.2766	266.4378	2.236885	0.7710004
2802	-116.6322	-383.1419	266.5097	2.233411	0.6561473
2808	-104.459	-370.958	266.499	2.244115	0.6561473
2814	-97.07122	-363.1673	266.0961	2.67079	0.414009
2820	-91.99102	-358.3076	266.3165	2.450311	0.414009
2826	-86.44886	-352.9914	266.5425	2.234814	0.5579402
2832	-93.74054	-360.2455	266.5049	2.221646	0.6883471
2838	-93.51902	-360.0678	266.5488	2.17783	0.6883471
2844	-107.1106	-373.7383	266.6277	2.147579	0.4382265
2850	-99.01259	-365.5822	266.5696	2.190022	0.617713
2856	-105.7868	-372.2413	266.4544	2.295136	0.6420287
2862	-101.7069	-368.1132	266.4063	2.372346	0.5516331
2868	-101.0702	-367.2078	266.1376	2.613623	0.383302
2874	-109.1315	-375.5777	266.4462	2.305728	0.6366642
2880	-105.4144	-371.9603	266.5459	2.226103	0.5799633
2886	-101.6955	-368.2157	266.5202	2.25595	0.5636338
2892	-107.996	-373.3325	265.3365	3.160965	0.2104948
2898	-116.8689	-381.8051	264.9362	3.261478	0.1337936
2904	-97.96997	-364.4863	266.5163	2.249946	0.5989028
2910	-103.0064	-369.4284	266.4221	2.353146	0.5675767
2916	-112.5727	-379.0051	266.4324	2.351169	0.5050201
2922	-106.8292	-371.6816	264.8524	3.364871	0.1374329
2928	-112.3137	-377.1295	264.8159	3.468968	0.1511225
2934	-108.241	-374.7342	266.4932	2.290416	0.499568
2940	-106.2144	-372.7371	266.5227	2.188067	0.715782
2946	-109.9993	-376.4192	266.4199	2.353404	0.5753098
2952	-106.749	-371.9406	265.1916	3.207389	0.1791629
2958	-105.6964	-370.865	265.1686	3.230328	0.1791629
2964	-108.1167	-373.2631	265.1463	3.25261	0.1791629
2970	-105.7812	-371.4358	265.6546	2.93774	0.2509312
2976	-106.9745	-372.5455	265.5709	2.961247	0.2238132
2982	-109.2413	-374.7535	265.5122	3.020004	0.2238132
2988	-110.6816	-376.2757	265.594	2.965331	0.2353436
2994	-107.8119	-373.5172	265.7052	2.857054	0.2366615
3000	-111.4525	-377.0983	265.6458	2.976911	0.2672888
3006	-107.2271	-372.5116	265.2845	3.076662	0.1690595
3012	-105.229	-370.2924	265.0634	3.279945	0.1646073
3018	-117.2472	-382.5088	265.2616	3.21101	0.2017904
3024	-109.4476	-375.7417	266.2941	2.488907	0.5177019
3030	-103.3717	-368.0189	264.6472	3.413611	0.1116108
3036	-122.782	-386.4785	263.6965	3.869919	0.06160013
3042	-116.1488	-382.4313	266.2825	2.443402	0.6895753
3048	-119.2162	-385.4066	266.1904	2.539092	0.6830747
3054	-119.175	-385.5321	266.3571	2.2382	0.8726172
3060	-144.0782	-409.0233	264.9451	3.406688	0.166713
3066	-125.0275	-389.8824	264.8549	3.460906	0.1580579
3072	-122.6864	-387.7296	265.0433	3.284585	0.1608727
3078	-114.2196	-379.4824	265.2628	3.159917	0.1859974
3084	-123.1077	-389.3133	266.2057	2.512843	0.3406154
3090	-115.809	-381.0718	265.2628	3.17467	0.1904597
3096	-111.6011	-377.0831	265.4821	3.059121	0.2275259
3102	-103.9115	-369.3205	265.409	3.074588	0.2055665
3108	-124.6738	-389.9346	265.2608	3.222836	0.2055665
3114	-128.431	-394.1099	265.6789	2.963413	0.2790596
3120	-115.0389	-380.9036	265.8647	2.782782	0.2824044
3126	-124.8479	-390.8429	265.995	2.72138	0.3383341
3132	-119.5132	-385.3908	265.8776	2.834527	0.3339611
3138	-100.8838	-367.3016	266.4177	2.336958	0.6300159
3144	-100.9082	-367.4724	266.5642	2.147879	0.7136001
3150	-104.9547	-371.5137	266.559	2.037404	0.8713158
3156	-103.5041	-369.9236	266.4195	1.710698	1.30725
3162	-100.6505	-366.9869	266.3364	1.977493	1.152333
3168	-100.681	-367.0319	266.3509	1.584245	1.460006
3174	-103.5059	-370.1094	266.6035	1.908881	0.9636815
3180	-96.73684	-363.2972	266.5604	1.822258	1.090252
3186	-96.10499	-362.7557	266.6507	1.804455	1.021332
3192	-100.5499	-367.1753	266.6254	1.829748	1.021332
3198	-109.3429	-375.3421	265.9992	1.802909	1.559504
3204	-102.4042	-368.7954	266.3912	1.906129	1.166849
3210	-107.8012	-374.0624	266.2611	1.77827	1.379538
3216	-110.723	-376.5105	265.7876	1.61159	1.845049
3222	-110.8166	-376.8512	266.0347	1.489433	1.758561
3228	-108.0274	-374.1746	266.1471	1.659947	1.55583
3234	-111.6097	-377.6047	265.995	1.809901	1.557424
3240	-113.3064	-379.6279	266.3214	1.778481	1.331624
3246	-107.7464	-374.1953	266.4489	1.778481	1.226962
3252	-111.8841	-378.1849	266.3007	1.852771	1.288267
3258	-108.0316	-374.4508	266.4192	1.82366	1.213829
3264	-113.8841	-380.3783	266.4942	2.052788	0.9269907
3270	-106.8707	-373.5824	266.7117	1.820082	0.9432815
3276	-107.9824	-374.4158	266.4333	1.855789	1.174028
3282	-117.0389	-383.2383	266.1994	2.55374	0.6337684
3288	-118.2843	-384.5113	266.227	2.555439	0.4761441
3294	-117.502	-383.1378	265.6359	1.502043	2.021278
3300	-112.2959	-378.6428	266.3469	2.381835	0.6844531
3306	-111.5765	-377.9819	266.4054	2.23602	0.8159607
3312	-111.4332	-377.7937	266.3605	2.146301	0.9694456
3318	-115.4744	-381.5437	266.0693	1.960174	1.387346
3324	-110.5257	-376.6999	266.1742	1.814051	1.419312
3330	-95.94365	-361.8406	265.8969	1.557321	1.807104
3336	-95.45112	-360.2471	264.796	1.700613	2.435076
3342	-111.5836	-377.215	265.6314	1.282943	2.168136
3348	-124.4304	-388.1746	263.7442	1.086759	3.440741
3354	-101.0386	-367.6305	266.5919	2.153519	0.6512443
3360	-104.1175	-370.5614	266.4439	2.311509	0.6283342
3366	-99.75127	-366.404	266.6527	2.095189	0.6457715
3372	-110.4281	-376.9317	266.5036	2.045659	0.9244492
3378	-116.3746	-382.7491	266.3745	1.942448	1.149599
3384	-133.8693	-400.1906	266.3213	2.030349	1.118572
3390	-108.0931	-374.7407	266.6476	2.009097	0.7959053
3396	-109.8803	-376.4891	266.6088	2.047845	0.7959053
3402	-112.7328	-379.1015	266.3687	2.054427	1.052297
3408	-115.5844	-382.0242	266.4398	1.983276	1.052297
3414	-112.8512	-377.3869	264.5357	1.524848	2.705821
3420	-108.2044	-372.6321	264.4277	1.449123	2.817952
3426	-105.5871	-370.5757	264.9886	1.703722	2.311068
3432	-99.40478	-365.8023	266.3976	1.792886	1.257844
3438	-95.31584	-361.7726	266.4568	1.831087	1.175118
3444	-99.09237	-363.4059	264.3136	1.591035	2.801079
3450	-100.5933	-366.2828	265.6895	1.409757	2.046903
3456	-107.6421	-371.5768	263.9347	1.599721	3.024556
3462	-108.3512	-374.7321	266.3809	2.071326	1.024186
3468	-104.9405	-370.7232	265.7827	2.096356	1.502344
3474	-124.2364	-390.3399	266.1034	1.731052	1.53558
3480	-107.6184	-374.0373	266.4189	2.081716	0.9758488
3486	-106.3605	-372.9711	266.6106	1.831452	1.034103
3492	-114.7594	-378.8236	264.0642	1.111574	3.237936
3498	-117.0359	-378.1726	261.1368	0.9893312	4.977811
3504	-106.9308	-371.7575	264.8266	1.381928	2.614665
3510	-108.8291	-371.1548	262.3257	1.47989	4.032814
3516	-105.9356	-372.1706	266.235	1.346254	1.718488
3522	-102.8342	-368.8971	266.063	1.518244	1.718488
3528	-93.52929	-360.1769	266.6476	1.653452	1.163598
3534	-90.03831	-356.5029	266.4645	1.645573	1.323425
3540	-95.4161	-360.1616	264.7455	1.710106	2.460809
3546	-92.482	-358.0904	265.6084	1.378299	2.12098
3552	-92.37176	-354.0656	261.6938	1.367539	4.454682
3558	-86.86644	-350.0323	263.1659	1.180542	3.722336
3564	-89.89897	-354.3122	264.4133	1.019405	3.085373
3570	-97.07875	-362.6234	265.5447	1.209445	2.271528
3576	-99.40287	-364.7714	265.3686	1.311492	2.318886
3582	-98.83365	-363.1334	264.2998	1.446187	2.897288
3588	-100.4898	-366.0316	265.5418	1.721837	1.937185
3594	-106.7906	-373.1695	266.3788	1.557007	1.459487
3600	-110.0844	-375.8463	265.7619	1.88092	1.67484
3606	-109.0896	-375.3712	266.2816	1.756167	1.380801
3612	-110.7655	-374.4113	263.6458	2.136421	2.875324
3618	-108.9947	-374.9523	265.9575	2.197269	1.287201
3624	-110.7094	-375.5975	264.8881	2.197842	2.05571
3630	-98.17069	-364.795	266.6244	1.963243	0.8815204
3636	-87.07129	-353.462	266.3907	2.160905	0.9219447
3642	-100.2024	-366.5719	266.3695	2.158772	0.9470499
3648	-111.2011	-377.6407	266.4396	2.326641	0.5990021
3654	-109.9729	-376.5205	266.5476	2.198351	0.649943
3660	-103.2996	-369.7869	266.4873	1.993688	0.9957675
3666	-100.1459	-366.6657	266.5198	2.127294	0.8085354
3672	-103.1075	-369.5601	266.4526	2.185467	0.8202417
3678	-97.56304	-363.9105	266.3475	2.149314	0.9797246
3684	-109.18	-375.3426	266.1626	1.898352	1.362582
3690	-119.9851	-386.2468	266.2617	1.90517	1.277314
3696	-116.6276	-382.3705	265.743	1.637612	1.857756
3702	-113.0732	-379.3301	266.2569	1.670436	1.46596
3708	-101.1568	-367.3601	266.2033	1.728712	1.462418
3714	-108.5379	-374.7299	266.192	1.903295	1.335276
3720	-110.6874	-376.964	266.2766	2.160902	1.038566
3726	-104.3179	-370.4798	266.1619	1.963897	1.310792
3732	-129.0644	-393.7381	264.6736	1.090889	2.886068
3738	-114.85	-380.9252	266.0752	1.491448	1.728767
3744	-112.4482	-378.4308	265.9826	1.701587	1.645216
3750	-112.8024	-378.9966	266.1942	1.402539	1.707524
3756	-108.1899	-373.8031	265.6132	1.438365	2.078406
3762	-104.8941	-369.2937	264.3996	1.646989	2.714382
3768	-119.6887	-384.9635	265.2748	1.996065	1.932278
3774	-107.43	-372.944	265.514	1.540015	2.076759
3780	-104.6839	-370.4385	265.7546	1.495788	1.946099
3786	-113.5536	-379.9428	266.3892	1.794203	1.263691
3792	-103.2648	-367.3654	264.1006	1.708231	2.859241
3798	-107.6543	-373.5088	265.8545	1.657982	1.766674
3804	-114.0868	-380.1516	266.0648	1.775728	1.531077
3810	-116.5122	-382.0344	265.5222	2.208582	1.61158
3816	-119.627	-383.9128	264.2858	1.914258	2.619915
3822	-119.1959	-383.1877	263.9918	2.208257	2.619915
3828	-118.6596	-383.6012	264.9416	1.932456	2.194264
3834	-120.0204	-384.2477	264.2273	2.024511	2.587887
3840	-115.0453	-380.2152	265.1699	1.885786	2.075672
3846	-105.1444	-370.1497	265.0054	2.050329	2.075672
3852	-105.1604	-370.272	265.1116	2.0409	2.011581
3858	-112.2701	-378.0575	265.7874	2.059643	1.526233
3864	-116.6398	-382.2056	265.5658	2.521833	1.341409
3870	-122.0365	-386.9376	264.9011	1.570407	2.450828
3876	-115.8687	-382.3621	266.4933	1.54723	1.37863
3882	-100.4043	-366.2285	265.8241	2.639901	1.012636
3888	-111.0036	-376.7094	265.7058	2.388874	1.3358
3894	-106.1008	-371.7066	265.6058	2.353351	1.441744
3900	-114.48	-379.441	264.961	1.49909	2.457996
3906	-114.3576	-379.5779	265.2203	1.425026	2.340998
3912	-118.4588	-384.421	265.9621	1.384421	1.880997
3918	-130.9148	-396.3228	265.4079	1.419994	2.224079
3924	-131.8315	-396.8475	265.016	2.244965	1.938956
3930	-121.4987	-386.8244	265.3256	1.400565	2.289415
3936	-113.8721	-380.2474	266.3752	1.523978	1.487224
3942	-117.6786	-383.599	265.9204	1.558699	1.789912
3948	-119.0191	-385.0504	266.0313	1.440608	1.794899
3954	-115.9696	-381.5638	265.5943	1.319559	2.168472
3960	-122.691	-388.2258	265.5348	1.313392	2.210996
3966	-117.6048	-383.3555	265.7507	1.662706	1.835263
3972	-103.4688	-369.5051	266.0364	1.377033	1.835263
3978	-106.8079	-373.2701	266.4621	1.569697	1.38548
3984	-119.4815	-385.4383	265.9568	1.69715	1.666846
3990	-106.2436	-373.0456	266.8019	1.61586	1.057365
3996	-107.7529	-374.599	266.8461	1.750484	0.8710845
4002	-105.2654	-371.955	266.6896	1.734074	1.051792
4008	-105.9771	-372.769	266.792	1.772586	0.9076618
4014	-112.9762	-379.5501	266.5739	1.757029	1.13723
4020	-119.6535	-386.1597	266.5062	1.688435	1.254387
4026	-123.6442	-390.1688	266.5246	1.617439	1.297583
4032	-120.2583	-386.4542	266.1959	1.664562	1.516233
4038	-125.2608	-392.1517	266.891	1.668296	0.9135067
4044	-119.4863	-386.0295	266.5432	1.706607	1.207957
4050	-115.0069	-381.5308	266.5239	1.788208	1.153922
4056	-121.7495	-388.3198	266.5704	1.961282	0.9434451
4062	-116.4074	-382.3323	265.9249	2.800883	0.3487086
4068	-118.1187	-384.6515	266.5328	2.229182	0.6112457
4074	-120.1593	-386.7738	266.6144	2.081238	0.7399267
4080	-120.6564	-387.2399	266.5836	2.060877	0.8120563
4086	-122.6659	-389.1173	266.4514	1.973016	1.051033
4092	-127.809	-393.3541	265.5451	1.500941	2.081998
4098	-132.4103	-398.3017	265.8914	1.548497	1.816995
4104	-133.9148	-400.4378	266.523	2.168736	0.7459098
4110	-133.756	-399.8769	266.1209	1.540161	1.661766
4116	-125.7112	-392.2772	266.566	1.817271	1.0897
4122	-123.2973	-389.7635	266.4662	1.717833	1.263158
4128	-134.0944	-400.0431	265.9487	1.567509	1.764112
4134	-122.902	-388.1722	265.2702	1.567509	2.217773
4140	-119.7127	-386.0464	266.3338	1.84197	1.270019
4146	-122.9793	-389.4294	266.4501	1.764472	1.237753
4152	-109.6313	-375.9742	266.3429	2.42246	0.6016901
4158	-101.7955	-368.2231	266.4277	2.342973	0.4238114
4164	-97.8955	-363.8813	265.9858	2.698839	0.3092241
4170	-107.6511	-373.5208	265.8697	2.803356	0.3002401
4176	-111.8383	-377.177	265.3387	3.119516	0.197004
4182	-106.4765	-371.6602	265.1837	3.141952	0.160362
4188	-110.6979	-376.405	265.7071	2.923684	0.272002
4194	-110.6641	-376.2022	265.5381	3.011795	0.2312055
4200	-111.3942	-376.6223	265.2281	3.195725	0.1863359
4206	-100.7975	-366.3114	265.5139	3.003818	0.2180749
4212	-104.7163	-370.3332	265.6168	3.003818	0.2660981
4218	-100.8115	-366.56	265.7485	2.899478	0.2826902
4224	-112.2653	-378.0051	265.7398	2.90817	0.2826902
4230	-111.5902	-377.5933	266.0031	2.731862	0.3598275
4236	-107.3475	-373.5021	266.1546	2.618751	0.4318332
4242	-111.9014	-377.9647	266.0633	2.669487	0.3571119
4248	-115.2727	-381.4596	266.1869	2.54466	0.3556114
4254	-112.721	-378.7206	265.9995	2.7145	0.335919
4260	-118.4297	-384.1005	265.6708	2.973531	0.2803628
4266	-103.9213	-370.1599	266.2386	2.527194	0.4115752
4272	-110.4195	-376.5704	266.1509	2.619118	0.4219602
4278	-117.3196	-383.5166	266.197	2.572936	0.4219602
4284	-125.0075	-391.3512	266.3438	1.91932	1.196546
4290	-115.3303	-381.7029	266.3726	2.411043	0.5014694
4296	-109.8971	-376.5101	266.613	2.129506	0.6573922
4302	-115.3775	-381.7635	266.386	1.949248	1.133328
4308	-118.2006	-383.4015	265.2009	1.730689	2.15692
4314	-107.5519	-373.9898	266.4379	2.345501	0.4902188
4320	-106.2644	-372.488	266.2236	2.555829	0.4557448
4326	-116.5855	-383.1742	266.5886	2.194959	0.4974646
4332	-112.5489	-379.1305	266.5816	2.157759	0.663813
4338	-107.6807	-374.2327	266.552	2.10757	0.7919159
4344	-106.1533	-372.6478	266.4945	2.165158	0.7919159
4350	-102.5267	-368.9448	266.4181	2.130746	0.9249093
4356	-108.354	-374.9091	266.5551	2.17947	0.6733754
4362	-100.8437	-367.4732	266.6295	1.992177	0.8408965
4368	-102.6313	-369.1776	266.5462	2.041415	0.8814679
4374	-105.5233	-372.1432	266.6199	2.041415	0.7896665
4380	-102.7007	-369.3183	266.6176	2.075637	0.74376
4386	-104.5776	-371.3017	266.7241	1.851729	0.8949978
4392	-115.2249	-381.6756	266.4507	1.937689	1.084899
4398	-117.5358	-383.9878	266.452	2.037052	0.9876213
4404	-117.957	-384.5231	266.5661	2.007054	0.897973
4410	-120.693	-387.1697	266.4767	1.664593	1.298216
4416	-125.2628	-391.689	266.4262	1.742019	1.276239
4422	-111.5772	-377.9417	266.3645	2.416358	0.5381437
4428	-121.7573	-387.9254	266.1681	2.606551	0.4359701
4434	-120.9898	-387.6576	266.6678	1.978902	0.8090579
4440	-108.0435	-374.8307	266.7872	1.91894	0.7233646
4446	-109.7488	-376.1918	266.443	1.886917	1.138099
4452	-106.888	-373.6324	266.7444	1.947614	0.7455538
4458	-102.225	-368.9829	266.7578	1.876042	0.82564
4464	-108.4994	-375.1728	266.6735	1.813234	0.9900059
4470	-108.7312	-375.5393	266.8081	1.709781	0.957905
4476	-108.8265	-375.7174	266.8909	1.682661	0.8975573
4482	-114.4419	-381.3837	266.9418	1.802041	0.6544483
4488	-120.4802	-386.9645	266.4843	2.225187	0.7179634
4494	-106.5912	-373.1091	266.5179	2.256083	0.5725909
4500	-112.4382	-378.9435	266.5054	2.268199	0.5741474
4506	-111.4477	-378.0369	266.5892	2.172833	0.6110939
4512	-127.7817	-393.1599	265.3781	1.805524	1.990823
4518	-126.0767	-391.8149	265.7383	1.713613	1.80876
4524	-121.5916	-387.0235	265.4318	1.598586	2.092295
4530	-112.5508	-379.1903	266.6395	2.139327	0.5506487
4536	-115.6152	-382.1481	266.5328	2.235137	0.5936534
4542	-118.205	-384.555	266.3499	2.428513	0.4508095
4548	-130.079	-396.4338	266.3548	2.428513	0.4872432
4554	-145.6425	-409.7064	264.0639	1.150852	3.214885
4560	-145.1222	-411.7525	266.6303	2.082409	0.7125955
4566	-135.8154	-402.406	266.5905	2.00716	0.8697747
4572	-118.118	-379.6885	261.5705	1.014564	4.721952
4578	-113.4277	-376.3896	262.9618	0.9398253	3.977918
4584	-111.0456	-373.6555	262.6099	1.245154	4.004568
4590	-105.8605	-370.0543	264.1938	1.273367	3.064778
4596	-99.23391	-364.1104	264.8765	1.244336	2.668766
4602	-106.9887	-371.3655	264.3768	1.325413	2.923664
4608	-103.8187	-367.7447	263.926	1.251357	3.237005
4614	-104.157	-366.8411	262.6841	1.020396	4.090457
4620	-107.9112	-370.6201	262.7089	0.8819007	4.155171
4626	-107.8224	-369.8156	261.9933	1.110844	4.43058
4632	-104.8498	-371.0714	266.2216	1.829729	1.370195
4638	-105.5522	-371.8068	266.2546	1.966052	1.232657
4644	-104.2929	-370.6561	266.3632	2.204129	0.9045904
4650	-115.741	-381.8984	266.1574	2.619428	0.560478
4656	-107.234	-373.5817	266.3477	2.388883	0.6693358
4662	-111.3324	-377.8353	266.5029	2.213042	0.7071744
4668	-102.741	-369.183	266.442	2.188571	0.8297738
4674	-97.38502	-363.9401	266.5551	2.121413	0.7684223
4680	-119.2736	-385.2417	265.9681	2.678528	0.2818218
4686	-121.1663	-387.1446	265.9783	2.678528	0.288567
4692	-129.1051	-392.346	263.2409	1.004557	3.780558
4698	-124.3906	-387.2842	262.8936	1.025382	3.968002
4704	-123.2271	-388.6459	265.4188	1.886895	1.908768
4710	-118.367	-382.6551	264.288	1.740873	2.72518
4716	-109.5167	-374.4687	264.952	1.661562	2.361192
4722	-113.6349	-379.6585	266.0236	1.623521	1.671746
4728	-117.8286	-384.2365	266.4079	1.58833	1.413145
4734	-120.3023	-385.6264	265.3242	1.657416	2.124304
4740	-112.9238	-378.9754	266.0516	1.483858	1.750664
4746	-116.9404	-383.0959	266.1554	1.982873	1.30064
4752	-130.4246	-395.8448	265.4201	1.624702	2.082822
4758	-124.9275	-390.4348	265.5073	1.53756	2.082822
4764	-124.2333	-390.5083	266.2749	1.716527	1.416866
4770	-116.6806	-382.6735	265.9929	1.671667	1.659302
4776	-114.4704	-381.1229	266.6525	1.66364	1.150292
4782	-121.6684	-388.1709	266.5025	2.166641	0.7788046
4788	-120.1607	-386.6736	266.5129	2.132912	0.8102601
4794	-123.9111	-390.1434	266.2324	1.956005	1.259562
4800	-110.1308	-376.3177	266.1869	1.720746	1.48087
4806	-110.1615	-376.165	266.0036	1.676763	1.647994
4812	-104.933	-370.0247	265.0917	1.611845	2.303895
4818	-112.1598	-376.2028	264.043	1.604152	2.95687
4824	-126.244	-391.0022	264.7582	1.389886	2.651976
4830	-117.1049	-381.2795	264.1745	1.37421	3.015962
4836	-122.5	-386.0208	263.5208	1.253453	3.473875
4842	-108.8013	-372.9142	264.1129	1.28503	3.10608
4848	-110.4072	-374.4283	264.0212	1.376785	3.10608
4854	-108.3224	-373.9478	265.6254	1.470907	2.048835
4860	-103.5508	-366.5858	263.035	1.489654	3.619157
4866	-107.239	-373.322	266.083	1.468277	1.739539
4872	-101.3665	-366.454	265.0874	1.658235	2.276949
4878	-102.7335	-367.9233	265.1898	1.423879	2.361104
4884	-113.4441	-379.4386	265.9945	1.464311	1.803987
4890	-113.0086	-379.1973	266.1887	1.629582	1.547564
4896	-100.5382	-366.0223	265.4841	1.521954	2.108298
4902	-103.5233	-367.8183	264.295	1.503712	2.865334
4908	-107.8971	-372.3056	264.4085	1.268413	2.938939
4914	-122.0546	-387.1945	265.1399	1.421884	2.393944
4920	-106.245	-371.313	265.068	1.583842	2.336847
4926	-104.0174	-368.053	264.0356	1.389329	3.089989
4932	-99.88688	-365.2565	265.3696	1.437808	2.237308
4938	-101.4035	-367.3994	265.9958	1.62758	1.688623
4944	-93.05182	-358.7731	265.7213	1.482324	1.977476
4950	-101.9734	-367.9197	265.9464	1.574916	1.760546
4956	-89.401	-355.693	266.292	1.527851	1.546384
4962	-98.86886	-363.862	264.9931	1.479846	2.44992
4968	-90.69243	-356.2317	265.5393	1.385331	2.161459
4974	-97.61932	-363.9466	266.3273	1.844777	1.273052
4980	-100.0282	-366.0944	266.0662	1.705364	1.581914
4986	-106.19	-372.8354	266.6455	1.619477	1.194964
4992	-106.6188	-373.0017	266.3829	1.764985	1.292826
4998	-99.50071	-366.0245	266.5238	1.967139	0.9857466
5004	-93.50656	-359.8476	266.3411	2.319363	0.7907859
5010	-92.26529	-358.7726	266.5073	2.167217	0.7711852
5016	-100.6393	-367.2434	266.6041	2.150602	0.630055
5022	-109.8302	-376.0296	266.1995	1.68872	1.4955
5028	-105.6266	-371.3895	265.7628	1.85237	1.694465
5034	-109.9608	-376.3406	266.3798	1.761378	1.298282
5040	-106.5841	-372.9444	266.3603	1.690951	1.370242
5046	-107.9706	-374.5759	266.6053	1.911496	0.9591105
5052	-125.0465	-390.5548	265.5083	2.89199	0.1795214
5058	-120.4124	-385.4164	265.0041	3.260943	0.1469136
5064	-113.736	-379.2949	265.5589	2.91673	0.2028133
5070	-111.7522	-377.5549	265.8027	2.79539	0.2538855
5076	-113.2772	-379.3741	266.0968	2.584273	0.306406
5082	-121.8248	-388.1279	266.3031	2.479469	0.5230101
5088	-117.5104	-384.0454	266.535	2.245399	0.5411808
5094	-101.6928	-368.4047	266.7118	1.981953	0.742837
5100	-108.1164	-374.774	266.6576	1.982144	0.8181459
5106	-107.2239	-373.9007	266.6768	2.062511	0.6638503
5112	-113.8067	-380.4874	266.6806	2.080719	0.6130077
5118	-125.1788	-391.7638	266.5849	2.194497	0.5469774
5124	-108.5481	-371.979	263.4309	0.9974486	3.674972
5130	-102.6338	-366.9889	264.3551	1.353784	2.919673
5136	-102.0633	-367.1844	265.1211	1.303263	2.480416
5142	-101.9856	-367.5215	265.5359	1.224863	2.267308
5148	-100.6681	-366.2809	265.6127	1.405784	2.100107
5154	-94.06717	-360.1	266.0328	1.382835	1.833702
5160	-87.6512	-354.1929	266.5417	1.908409	1.026281
5166	-93.40613	-360.1483	266.7421	1.506823	1.20864
5172	-100.4342	-366.4146	265.9804	1.468426	1.810866
5178	-101.6265	-368.0659	266.4394	1.42392	1.514098
5184	-105.2248	-371.4619	266.2371	1.62623	1.514098
5190	-106.6456	-372.9431	266.2975	1.662422	1.441138
5196	-97.65765	-363.99	266.3324	1.536309	1.510139
5202	-101.5693	-367.3534	265.7841	2.941865	0.3488542
5208	-105.873	-371.2468	265.3739	3.195461	0.2398632
5214	-106.9743	-372.3042	265.3299	3.043244	0.172184
5220	-104.0652	-370.0798	266.0146	2.672497	0.3112719
5226	-109.3041	-375.2674	265.9633	2.757999	0.3436341
5232	-104.9194	-370.6765	265.7571	2.837289	0.2520037
5238	-103.76	-369.4741	265.7142	2.858588	0.24145
5244	-114.813	-380.5238	265.7108	2.898576	0.2598411
5250	-106.4035	-372.7647	266.3611	2.313406	0.7712052
5256	-113.415	-379.8366	266.4216	2.120911	0.9318094
5262	-115.5014	-381.9803	266.4789	2.203776	0.7594455
5268	-106.0902	-372.5499	266.4597	2.278255	0.6666324
5274	-106.4381	-372.9764	266.5383	1.82574	1.107297
5280	-117.0862	-382.7357	265.6495	1.693765	1.883268
5286	-107.9688	-374.1649	266.1961	1.828614	1.391015
5292	-128.408	-394.2536	265.8456	1.858545	1.630853
5298	-122.5788	-388.4216	265.8428	1.861332	1.630853
5304	-123.2862	-389.5818	266.2956	2.448489	0.6540201
5310	-128.0616	-394.3862	266.3246	2.458939	0.5068191
5316	-127.7907	-393.9914	266.2006	2.576472	0.5591987
5322	-127.9398	-394.2128	266.273	1.532524	1.55696
5328	-125.139	-391.4319	266.2929	1.834487	1.309472
5334	-116.1472	-382.0233	265.8761	2.800802	0.3031628
5340	-111.402	-377.2544	265.8523	2.872498	0.347587
5346	-120.7026	-386.5966	265.894	2.751071	0.2808358
5352	-113.31	-379.3246	266.0146	2.691217	0.3278016
5358	-119.3073	-385.2235	265.9162	2.801365	0.3396222
5364	-109.3685	-375.3901	266.0217	2.696721	0.3404971
5370	-109.5519	-375.5228	265.9709	2.747547	0.3404971
5376	-105.2027	-370.7433	265.5407	2.995195	0.2253187
5382	-102.5486	-368.0484	265.4998	2.913996	0.1833791
5388	-100.1872	-365.4132	265.2259	3.156827	0.1747278
5394	-110.5429	-375.7908	265.2479	3.217536	0.1993816
5400	-120.0668	-385.9175	265.8507	2.843591	0.3173362
5406	-123.9562	-389.7428	265.7866	2.918228	0.3268664
5412	-118.9637	-384.7234	265.7597	2.858744	0.2648546
5418	-125.3341	-391.1485	265.8144	2.893588	0.3299476
5424	-125.579	-391.5176	265.9386	2.809949	0.3790592
5430	-126.5797	-392.3119	265.7322	1.724777	1.805225
5436	-108.3599	-373.9124	265.5524	1.904555	1.805225
5442	-108.9389	-374.8781	265.9392	1.962649	1.485244
5448	-109.4134	-375.4426	266.0292	1.867824	1.488868
5454	-112.9748	-378.963	265.9882	1.709123	1.6358
5460	-111.6987	-377.3752	265.6765	1.72767	1.841599
5466	-116.7951	-382.4385	265.6433	1.669142	1.90416
5472	-114.264	-380.3284	266.0644	1.644572	1.627349
5478	-122.051	-387.3931	265.3421	2.09555	1.81855
5484	-130.5385	-396.0517	265.5132	2.532284	1.374768
5490	-126.8366	-393.1751	266.3385	2.243588	0.8878405
5496	-112.9265	-379.3111	266.3845	2.331283	0.7073315
5502	-111.0031	-376.9877	265.9846	1.881367	1.512189
5508	-103.3651	-369.5686	266.2035	2.075538	1.182795
5514	-102.099	-368.5664	266.4674	2.213828	0.7615881
5520	-105.007	-371.1268	266.1198	2.65107	0.4244724
5526	-115.0396	-381.1721	266.1325	2.65107	0.4940728
5532	-119.937	-386.3308	266.3938	2.383697	0.4468263
5538	-112.9462	-378.8234	265.8771	2.8064	0.308357
5544	-111.2864	-377.4707	266.1843	2.578901	0.4056752
5550	-114.4268	-380.3094	265.8826	2.789718	0.2996451
5556	-102.6228	-368.811	266.1882	2.590483	0.451878
5562	-99.09129	-365.2794	266.1882	2.590483	0.451878
5568	-105.4583	-371.814	266.3557	2.415226	0.5837198
5574	-103.8011	-370.1693	266.3682	2.415226	0.5087861
5580	-100.78	-367.0726	266.2926	2.487272	0.5445074
5586	-105.2404	-371.6839	266.4435	2.33507	0.5519258
5592	-108.9649	-375.4655	266.5006	2.210576	0.7151548
5598	-109.5178	-375.906	266.3882	2.323007	0.7151548
5604	-111.7967	-378.3284	266.5318	2.201926	0.6750336
5610	-111.2605	-377.7013	266.4408	2.328182	0.5905544
5616	-109.8437	-376.3703	266.5266	2.254949	0.4688041
5622	-113.073	-379.0151	265.9421	2.836125	0.4498911
5628	-112.5844	-379.1328	266.5484	2.229823	0.4498911
5634	-109.4124	-375.7635	266.3511	2.431646	0.5209102
5640	-106.4436	-373.041	266.5975	2.170962	0.5922447
5646	-107.8092	-374.3413	266.5321	2.143154	0.7702159
5652	-101.6024	-368.1204	266.518	2.249335	0.5956961
5658	-113.3766	-379.8726	266.496	2.178082	0.7718456
5664	-113.154	-379.872	266.718	1.813191	0.9439476
5670	-126.7188	-392.2646	265.5458	2.926136	0.2015368
5676	-128.2421	-393.9629	265.7208	2.924196	0.280759
5682	-120.9977	-384.1446	263.147	1.344002	3.638705
5688	-116.7316	-379.417	262.6854	1.146803	4.017636
5694	-122.569	-385.8555	263.2866	1.30294	3.581508
5700	-132.1501	-397.1716	265.0215	1.461317	2.443721
5706	-127.1096	-390.2749	263.1653	1.656869	3.445899
5712	-126.5055	-389.3529	262.8474	1.356731	3.804375
5718	-118.6453	-383.9131	265.2678	1.645099	2.169087
5724	-123.4608	-387.5566	264.0958	1.393285	3.051655
5730	-131.5765	-397.4945	265.9181	2.08263	1.409701
5736	-126.2016	-392.3498	266.1482	1.757014	1.482663
5742	-126.3771	-392.4129	266.0358	1.99745	1.384383
5748	-120.5871	-386.8548	266.2677	1.539854	1.555507
5754	-126.0881	-391.6783	265.5902	1.851251	1.815956
5760	-126.0738	-391.8153	265.7416	1.613181	1.875402
5766	-113.5644	-379.6897	266.1253	1.613181	1.60598
5772	-132.0581	-397.7435	265.6854	1.12184	2.237417
5778	-125.5471	-391.1482	265.6012	1.411533	2.103932
5784	-107.1216	-373.585	266.4634	1.834867	1.166058
5790	-127.6408	-393.1474	265.5066	1.465895	2.130257
5796	-125.3153	-390.9087	265.5934	1.479617	2.064253
5802	-117.0386	-382.7619	265.7233	1.349667	2.064253
5808	-118.0066	-382.6104	264.6038	1.002145	2.981617
5814	-101.0236	-367.791	266.7674	1.949102	0.7061874
5820	-106.9954	-373.5283	266.5329	2.184169	0.7052414
5826	-117.1068	-383.4942	266.3874	2.395261	0.4788077
5832	-97.49267	-363.662	266.1693	2.523989	0.3164642
5838	-103.951	-370.2225	266.2715	2.493706	0.4101603
5844	-119.699	-386.1777	266.4787	2.281004	0.617463
5850	-109.5913	-375.8472	266.2559	2.491249	0.376797
5856	-109.1136	-375.1627	266.0491	2.640555	0.3133802
5862	-113.716	-379.436	265.7201	2.930625	0.2844856
5868	-113.0595	-378.8401	265.7806	2.837196	0.2644861
5874	-107.2286	-373.2272	265.9986	2.734882	0.3579397
5880	-122.2164	-388.6845	266.4681	2.116491	0.8849359
5886	-117.1656	-383.3398	266.1742	1.662391	1.533996
5892	-98.47576	-365.107	266.6312	2.124524	0.6275275
5898	-91.33816	-357.95	266.6118	2.143908	0.6275275
5904	-97.48219	-364.0519	266.5697	2.147072	0.7057447
5910	-104.182	-370.1141	265.9321	1.345956	1.927435
5916	-109.8725	-374.8195	264.947	1.310859	2.584127
5922	-119.2871	-384.0021	264.7151	1.917465	2.349132
5928	-113.9413	-377.7242	263.7829	1.544527	3.148051
5934	-111.8774	-375.8284	263.951	1.376381	3.148051
5940	-107.1183	-373.5454	266.427	2.283784	0.7157561
5946	-100.2752	-366.8631	266.5879	2.104593	0.7448462
5952	-98.16965	-364.701	266.5313	2.192732	0.6929677
5958	-93.75586	-360.3153	266.5595	2.212133	0.5814976
5964	-98.25293	-364.7031	266.4502	2.333407	0.4984217
5970	-101.6779	-368.0356	266.3577	2.397519	0.3901485
5976	-109.9758	-376.5445	266.5687	2.163207	0.678415
5982	-107.977	-374.3399	266.363	2.412386	0.567042
5988	-111.5101	-378.0742	266.5641	2.218776	0.4807445
5994	-128.7334	-395.3495	266.6162	1.920231	0.9383731
6000	-119.8545	-386.3751	266.5206	1.803327	1.143437
6006	-123.076	-389.1624	266.0864	1.915807	1.408541
6012	-119.1392	-385.5797	266.4405	1.756564	1.252376
6018	-128.0666	-394.3007	266.2341	1.873951	1.325089
6024	-127.0225	-393.3679	266.3454	2.421391	0.5974583
6030	-120.618	-387.0416	266.4236	2.345007	0.5915942
6036	-124.0743	-390.471	266.3967	2.371893	0.5915942
6042	-113.4071	-379.7627	266.3556	2.427951	0.5044121
6048	-128.1465	-394.4198	266.2732	2.508621	0.5299947
6054	-127.2885	-393.711	266.4225	2.359356	0.5299947
6060	-113.5957	-379.7978	266.2021	2.539811	0.3691751
6066	-122.3689	-388.5539	266.185	2.584901	0.4218043
6072	-121.5644	-387.8758	266.3114	2.472201	0.4992667
6078	-114.6572	-380.8767	266.2196	2.519317	0.3649862
6084	-119.0937	-385.0606	265.9669	2.734294	0.3235177
6090	-117.6023	-383.4919	265.8895	2.763109	0.2857761
6096	-112.9946	-378.7823	265.7877	2.864948	0.2857761
6102	-115.015	-380.9496	265.9346	2.76847	0.3252168
6108	-119.6571	-385.3814	265.7242	2.92204	0.2815937
6114	-116.8474	-382.5178	265.6705	2.937213	0.2589182
6120	-113.2204	-378.5241	265.3037	3.026111	0.1613348
6126	-118.7942	-384.0233	265.2291	3.183458	0.1830255
6132	-102.2277	-367.4314	265.2037	3.12402	0.1608387
6138	-105.9751	-370.9588	264.9836	3.308281	0.1526642
6144	-107.1572	-373.1673	266.0101	2.700492	0.3324712
6150	-106.2568	-372.3642	266.1074	2.612381	0.3419643
6156	-103.9933	-370.429	266.4357	2.339929	0.5658265
6162	-119.1687	-385.5338	266.365	2.418556	0.5000992
6168	-112.3555	-378.4584	266.1029	2.675124	0.449077
6174	-119.1777	-385.2332	266.0555	2.693461	0.3797396
6180	-117.0794	-383.3124	266.2329	2.51609	0.3797396
6186	-122.4946	-388.817	266.3224	2.460962	0.4889206
6192	-124.632	-390.5351	265.9031	2.780924	0.3087803
6198	-118.2997	-384.2154	265.9157	2.727112	0.2794047
6204	-115.6396	-381.6018	265.9622	2.766177	0.3517007
6210	-113.218	-379.5846	266.3666	2.416291	0.4816674
6216	-116.8053	-383.2689	266.4636	2.302534	0.5992298
6222	-112.3406	-378.8623	266.5217	2.192752	0.7096373
6228	-130.7744	-397.3422	266.5678	2.11052	0.7657186
6234	-118.6898	-385.0407	266.3509	2.348753	0.7337843
6240	-109.2915	-375.6758	266.3843	1.914314	1.165735
6246	-115.805	-382.1633	266.3583	1.927299	1.177135
6252	-121.6457	-387.9984	266.3527	1.940887	1.170115
6258	-116.0154	-382.4026	266.3873	2.122305	0.9666146
6264	-108.9461	-375.5242	266.5781	2.042524	0.8421783
6270	-106.2359	-372.6217	266.3858	2.297155	0.759061
6276	-111.3056	-377.674	266.3684	2.364939	0.6757378
6282	-104.6334	-370.716	266.0826	2.645287	0.3511438
6288	-112.11	-377.9975	265.8875	2.845302	0.357036
6294	-107.8223	-374.2724	266.4501	1.934389	1.088593
6300	-112.3419	-378.7271	266.3852	1.684816	1.355383
6306	-102.8003	-369.172	266.3717	1.657399	1.387626
6312	-105.2323	-371.0225	265.7902	1.669521	1.803327
6318	-107.9016	-373.2876	265.3861	1.432536	2.230086
6324	-116.6745	-382.2096	265.5351	1.784987	1.898991
6330	-110.4826	-375.1267	264.6441	1.652999	2.55979
6336	-106.023	-372.0143	265.9913	1.630278	1.68991
6342	-101.4719	-367.7594	266.2876	1.725459	1.400155
6348	-109.1676	-375.6038	266.4362	1.850191	1.176393
6354	-112.495	-378.9707	266.4757	1.81069	1.176393
6360	-113.1646	-377.6665	264.5019	1.283598	2.873341
6366	-98.10235	-363.8286	265.7263	1.328978	2.075963
6372	-102.7895	-369.168	266.3785	1.731269	1.323704
6378	-106.8351	-373.3151	266.4799	1.925442	1.069075
6384	-86.08547	-352.7478	266.6623	1.735033	1.076617
6390	-90.32192	-356.8373	266.5154	1.958667	1.002685
6396	-103.745	-370.1771	266.432	2.349176	0.5352655
6402	-104.3124	-370.6857	266.3733	2.387049	0.6157101
6408	-103.0231	-369.5622	266.5391	2.046401	0.8839171
6414	-106.1754	-372.6947	266.5193	2.108701	0.833059
6420	-96.06019	-362.5051	266.445	2.30416	0.6430518
6426	-94.9137	-361.2308	266.3171	2.465797	0.4811914
6432	-91.87712	-358.4179	266.5408	2.240863	0.5318257
6438	-92.85508	-359.4036	266.5485	2.234724	0.5134671
6444	-103.8254	-370.1311	266.3057	1.65172	1.443044
6450	-100.4494	-366.5555	266.106	2.630167	0.3614497
6456	-101.0343	-367.4996	266.4653	2.29363	0.6195569
6462	-105.8378	-372.0316	266.1937	2.589863	0.5004017
6468	-113.1028	-379.4727	266.3699	2.408551	0.5525099
6474	-110.4034	-376.6471	266.2438	2.53202	0.4400743
6480	-113.7373	-380.0939	266.3567	2.426759	0.5091876
6486	-101.0417	-367.355	266.3133	2.454349	0.5945453
6492	-109.7324	-376.0674	266.3349	2.195211	0.9450188
6498	-101.3298	-367.8635	266.5337	1.923765	1.019134
6504	-102.234	-368.4066	266.1727	2.025946	1.251065
6510	-102.99	-369.1697	266.1798	1.801043	1.42509
6516	-96.41194	-362.5652	266.1533	1.996769	1.291103
6522	-110.9175	-377.1492	266.2317	2.516881	0.6442239
6528	-104.6269	-370.9717	266.3448	2.421462	0.598864
6534	-114.365	-380.6599	266.2949	2.480742	0.4394832
6540	-129.2862	-395.3504	266.0642	2.653101	0.3393104
6546	-122.7647	-388.97	266.2053	2.570057	0.4386518
6552	-123.8665	-390.2316	266.3652	2.352488	0.7041673
6558	-120.6455	-387.0072	266.3617	2.368883	0.6808507
6564	-101.8669	-368.12	266.2531	2.430587	0.7580202
6570	-106.5752	-373.0351	266.4599	2.308449	0.5925004
6576	-113.1125	-379.4931	266.3805	2.397839	0.5530321
6582	-103.306	-369.6403	266.3343	2.445051	0.54753
6588	-111.3246	-377.5868	266.2621	2.519683	0.4708247
6594	-104.5066	-370.7059	266.1993	2.57831	0.4472316
6600	-115.7708	-381.9193	266.1485	2.628508	0.4448811
6606	-117.1985	-383.8318	266.6332	2.06362	0.7381469
6612	-117.8739	-384.1585	266.2846	2.394796	0.7642969
6618	-116.2112	-382.5044	266.2931	2.263263	0.9166671
6624	-118.0167	-384.2725	266.2559	2.003659	1.199596
6630	-103.9022	-370.0103	266.108	2.104422	1.239496
6636	-113.0164	-379.2424	266.226	1.876985	1.329124
6642	-112.6272	-378.7323	266.105	1.946819	1.369755
6648	-111.5486	-377.7845	266.2359	1.817321	1.368662
6654	-117.6016	-382.7261	265.1246	1.315966	2.47027
6660	-122.277	-388.359	266.082	1.906443	1.419178
6666	-118.2003	-384.463	266.2627	2.001992	1.195151
6672	-114.707	-380.8035	266.0965	2.142626	1.216985
6678	-118.0709	-384.285	266.2141	1.879536	1.336611
6684	-125.9538	-392.1645	266.2107	2.418339	0.8317562
6690	-118.5827	-385.1008	266.5181	2.243568	0.6121153
6696	-116.4161	-382.9272	266.5111	2.17027	0.7613736
6702	-122.6269	-388.4664	265.8395	1.776808	1.693654
6708	-120.1999	-385.792	265.5921	1.440365	2.090968
6714	-111.7657	-377.9279	266.1622	1.444377	1.700574
6720	-115.8903	-380.3889	264.4986	1.497785	2.745067
6726	-130.6118	-394.9373	264.3256	1.29197	2.974673
6732	-116.9773	-382.6846	265.7073	1.514588	1.965249
6738	-115.6713	-381.4971	265.8258	1.88047	1.629326
6744	-119.6188	-385.9626	266.3438	1.859629	1.247057
6750	-118.4891	-384.5785	266.0894	1.799517	1.494944
6756	-109.4359	-375.7728	266.3369	1.693226	1.386814
6762	-114.9974	-381.3905	266.3931	1.716268	1.324002
6768	-114.4682	-380.4826	266.0143	1.715436	1.612346
6774	-117.6479	-383.9232	266.2753	1.664997	1.456099
6780	-116.9422	-383.1136	266.1714	1.675217	1.526552
6786	-103.3662	-369.2184	265.8522	1.616524	1.797097
6792	-110.1359	-375.944	265.8081	1.607579	1.833713
6798	-99.76432	-366.0684	266.3041	1.571317	1.505071
6804	-104.2143	-370.8111	266.5968	1.770782	1.104139
6810	-104.0202	-370.4092	266.389	1.858158	1.210166
6816	-101.6943	-368.3785	266.6842	1.562988	1.210166
6822	-109.9495	-376.756	266.8065	1.799397	0.8600856
6828	-110.1021	-376.5727	266.4707	1.749055	1.233393
6834	-120.2758	-386.8325	266.5567	2.068944	0.8359467
6840	-120.529	-386.8874	266.3584	1.806799	1.278716
6846	-113.9755	-380.1172	266.1417	1.715938	1.51838
6852	-127.2111	-393.0356	265.8245	1.424133	1.947268
6858	-128.4081	-393.3813	264.9731	1.177269	2.650558
6864	-120.1893	-384.2507	264.0613	1.539682	2.984601
6870	-117.3071	-383.4973	266.1901	1.918712	1.324458
6876	-119.9767	-385.1181	265.1414	2.135476	1.92822
6882	-117.7132	-383.7768	266.0636	1.782411	1.527039
6888	-118.8693	-385.0671	266.1978	2.006105	1.246654
6894	-122.8271	-388.4128	265.5857	2.373881	1.441355
6900	-118.4433	-384.7728	266.3296	2.051301	1.091897
6906	-116.3043	-382.7204	266.4161	1.93508	1.118971
6912	-125.8685	-392.1499	266.2814	2.025596	1.15835
6918	-121.4666	-387.9746	266.508	2.015112	0.9524893
6924	-125.163	-391.3357	266.1726	1.83274	1.406092
6930	-129.7837	-395.6726	265.8888	1.880374	1.583621
6936	-131.5427	-397.8162	266.2734	2.039686	1.153001
6942	-129.7195	-396.0818	266.3623	2.23025	0.875785
6948	-127.8216	-394.3417	266.5201	2.072435	0.875785
6954	-128.5643	-394.8266	266.2623	2.084705	1.122802
6960	-118.5627	-384.8889	266.3263	2.020709	1.122802
6966	-113.0179	-379.3909	266.373	2.13234	0.9709525
6972	-121.1618	-387.5675	266.4056	2.341292	0.6478988
6978	-130.1692	-396.6934	266.5241	2.062736	0.882357
6984	-121.7967	-387.1375	265.3408	2.058898	1.844669
6990	-127.6128	-393.564	265.9511	2.111365	1.361358
6996	-123.3241	-389.4827	266.1586	2.05328	1.239984
7002	-120.5359	-386.9852	266.4493	1.884495	1.134614
7008	-127.291	-393.5443	266.2532	1.90008	1.288435
7014	-127.9305	-394.2554	266.3249	1.933221	1.200817
7020	-116.0569	-382.0559	265.999	1.639203	1.678106
7026	-114.8961	-380.9026	266.0065	1.667845	1.652282
7032	-114.3117	-380.4133	266.1016	1.73119	1.536869
7038	-121.3244	-387.5821	266.2577	1.870721	1.308681
7044	-112.3933	-378.0868	265.6936	2.145936	1.531861
7050	-101.4964	-366.5559	265.0596	1.988642	2.080583
7056	-101.8551	-366.7595	264.9044	1.941121	2.212742
7062	-113.5873	-378.4206	264.8333	1.693232	2.416231
7068	-103.6115	-368.5864	264.9749	1.892494	2.198607
7074	-88.80343	-354.0192	265.2157	2.060607	1.928594
7080	-100.4353	-366.282	265.8467	1.649504	1.778041
7086	-101.8194	-366.9423	265.1229	1.818172	2.150719
7092	-105.8046	-369.9738	264.1692	1.432031	2.984461
7098	-98.14988	-361.688	263.5382	1.360828	3.40089
7104	-112.8183	-377.1307	264.3124	1.486009	2.865544
7110	-97.48533	-362.1421	264.6568	1.355296	2.735504
7116	-97.82033	-362.0451	264.2247	1.375644	2.984975
7122	-97.34446	-361.6738	264.3293	1.575859	2.800712
7128	-94.50633	-359.1108	264.6044	1.470629	2.696882
7134	-94.42903	-358.8792	264.4501	1.635504	2.690393
7140	-105	-369.7923	264.7923	1.624477	2.485142
7146	-107.9791	-372.2529	264.2738	1.531636	2.861274
7152	-100.3933	-365.8332	265.4399	1.711107	2.012573
7158	-109.9691	-376.0748	266.1057	1.763658	1.509657
7164	-130.2627	-396.088	265.8253	1.613077	1.818051
7170	-111.0415	-377.0104	265.9689	1.734422	1.631455
7176	-115.5755	-378.3673	262.7918	1.76773	3.598917
7182	-111.2114	-376.0716	264.8602	1.717903	2.383611
7188	-110.4274	-375.821	265.3937	1.832638	1.96228
7194	-115.1647	-379.6523	264.4876	1.741103	2.602189
7200	-110.8522	-376.5444	265.6922	1.830229	1.759731
7206	-120.1088	-383.5818	263.4729	1.590633	3.304185
7212	-117.6201	-380.5683	262.9483	1.638817	3.582918
7218	-121.4107	-385.5735	264.1627	1.711277	2.819678
7224	-114.6303	-379.3063	264.676	1.587022	2.580938
7230	-112.7635	-377.3733	264.6098	1.653212	2.580938
7236	-110.2684	-375.174	264.9056	1.782099	2.314045
7242	-110.5443	-374.5323	263.988	1.824033	2.85729
7248	-116.3994	-382.2969	265.8976	1.964733	1.514904
7254	-118.5071	-383.9028	265.3956	2.16153	1.735403
7260	-119.7402	-384.1485	264.4084	1.855588	2.58036
7266	-123.451	-388.6578	265.2069	2.036566	1.950771
7272	-118.8994	-384.962	266.0626	2.036566	1.332207
7278	-120.0882	-386.7001	266.6118	2.139528	0.6378896
7284	-123.4534	-388.8372	265.3838	2.551491	1.459939
7290	-116.5953	-382.2844	265.6891	2.483592	1.272528
7296	-115.7693	-381.2377	265.4684	2.217571	1.643943
7302	-120.8411	-386.6733	265.8322	1.586846	1.831397
7308	-118.2479	-383.4676	265.2197	1.919336	2.020542
7314	-110.0789	-376.1529	266.074	1.877621	1.447463
7320	-113.2378	-379.7797	266.5419	2.026625	0.903158
7326	-117.2777	-383.8463	266.5686	1.796446	1.106386
7332	-109.8891	-376.0513	266.1622	1.853043	1.398424
7338	-114.6765	-380.9386	266.262	1.844108	1.326622
7344	-109.3414	-375.8921	266.5507	2.078523	0.8314868
7350	-113.3045	-379.8205	266.516	2.237389	0.6332177
7356	-119.1765	-385.6568	266.4803	2.298942	0.5482445
7362	-106.0733	-372.5429	266.4696	2.239737	0.7182363
7368	-100.0822	-366.7506	266.6683	2.050063	0.7029362
7374	-97.11953	-363.5267	266.4072	2.374305	0.5330547
7380	-118.0581	-384.4076	266.3495	2.401553	0.6385558
7386	-114.6289	-380.5604	265.9315	2.595685	0.9481567
7392	-115.4088	-381.7577	266.3489	2.420791	0.5879594
7398	-99.65417	-366.2553	266.6011	2.125184	0.688817
7404	-104.8653	-369.4285	264.5633	1.866567	2.476962
7410	-99.77104	-366.5049	266.7339	1.808977	0.9314063
7416	-101.9079	-368.6854	266.7775	1.841238	0.8444975
7422	-104.1108	-370.7135	266.6027	1.871288	1.002751
7428	-109.9045	-375.4984	265.5939	1.49383	2.054535
7434	-117.3768	-381.9515	264.5747	1.472332	2.714057
7440	-115.7979	-378.7063	262.9084	1.346694	3.775026
7446	-116.3089	-379.9942	263.6853	1.306253	3.346537
7452	-107.7364	-372.7845	265.0481	1.367326	2.485992
7458	-104.8019	-369.4814	264.6794	1.591908	2.575768
7464	-111.2944	-374.3879	263.0935	1.232667	3.734037
7470	-120.2034	-379.7086	259.5052	1.013221	5.86356
7476	-113.8726	-376.518	262.6455	0.970536	4.140816
7482	-114.7695	-374.643	259.8735	0.9746667	5.683055
7488	-116.3097	-378.5621	262.2523	1.096453	4.292415
7494	-127.4143	-393.8716	266.4573	2.27699	0.6739138
7500	-125.4084	-389.0827	263.6743	1.094899	3.476824
7506	-115.7473	-377.5192	261.7719	1.035371	4.597507
7512	-113.4252	-379.9234	266.4982	2.275634	0.5730951
7518	-122.355	-388.8046	266.4496	2.332664	0.474619
7524	-118.1078	-384.2796	266.1718	2.611827	0.501718
7530	-117.6117	-384.0235	266.4118	2.092876	0.9716755
7536	-96.934	-363.5031	266.5691	1.965355	0.9404677
7542	-97.16693	-363.7045	266.5376	2.127996	0.7837397
7548	-104.0712	-370.624	266.5529	1.969185	0.9535612
7554	-108.6552	-374.8028	266.1475	2.001854	1.291632
7560	-111.3134	-377.8045	266.4911	2.175299	0.782646
7566	-117.6318	-384.1076	266.4758	2.285615	0.6129044
7572	-107.3138	-373.7767	266.4629	2.03368	0.9799708
7578	-107.3891	-373.8829	266.4939	1.769178	1.196597
7584	-99.4572	-365.9385	266.4813	2.161657	0.8140527
7590	-102.0944	-368.5477	266.4532	1.903657	1.113835
7596	-112.7709	-379.5526	266.7816	1.910288	0.7456879
7602	-131.984	-398.4294	266.4454	2.053994	0.9770988
7608	-109.8421	-376.3368	266.4947	1.841612	1.132367
7614	-109.6247	-376.0963	266.4716	1.599807	1.354296
7620	-113.1202	-379.0557	265.9356	1.775042	1.626195
7626	-111.4016	-377.0844	265.6828	1.945873	1.68487
7632	-96.39916	-362.4375	266.0383	1.665197	1.631324
7638	-107.3283	-373.8544	266.526	1.814412	1.12868
7644	-104.7601	-371.0641	266.304	1.765644	1.355753
7650	-108.9678	-375.0358	266.068	1.768647	1.53398
7656	-102.4461	-368.7173	266.2712	1.71609	1.420102
7662	-111.64	-377.2694	265.6294	1.746684	1.860829
7668	-119.957	-384.3797	264.4227	1.358481	2.875956
7674	-116.4484	-382.8078	266.3593	1.824796	1.263087
7680	-119.9044	-385.3971	265.4926	1.572454	2.069477
7686	-114.87	-380.5428	265.6728	1.846079	1.762221
7692	-102.8698	-369.0798	266.2099	2.076249	1.176585
7698	-96.02225	-361.9363	265.914	1.786329	1.633585
7704	-100.7475	-365.0717	264.3242	1.370805	2.928054
7710	-96.85964	-362.2589	265.3993	1.458489	2.204822
7716	-94.05148	-360.2525	266.2011	1.839812	1.378399
7722	-92.36842	-358.9083	266.5399	1.709991	1.207848
7728	-93.89915	-360.4259	266.5267	1.935936	1.013981
7734	-93.95256	-360.1303	266.1777	2.09324	1.189789
7740	-106.3367	-372.3743	266.0376	1.857164	1.490546
7746	-110.2922	-376.6705	266.3783	2.036333	1.060388
7752	-116.5293	-382.7319	266.2026	2.010924	1.23864
7758	-118.2555	-384.2598	266.0043	2.101838	1.326601
7764	-106.7242	-373.1461	266.4219	2.171853	0.8744059
7770	-93.26555	-359.663	266.3974	2.210215	0.8579365
7776	-102.078	-368.5794	266.5014	2.244532	0.6499673
7782	-95.16183	-361.5551	266.3933	2.155771	0.9246698
7788	-86.04459	-351.9432	265.8986	1.671963	1.725983
7794	-104.396	-370.7838	266.3878	1.658797	1.373906
7800	-120.062	-385.7643	265.7023	1.889227	1.71118
7806	-112.0685	-376.973	264.9045	1.633583	2.408919
7812	-127.4972	-393.3605	265.8633	2.802445	0.2948329
7818	-123.1686	-389.2092	266.0406	2.666048	0.328623
7824	-113.9735	-378.7924	264.8189	1.791874	2.362937
7830	-127.5317	-391.5751	264.0434	2.032561	2.696318
7836	-129.7344	-394.8144	265.0801	2.135792	1.969281
7842	-117.947	-384.3521	266.4051	2.378476	0.5038194
7848	-114.6099	-380.9947	266.3848	2.398795	0.497065
7854	-110.552	-376.6824	266.1304	2.629342	0.3985742
7860	-103.0908	-369.1194	266.0286	2.657955	0.3108336
7866	-100.8937	-366.9237	266.03	2.652529	0.3075882
7872	-106.664	-372.6162	265.9522	1.91179	1.513642
7878	-116.9575	-383.4169	266.4594	1.743471	1.247543
7884	-101.6751	-367.622	265.9469	2.723727	0.2983984
7890	-96.80725	-362.7999	265.9926	2.68524	0.3038966
7896	-96.23456	-362.16	265.9254	2.720387	0.2813085
7902	-105.8873	-371.7663	265.879	2.759318	0.2765683
7908	-114.997	-380.9029	265.9059	2.764863	0.2985178
7914	-134.7762	-400.8683	266.0921	2.607741	0.3222789
7920	-92.75967	-357.3194	264.5597	1.751731	2.550866
7926	-102.0352	-366.0758	264.0405	1.428202	3.063852
7932	-100.2254	-365.5778	265.3525	1.58179	2.155188
7938	-100.6755	-365.3656	264.6901	1.667839	2.521916
7944	-95.04468	-359.6211	264.5764	1.676454	2.587227
7950	-101.5211	-363.5116	261.9905	2.480012	3.650567
7956	-101.947	-366.9795	265.0325	1.597157	2.350942
7962	-108.9734	-374.5193	265.5459	2.086441	1.682268
7968	-99.20118	-365.0727	265.8715	1.598141	1.796445
7974	-100.4406	-366.5261	266.0855	1.467191	1.73856
7980	-88.18178	-354.792	266.6102	1.784084	1.079445
7986	-92.66269	-357.7283	265.0656	1.655988	2.292371
7992	-95.58182	-361.9457	266.3639	1.652749	1.39734
7998	-97.64936	-364.0328	266.3835	2.043754	1.048367
8004	-109.1904	-375.3815	266.1911	2.103518	1.169198
8010	-111.0957	-376.9026	265.8069	2.876803	0.3084984
8016	-112.8993	-378.6759	265.7766	2.876803	0.2862729
8022	-110.5633	-376.4076	265.8444	2.800116	0.2804486
8028	-114.8849	-380.5462	265.6612	2.913743	0.242491
8034	-115.7319	-381.8845	266.1526	2.604145	0.3929706
8040	-111.3152	-377.8644	266.5492	1.940943	0.9864696
8046	-107.7832	-374.2791	266.4959	2.230324	0.6890274
8052	-111.753	-377.7808	266.0279	2.676787	0.3267197
8058	-113.8278	-379.7502	265.9224	2.773643	0.3188376
8064	-101.1731	-367.4917	266.3186	2.45237	0.4246066
8070	-105.7726	-372.4506	266.678	2.0857	0.6063863
8076	-105.6302	-372.0883	266.4581	2.228694	0.7533413
8082	-115.3736	-381.9163	266.5427	2.144116	0.7533413
8088	-121.4526	-387.631	266.1785	2.598537	0.5596605
8094	-117.724	-383.974	266.2501	2.527556	0.5567305
8100	-113.5746	-379.6895	266.1149	2.652615	0.4154999
8106	-111.0282	-377.4677	266.4395	2.319207	0.6200237
8112	-107.9639	-374.4813	266.5174	2.045547	0.9094504
8118	-103.2506	-369.8026	266.552	2.010953	0.9094504
8124	-107.0453	-372.8974	265.8521	1.665628	1.763025
8130	-107.1183	-372.1123	264.994	1.439097	2.474943
8136	-108.5515	-371.4988	262.9473	1.155252	3.862819
8142	-117.9642	-381.3669	263.4028	1.065111	3.652086
8148	-116.6315	-380.1033	263.4718	1.285521	3.483754
8154	-111.5971	-376.788	265.1909	1.444743	2.347164
8160	-98.65888	-364.1605	265.5016	1.58894	2.05265
8166	-95.15369	-361.4867	266.3331	1.840281	1.271995
8172	-99.29426	-365.8108	266.5166	2.201103	0.7041654
8178	-106.2581	-372.8384	266.5803	2.137813	0.7034118
8184	-104.7825	-371.3712	266.5888	1.898202	0.9897178
8190	-101.1215	-367.2251	266.1036	1.870963	1.429882
8196	-103.9591	-370.1627	266.2037	1.617391	1.545526
8202	-107.5293	-368.3737	260.8445	2.021813	4.564376
8208	-108.8383	-372.3062	263.4679	2.412227	2.815977
8214	-130.5214	-396.0615	265.5401	2.027822	1.727827
8220	-126.0829	-389.7479	263.665	2.848103	2.424685
8226	-114.3605	-379.0579	264.6974	2.893431	1.711682
8232	-107.8479	-372.1173	264.2693	3.176694	1.812794
8238	-105.8363	-369.9651	264.1288	2.679818	2.236513
8244	-105.3072	-370.2447	264.9376	2.086459	2.096486
8250	-109.8547	-374.459	264.6042	1.684469	2.565004
8256	-112.7009	-376.922	264.2212	1.884722	2.677949
8262	-110.6446	-376.9994	266.3549	1.412859	1.584703
8268	-108.902	-374.0963	265.1943	1.387226	2.381466
8274	-107.7646	-372.6956	264.931	1.46799	2.496264
8280	-118.3027	-374.9779	256.6752	0.6878359	7.568858
8286	-105.0394	-364.3652	259.3258	0.795973	6.079972
8292	-107.7823	-368.784	261.0017	0.8777548	5.114687
8298	-100.8453	-365.5378	264.6926	1.00303	2.927682
8304	-110.3362	-375.6331	265.2969	1.216374	2.424572
8310	-109.9284	-371.2349	261.3065	1.393796	4.657442
8316	-103.8138	-368.7563	264.9425	1.803909	2.276492
8322	-95.10902	-360.8338	265.7248	2.078905	1.558342
8328	-96.96443	-363.0982	266.1338	1.667683	1.55996
8334	-111.586	-377.7066	266.1207	1.515764	1.679348
8340	-105.2084	-371.4398	266.2315	1.732547	1.437998
8346	-112.7256	-379.2993	266.5737	1.756823	1.137523
8352	-111.8446	-375.0087	263.164	1.465055	3.558505
8358	-110.2027	-374.2362	264.0335	1.472708	3.04144
8364	-119.7475	-386.0296	266.2821	1.67101	1.446308
8370	-118.6685	-385.3256	266.6571	1.96605	0.8390553
8376	-113.8329	-380.1446	266.3117	2.311462	0.8390553
8382	-106.1836	-372.492	266.3084	2.270367	0.8916405
8388	-108.0467	-374.2611	266.2144	2.011855	1.227892
8394	-114.5103	-380.5853	266.075	1.824527	1.486963
8400	-113.6379	-380.1464	266.5086	1.613333	1.313942
8406	-113.0124	-379.0695	266.0571	1.550622	1.699728
8412	-113.7031	-379.8621	266.159	1.9102	1.35609
8418	-111.9733	-377.5202	265.5469	1.714514	1.938668
8424	-114.8131	-380.171	265.3579	1.452762	2.23518
8430	-113.8031	-376.818	263.0149	1.066707	3.8748
8436	-113.9186	-376.1971	262.2786	1.056375	4.300227
8442	-114.0465	-376.6283	262.5818	1.065502	4.123024
8448	-115.0395	-378.202	263.1625	1.287132	3.662624
8454	-120.1314	-382.6614	262.53	1.214398	4.067704
8460	-129.6891	-395.7742	266.0851	1.681221	1.585742
8466	-130.0536	-396.7762	266.7226	1.696617	1.056012
8472	-127.8422	-390.3551	262.5129	1.122413	4.129824
8478	-124.1577	-386.1543	261.9966	1.447353	4.238512
8484	-115.1997	-380.0432	264.8435	1.406114	2.589242
8490	-117.159	-382.5175	265.3585	1.429082	2.250044
8496	-117.8823	-383.2623	265.38	1.407597	2.250044
8502	-112.2618	-377.3317	265.0699	1.438966	2.427338
8508	-114.1525	-380.0518	265.8993	1.701871	1.704421
8514	-117.2747	-382.7172	265.4426	1.671062	2.037387
8520	-124.938	-391.4984	266.5604	1.975025	0.9393977
8526	-114.541	-380.9708	266.4297	2.013517	1.032967
8532	-123.7052	-389.6057	265.9006	1.796487	1.635962
8538	-120.5842	-387.2943	266.7101	1.728967	1.037012
8544	-112.5271	-378.9875	266.4603	2.13836	0.8685784
8550	-114.4414	-380.832	266.3906	2.21407	0.8615132
8556	-123.3287	-389.6595	266.3308	2.048101	1.093697
8562	-122.2502	-388.6185	266.3684	2.415244	0.4988681
8568	-124.3146	-390.7243	266.4096	2.373933	0.4964062
8574	-115.9579	-382.0575	266.0996	2.65831	0.3951013
8580	-118.2518	-384.437	266.1851	2.572794	0.3951013
8586	-116.5938	-383.0332	266.4394	2.343943	0.4885585
8592	-101.6034	-367.614	266.0106	2.685794	0.3192015
8598	-114.8688	-380.5806	265.7118	2.886118	0.2537702
8604	-117.0343	-382.8939	265.8596	2.767923	0.2700387
8610	-114.4613	-380.4887	266.0273	2.66975	0.3197978
8616	-117.5848	-383.2763	265.6914	2.889405	0.2452903
8622	-115.8545	-381.6313	265.7768	2.752679	0.2227306
8628	-115.4747	-381.1075	265.6328	2.910268	0.2283099
8634	-109.5691	-375.3723	265.8032	2.814174	0.2642263
8640	-113.8543	-379.4257	265.5715	2.979962	0.2318776
8646	-113.1789	-378.9312	265.7523	2.811523	0.2373634
8652	-114.3013	-380.6642	266.3629	2.420303	0.4856301
8658	-115.8108	-382.2528	266.442	2.341171	0.4856301
8664	-110.4054	-376.9002	266.4948	2.260991	0.6272698
8670	-102.8598	-369.5089	266.6491	2.114294	0.6073455
8676	-109.4262	-375.9775	266.5513	2.231948	0.5137788
8682	-102.7836	-369.4094	266.6258	2.048416	0.7716349
8688	-101.1787	-367.9079	266.7292	2.002816	0.6781948
8694	-103.2889	-370.0023	266.7134	2.006554	0.7002039
8700	-112.0976	-378.667	266.5694	2.169864	0.6640196
8706	-112.2965	-378.8964	266.5999	2.122373	0.6960608
8712	-111.5294	-377.9623	266.4328	2.316653	0.6422015
8718	-111.8639	-378.4554	266.5915	2.158003	0.6422015
8724	-111.82	-378.4712	266.6513	2.085388	0.669224
8730	-113.3766	-380.0591	266.6825	2.078835	0.6129842
8736	-110.4402	-377.0053	266.565	2.215941	0.536986
8742	-111.4791	-377.9598	266.4807	2.283918	0.6038516
8748	-121.8223	-388.3568	266.5345	2.15652	0.747047
8754	-121.6872	-388.1086	266.4214	2.159434	0.8892389
8760	-110.5441	-377.1049	266.5608	2.213953	0.5693522
8766	-112.753	-379.3791	266.6262	2.150328	0.5620454
8772	-100.1715	-366.5363	266.3648	2.418778	0.4960315
8778	-99.92864	-366.5044	266.5757	2.206864	0.5228265
8784	-99.96938	-366.5653	266.5959	2.160444	0.625995
8790	-135.6327	-400.7832	265.1505	3.161059	0.1570645
8796	-136.4984	-401.6916	265.1932	3.160862	0.1672739
8802	-117.9085	-384.5577	266.6492	2.117943	0.5963623
8808	-115.9452	-382.5787	266.6336	2.137991	0.5815583
8814	-118.6966	-385.2848	266.5882	2.181234	0.5889289
8820	-127.243	-392.254	265.011	3.302444	0.1575025
8826	-127.6302	-392.1902	264.56	3.456435	0.1054594
8832	-119.9788	-386.5168	266.538	2.223789	0.6117634
8838	-111.315	-377.8743	266.5593	2.223789	0.484174
8844	-111.746	-377.649	265.903	2.792938	0.3187626
8850	-102.4209	-368.4531	266.0322	2.701634	0.3584123
8856	-106.2349	-372.1195	265.8846	2.740728	0.2687855
8862	-117.4484	-383.1036	265.6552	2.867465	0.2200301
8868	-118.6824	-384.6686	265.9861	2.613376	0.2546133
8874	-113.6009	-379.7208	266.1198	2.613376	0.3575918
8880	-109.0034	-375.0736	266.0702	2.661245	0.3554365
8886	-107.123	-373.1849	266.0619	2.641173	0.3252267
8892	-109.3532	-375.6	266.2468	2.456274	0.3252267
8898	-100.9408	-367.2464	266.3056	2.468601	0.4345462
8904	-105.3026	-371.6557	266.3531	2.427273	0.5412553
8910	-117.1459	-382.9512	265.8053	1.786591	1.710917
8916	-125.2833	-390.9647	265.6813	1.845901	1.756376
8922	-125.9339	-391.414	265.4802	1.553998	2.089838
8928	-112.2937	-376.7866	264.4929	1.730063	2.605724
8934	-109.6248	-375.2074	265.5825	2.124727	1.628599
8940	-116.6841	-381.6338	264.9497	2.103882	2.07706
8946	-114.1736	-379.5445	265.3709	1.965696	1.887803
8952	-114.4303	-380.2882	265.8579	2.282202	1.299196
8958	-109.2523	-375.1901	265.9378	2.279723	1.235264
8964	-102.0209	-368.2594	266.2385	2.218431	1.019608
8970	-116.5509	-382.8638	266.3129	2.183602	0.9800462
8976	-123.9363	-390.5538	266.6176	2.100816	0.7029316
8982	-133.2457	-399.3022	266.0564	2.716991	0.4320641
8988	-124.1099	-390.2823	266.1724	2.571661	0.3722586
8994	-110.0889	-376.2526	266.1638	2.617779	0.4686897
9000	-110.4474	-376.8789	266.4316	2.350436	0.4724227
9006	-113.907	-380.1819	266.2749	2.505965	0.4638311
9012	-121.6123	-388.2606	266.6483	1.863562	0.9642198
9018	-111.0521	-377.6367	266.5846	1.853928	1.037538
9024	-124.0665	-390.7057	266.6393	1.753789	1.080609
9030	-130.2404	-395.5081	265.2678	1.402334	2.325218
9036	-128.428	-395.0339	266.6059	1.57721	1.263912
9042	-127.3689	-393.8019	266.433	2.070701	0.9726264
9048	-143.6305	-409.6751	266.0446	1.910573	1.444776
9054	-141.3899	-407.8869	266.4971	1.619419	1.318303
9060	-130.7001	-396.3863	265.6863	1.562099	1.947451
9066	-130.0562	-395.5843	265.528	1.520082	2.080652
9072	-128.4567	-395.12	266.6634	1.862401	0.949681
9078	-125.5106	-392.1934	266.6828	2.06746	0.6405582
9084	-112.3173	-378.8169	266.4997	2.271349	0.5835785
9090	-115.9614	-382.6166	266.6552	2.107616	0.6089851
9096	-121.0942	-387.5566	266.4624	2.318252	0.5392732
9102	-111.195	-377.3674	266.1724	2.549334	0.3441171
9108	-115.4369	-381.4254	265.9885	2.709573	0.3206385
9114	-114.4692	-380.7444	266.2752	2.507053	0.4745085
9120	-116.6074	-382.861	266.2537	2.523798	0.446737
9126	-116.3313	-382.3896	266.0583	2.656464	0.3367059
9132	-108.7322	-374.7981	266.0659	2.68794	0.3877259
9138	-123.3404	-389.3655	266.025	2.733979	0.397157
9144	-134.358	-400.661	266.303	2.480605	0.5002548
9150	-129.0535	-395.2925	266.239	2.543491	0.4764203
9156	-117.1557	-383.3284	266.1727	2.587697	0.3998915
9162	-113.5276	-379.8153	266.2877	2.488198	0.4406318
9168	-120.6629	-386.9615	266.2986	2.477314	0.4406318
9174	-124.2059	-390.3047	266.0988	2.683487	0.4744392
9180	-120.7019	-387.0737	266.3717	2.411845	0.4962321
9186	-129.4453	-395.7246	266.2793	2.492149	0.5819626
9192	-119.798	-386.0968	266.2988	2.472662	0.5819626
9198	-120.0245	-386.3009	266.2764	2.506694	0.4843375
9204	-112.873	-379.1	266.227	2.552452	0.5470732
9210	-122.1656	-388.8	266.6345	2.129875	0.6046286
9216	-114.4379	-380.6173	266.1794	2.590252	0.4209879
9222	-117.1529	-383.2985	266.1456	2.608628	0.3884834
9228	-123.7505	-389.7973	266.0467	2.713402	0.3993892
9234	-119.1179	-385.3146	266.1968	2.557073	0.387765
9240	-115.5582	-381.5807	266.0226	2.709946	0.3567294
9246	-121.9279	-387.9541	266.0262	2.709946	0.361301
9252	-109.962	-376.0688	266.1068	2.614421	0.3435503
9258	-108.6924	-374.7396	266.0473	2.672241	0.3416701
9264	-105.8205	-371.5829	265.7624	2.788938	0.2318233
9270	-111.5537	-377.1854	265.6316	2.926381	0.2347448
9276	-110.3345	-376.3451	266.0106	2.640524	0.2847349
9282	-104.0505	-369.6997	265.6493	2.927266	0.2432268
9288	-98.52567	-363.5752	265.0495	3.183062	0.140382
9294	-100.973	-365.4674	264.4945	3.533321	0.1069942
9300	-113.345	-379.0379	265.6929	2.903562	0.2530575
9306	-126.005	-391.7435	265.7385	2.903562	0.2789296
9312	-128.9825	-393.0108	264.0283	3.714439	0.07555708
9318	-128.001	-392.0103	264.0093	3.714439	0.07388392
9324	-119.0019	-384.8123	265.8104	2.868327	0.3045862
9330	-111.7161	-377.3934	265.6773	2.917796	0.2523336
9336	-114.3799	-379.7546	265.3747	3.143452	0.218239
9342	-115.4458	-379.9323	264.4865	3.486236	0.09982682
9348	-115.9406	-379.9844	264.0437	3.703821	0.07598641
9354	-125.6543	-389.4558	263.8015	3.925521	0.07417083
9360	-135.6419	-402.0785	266.4367	2.34633	0.5176531
9366	-128.0831	-394.4984	266.4153	2.352998	0.5925826
9372	-123.5351	-387.0828	263.5477	3.953932	0.05723399
9378	-125.3452	-389.027	263.6818	3.896374	0.06242737
9384	-113.0591	-379.081	266.0218	2.715101	0.3624081
9390	-102.7547	-368.7765	266.0218	2.715101	0.3624081
9396	-106.2209	-372.2022	265.9813	2.755666	0.3624081
9402	-116.7946	-381.5212	264.7266	3.394911	0.12079
9408	-114.384	-379.2913	264.9073	3.376874	0.1509785
9414	-112.7237	-377.8651	265.1414	3.21924	0.1689348
9420	-117.2128	-382.5687	265.3559	3.053896	0.1822263
9426	-110.6748	-376.2105	265.5357	3.038704	0.24224
9432	-104.1636	-369.686	265.5224	3.003111	0.2211492
9438	-103.978	-369.4338	265.4558	3.003111	0.1972324
9444	-98.59546	-363.6092	265.0137	3.266228	0.1500732
9450	-106.6087	-373.1651	266.5565	2.098627	0.7980059
9456	-107.4945	-374.0281	266.5336	2.205994	0.6634358
9462	-112.4268	-378.9626	266.5358	2.203755	0.6634358
9468	-111.3264	-377.865	266.5386	2.200954	0.6634358
9474	-122.431	-389.0394	266.6084	2.075666	0.7573734
9480	-117.0969	-383.5273	266.4304	2.210957	0.8160736
9486	-112.6483	-379.0142	266.3658	1.89316	1.200065
9492	-108.1895	-374.2687	266.0792	1.698724	1.577282
9498	-109.4924	-375.565	266.0725	1.616109	1.642007
9504	-120.9384	-387.1279	266.1895	1.502394	1.63969
9510	-124.4102	-389.8626	265.4524	3.053908	0.2137624
9516	-100.6188	-366.0774	265.4586	3.050952	0.2149744
9522	-108.0682	-373.7971	265.7289	2.836349	0.2380121
9528	-107.8665	-373.1195	265.253	3.150695	0.1804867
9534	-125.195	-391.6519	266.4569	1.966758	1.05177
9540	-110.8384	-375.5385	264.7001	3.31574	0.1053901
9546	-110.3588	-375.4777	265.1189	3.241165	0.1687816
9552	-98.87081	-364.0179	265.1471	3.21292	0.1687816
9558	-97.97463	-363.3688	265.3942	3.060056	0.1957308
9564	-104.7673	-370.0313	265.264	3.060056	0.1599862
9570	-108.8333	-373.1629	264.3295	1.854255	2.629964
9576	-108.5542	-374.3601	265.806	1.383264	1.987088
9582	-115.53	-380.4691	264.9392	3.38866	0.1608635
9588	-117.9365	-382.6491	264.7125	3.474759	0.1319087
9594	-121.3933	-387.0337	265.6404	1.448685	2.053668
9600	-112.3855	-378.5492	266.1637	1.719815	1.499033
9606	-105.563	-371.7239	266.1609	1.551483	1.62491
9612	-109.749	-375.0037	265.2547	2.97543	0.1399078
9618	-98.51636	-363.7821	265.2658	3.133978	0.179389
9624	-101.6207	-366.9154	265.2947	3.078741	0.1722616
9630	-105.6832	-370.8812	265.198	3.218058	0.1840342
9636	-115.6556	-380.686	265.0305	3.326501	0.1680016
9642	-112.7273	-378.1803	265.453	2.982794	0.1899267
9648	-108.2415	-373.5763	265.3349	3.100923	0.1899267
9654	-108.9376	-374.2972	265.3596	3.100923	0.1977457
9660	-109.4421	-374.5429	265.1008	3.212314	0.1574233
9666	-102.4828	-367.863	265.3802	3.042427	0.185973
9672	-111.0122	-376.8864	265.8741	1.643515	1.763072
9678	-104.9554	-371.3489	266.3935	1.937072	1.137515
9684	-119.7093	-385.6383	265.9289	1.846621	1.578999
9690	-108.3606	-374.6407	266.2801	1.825839	1.326791
9696	-105.0387	-370.5173	265.4785	1.922404	1.843826
9702	-111.1344	-376.2606	265.1263	3.243215	0.1712165
9708	-103.0977	-368.3379	265.2402	3.160953	0.1797767
9714	-133.5994	-398.1463	264.5469	1.76176	2.552589
9720	-110.1915	-375.2214	265.0299	3.228568	0.1455557
9726	-119.1968	-384.0055	264.8087	3.343922	0.1258937
9732	-106.3498	-371.116	264.7662	3.414975	0.1308186
9738	-110.4709	-375.4504	264.9794	3.329496	0.1564738
9744	-117.1835	-382.4366	265.2531	3.161391	0.1835705
9750	-105.9434	-371.0708	265.1274	3.250407	0.1733959
9756	-101.5058	-366.3852	264.8795	3.330051	0.1359754
9762	-127.0321	-393.3317	266.2996	2.477766	0.55779
9768	-125.6419	-392.1189	266.4771	2.194683	0.7751471
9774	-124.1836	-389.8731	265.6894	2.308141	1.412134
9780	-99.77144	-365.7589	265.9874	2.69929	0.3109554
9786	-99.79829	-365.6565	265.8582	2.798676	0.288639
9792	-103.3734	-369.238	265.8646	2.76203	0.2695285
9798	-99.60453	-365.5044	265.8999	2.779421	0.3050149
9804	-107.1518	-373.414	266.2622	2.518668	0.4639284
9810	-104.5701	-370.3718	265.8017	2.804444	0.2581177
9816	-109.8438	-375.6988	265.855	2.798337	0.2862468
9822	-119.4695	-385.4467	265.9772	2.676106	0.2862468
9828	-114.4994	-380.7322	266.2328	2.546007	0.452605
9834	-114.5889	-381.0066	266.4176	2.350211	0.5940593
9840	-110.4919	-377.0246	266.5327	2.163398	0.739303
9846	-109.6609	-375.9233	266.2624	1.923336	1.261773
9852	-116.1825	-382.6626	266.48	2.015376	0.9811384
9858	-111.1016	-377.5402	266.4386	2.056856	0.9811384
9864	-115.217	-381.651	266.4339	2.062271	0.9803454
9870	-111.7205	-378.2489	266.5284	1.944028	1.004354
9876	-105.9526	-372.3602	266.4075	1.776166	1.263431
9882	-107.1203	-373.3817	266.2614	1.805168	1.358145
9888	-101.7866	-368.1282	266.3416	1.976919	1.148192
9894	-102.5961	-369.1491	266.553	2.014626	0.9042663
9900	-98.83846	-365.4189	266.5805	1.81366	1.079585
9906	-100.5351	-367.1449	266.6098	2.051246	0.7899006
9912	-97.52361	-364.0557	266.5321	2.136309	0.7798328
9918	-98.15609	-364.5912	266.4351	2.272388	0.7212911
9924	-108.513	-374.9158	266.4028	2.319292	0.6964908
9930	-111.0416	-377.3364	266.2948	2.250371	0.9289008
9936	-104.8742	-371.3561	266.4819	2.13942	0.8412931
9942	-105.4633	-371.7612	266.2979	1.664326	1.439353
9948	-108.0777	-374.2864	266.2087	1.757574	1.436272
9954	-103.1278	-369.4867	266.359	1.703567	1.361338
9960	-107.8993	-373.7065	265.8072	1.261569	2.067035
9966	-100.7203	-364.2886	263.5683	1.133711	3.516028
9972	-96.77996	-361.8236	265.0436	1.231171	2.57364
9978	-104.4825	-366.063	261.5805	1.181052	4.623118
9984	-103.1854	-367.4698	264.2845	1.180698	3.065967
9990	-98.4486	-362.2376	263.789	1.241115	3.323878
9996	-108.1744	-373.8311	265.6567	1.187366	2.21365
10002	-107.6876	-373.1967	265.5091	1.339963	2.210431
10008	-102.4475	-368.7283	266.2809	1.530498	1.552675
10014	-112.844	-378.55	265.7059	1.575836	1.924924
10020	-108.4538	-374.4728	266.019	1.752018	1.582286
10026	-115.8946	-381.8045	265.9098	1.712878	1.689109
10032	-103.8106	-370.1226	266.312	1.888981	1.249126
10038	-120.8343	-387.2188	266.3844	1.809161	1.25523
10044	-111.3998	-377.6414	266.2416	1.84839	1.339525
10050	-106.896	-373.4123	266.5164	1.96259	0.9977937
10056	-106.403	-373.1453	266.7423	1.927345	0.7781041
10062	-99.28169	-365.8885	266.6068	2.056237	0.7872408
10068	-106.3746	-372.9081	266.5335	2.129546	0.7872408
10074	-100.932	-367.5652	266.6332	1.965018	0.8690976
10080	-109.0944	-375.7994	266.7049	1.811056	0.959936
10086	-104.3136	-370.9053	266.5918	1.924214	0.959936
10092	-111.0073	-377.7038	266.6965	1.673741	1.101649
10098	-117.6401	-384.2442	266.604	2.078675	0.7594423
10104	-138.0906	-403.3452	265.2546	3.269201	0.220476
10110	-109.589	-376.0744	266.4854	2.138005	0.8387751
10116	-117.4852	-383.6984	266.2132	2.570316	0.4925805
10122	-120.6674	-386.7448	266.0774	2.69265	0.422173
10128	-114.5062	-380.3333	265.827	2.875754	0.3249636
10134	-120.421	-386.2412	265.8202	2.882619	0.3249636
10140	-118.0997	-383.7312	265.6315	2.935993	0.2390259
10146	-107.3725	-373.3026	265.9302	2.789084	0.3414354
10152	-145.4809	-410.7596	265.2787	2.440061	1.620281
10158	-139.8503	-405.9699	266.1196	2.657417	0.5594797
10164	-121.9462	-387.6724	265.7262	2.911914	0.2764486
10170	-125.4579	-391.6719	266.2141	2.569527	0.5020963
10176	-106.4108	-372.4501	266.0393	2.695501	0.3596305
10182	-111.5134	-377.3645	265.8511	2.846689	0.3204044
10188	-113.1996	-379.4585	266.2588	2.496939	0.6274189
10194	-125.3968	-391.5655	266.1687	2.601125	0.5874878
10200	-106.7972	-372.7719	265.9747	2.762683	0.363002
10206	-113.9537	-379.9505	265.9968	2.732257	0.352475
10212	-104.4069	-370.1012	265.6943	2.914379	0.2594904
10218	-96.61031	-362.5568	265.9465	2.754374	0.3231727
10224	-95.09925	-360.4446	265.3453	3.060416	0.1810726
10230	-101.8071	-367.4415	265.6344	2.928458	0.2369054
10236	-106.8473	-372.4242	265.5769	2.928458	0.2134053
10242	-118.9743	-384.7939	265.8196	2.833851	0.2863018
10248	-116.7708	-382.6049	265.8341	2.819314	0.2863018
10254	-109.5812	-375.2342	265.653	2.938015	0.2503038
10260	-114.4146	-379.8372	265.4226	3.15836	0.2453306
10266	-106.3823	-371.9752	265.5929	2.975007	0.2392128
10272	-113.0584	-378.3594	265.301	1.984702	1.92226
10278	-112.3682	-378.3407	265.9726	2.201441	1.271454
10284	-108.7067	-373.8552	265.1485	1.934553	2.057652
10290	-108.2433	-372.7592	264.5159	2.020731	2.409833
10296	-108.4404	-374.0273	265.5869	2.159045	1.600596
10302	-106.9817	-372.3208	265.3391	2.220604	1.733644
10308	-113.8911	-379.4989	265.6079	1.951823	1.733644
10314	-110.2933	-374.5845	264.2913	1.778412	2.700196
10320	-114.9306	-380.25	265.3195	1.443863	2.26564
10326	-116.9386	-380.503	263.5644	1.806942	3.121908
10332	-115.5257	-380.6786	265.1529	1.898218	2.078691
10338	-108.2602	-373.3702	265.1099	1.402684	2.424965
10344	-122.0909	-384.6291	262.5382	1.39794	3.958209
10350	-127.4606	-391.1202	263.6595	1.337871	3.343126
10356	-121.353	-385.2128	263.8597	1.607613	3.064663
10362	-123.6111	-389.4909	265.8798	2.796032	0.3022938
10368	-121.6424	-387.6803	266.0379	2.730047	0.4166759
10374	-129.5688	-395.0178	265.449	2.278315	1.614138
10380	-130.9456	-397.1726	266.227	1.996133	1.230522
10386	-130.012	-395.8405	265.8284	2.394697	1.230522
10392	-126.2776	-391.4931	265.2155	2.075202	1.918884
10398	-114.467	-379.639	265.172	2.068545	1.952729
10404	-113.7296	-379.4717	265.7421	2.124093	1.511994
10410	-111.018	-375.3279	264.31	1.80247	2.673921
10416	-116.9243	-381.157	264.2328	1.776946	2.73694
10422	-115.9574	-381.0146	265.0571	2.026025	2.057549
10428	-101.3736	-366.918	265.5444	1.86465	1.838241
10434	-99.22495	-364.5409	265.3159	1.997747	1.903348
10440	-94.4379	-359.0023	264.5644	1.568975	2.661062
10446	-91.87586	-357.2174	265.3416	1.9043	1.94912
10452	-124.2998	-390.153	265.8533	2.830884	0.3088632
10458	-118.7837	-384.4419	265.6582	2.92903	0.2483793
10464	-99.46141	-366.0119	266.5505	1.93011	0.9960996
10470	-103.7156	-369.7533	266.0376	1.949088	1.420526
10476	-110.9567	-377.0899	266.1332	1.844823	1.427251
10482	-119.7471	-385.2861	265.539	3.015036	0.2329895
10488	-114.1861	-379.6305	265.4444	3.015036	0.1974138
10494	-110.3292	-375.5329	265.2037	3.166053	0.1712978
10500	-107.375	-372.4329	265.0579	3.346989	0.1808308
10506	-107.5354	-373.0445	265.5091	3.065913	0.2425265
10512	-103.5369	-368.8313	265.2943	3.133222	0.187438
10518	-112.0765	-377.4379	265.3614	3.065601	0.1872701
10524	-111.0699	-375.8543	264.7844	1.351461	2.65952
10530	-110.6916	-376.5198	265.8282	1.641369	1.796537
10536	-121.6541	-387.7594	266.1053	1.805486	1.478469
10542	-104.0369	-370.5919	266.555	2.104698	0.7917393
10548	-105.2984	-371.7991	266.5007	2.265739	0.5985271
10554	-106.8071	-373.2099	266.4028	2.37976	0.4780988
10560	-100.9932	-367.4992	266.506	2.256978	0.6084612
10566	-109.4113	-376.01	266.5987	2.164278	0.6084612
10572	-107.3411	-373.8168	266.4757	2.129142	0.8613336
10578	-115.5696	-382.0833	266.5137	2.141234	0.79827
10584	-111.4322	-377.8172	266.3849	2.349273	0.6740429
10590	-109.1154	-374.9621	265.8468	1.85943	1.62936
10596	-113.794	-380.075	266.2811	1.640673	1.470207
10602	-104.8488	-370.7576	265.9088	1.814461	1.617047
10608	-101.9293	-368.719	266.7897	1.605232	1.078847
10614	-98.32721	-364.9983	266.6711	1.586394	1.201347
10620	-108.4925	-374.9843	266.4918	1.765687	1.201347
10626	-110.7463	-377.188	266.4416	1.894946	1.132124
10632	-105.7148	-372.1468	266.432	2.340338	0.5787012
10638	-91.16442	-357.5892	266.4248	2.347575	0.5787012
10644	-109.3431	-375.7498	266.4067	2.00618	1.062031
10650	-90.02141	-356.4952	266.4738	1.787755	1.19789
10656	-91.61557	-357.7126	266.097	1.783502	1.501257
10662	-93.1991	-359.4347	266.2356	1.644982	1.501257
10668	-91.34774	-357.4009	266.0532	1.481574	1.751117
10674	-107.3386	-373.4778	266.1393	1.427405	1.728731
10680	-113.5154	-380.1234	266.6081	2.02266	0.8296087
10686	-114.7079	-381.3751	266.6672	2.044084	0.7149007
10692	-113.7896	-379.8266	266.037	2.149143	1.261428
10698	-111.8307	-378.111	266.2803	2.204794	0.9916248
10704	-113.5388	-379.9449	266.4061	2.107566	0.9623498
10710	-117.1309	-383.3849	266.254	2.069507	1.143831
10716	-122.8952	-389.4812	266.586	1.886302	1.004447
10722	-120.3585	-386.6953	266.3368	2.429888	0.4135704
10728	-111.5071	-377.641	266.1339	2.58693	0.343071
10734	-131.2969	-397.2801	265.9831	1.771697	1.594112
10740	-117.3033	-383.242	265.9386	2.725345	0.2935672
10746	-126.5124	-392.5593	266.0469	2.725345	0.4283437
10752	-113.9966	-380.5726	266.5759	1.917851	0.982801
10758	-113.6793	-380.0241	266.3449	2.137605	0.9942554
10764	-102.4373	-368.8991	266.4618	2.001081	1.013754
10770	-107.3954	-373.7835	266.3881	2.076912	1.011648
10776	-112.7762	-379.1629	266.3867	2.079339	1.010688
10782	-110.5357	-376.7972	266.2615	2.519211	0.4629928
10788	-111.0972	-377.2566	266.1594	2.586216	0.3746249
10794	-117.3774	-383.9579	266.5805	2.094398	0.7706723
10800	-114.1988	-380.6895	266.4907	2.209639	0.7326714
10806	-111.7989	-378.2085	266.4095	2.245234	0.7984445
10812	-117.3463	-384.0365	266.6902	1.964552	0.7984445
10818	-131.893	-398.3031	266.4102	1.913216	1.1439
10824	-121.1284	-387.4594	266.3311	2.435568	0.5978635
10830	-113.2236	-379.8049	266.5813	2.198385	0.5453242
10836	-105.1741	-371.6974	266.5233	2.242357	0.4112382
10842	-91.48082	-357.6266	266.1458	2.569805	0.3375498
10848	-102.7791	-368.7424	265.9633	2.738215	0.3237981
10854	-112.0009	-377.86	265.8591	2.738215	0.2534748
10860	-101.5597	-367.3425	265.7828	2.766961	0.2311615
10866	-106.9004	-372.6711	265.7708	2.832579	0.2566286
10872	-91.94964	-357.7171	265.7675	2.859671	0.2698571
10878	-84.05084	-350.0094	265.9585	2.668654	0.2698571
10884	-96.74727	-362.6104	265.8631	2.768515	0.2725217
10890	-96.21115	-361.9854	265.7743	2.768515	0.2281954
10896	-100.0953	-366.4239	266.3287	2.429506	0.395573
10902	-114.8218	-380.9687	266.1468	1.365995	1.766438
10908	-100.1378	-366.1025	265.9647	1.616816	1.718273
10914	-116.4092	-380.962	264.5528	2.06348	2.359457
10920	-119.4428	-385.6983	266.2555	2.527572	0.5165595
10926	-130.2487	-396.407	266.1583	2.620747	0.4537252
10932	-114.7386	-381.0007	266.2621	2.50059	0.4045716
10938	-111.5847	-377.8161	266.2314	2.531289	0.4045716
10944	-104.6139	-371.2511	266.6372	1.911957	0.9245617
10950	-95.36803	-361.6752	266.3072	1.891408	1.251081
10956	-97.82267	-364.0532	266.2305	1.688216	1.4725
10962	-100.2903	-366.8852	266.5949	1.606784	1.248483
10968	-102.9507	-368.9869	266.0362	1.954556	1.41739
10974	-115.3087	-380.2043	264.8956	1.360003	2.585516
10980	-132.6394	-399.2014	266.562	2.079739	0.8156264
10986	-139.5	-406.1442	266.6442	1.960483	0.861434
10992	-130.9479	-394.5162	263.5683	1.397238	3.361839
10998	-120.3867	-384.043	263.6563	1.826931	3.055158
11004	-123.033	-388.7643	265.7312	1.784213	1.764621
11010	-107.234	-372.4869	265.2529	1.567146	2.229144
11016	-116.5254	-382.2637	265.7383	1.845358	1.716773
11022	-110.647	-376.0742	265.4272	1.505563	2.156149
11028	-103.5526	-368.5318	264.9792	1.574404	2.399095
11034	-112.9419	-377.339	264.3971	1.515556	2.796148
11040	-110.5869	-375.9829	265.396	1.746328	2.018319
11046	-107.2455	-372.5834	265.3379	1.690678	2.093501
11052	-116.9916	-383.0817	266.0901	1.900467	1.417547
11058	-109.7178	-376.0314	266.3136	1.943704	1.201515
11064	-109.8062	-375.4966	265.6904	1.724758	1.834066
11070	-124.4325	-390.9739	266.5414	1.851375	1.080855
11076	-125.9076	-392.5616	266.6539	1.903804	0.9151794
11082	-130.1844	-395.0226	264.8381	1.63064	2.452544
11088	-132.8156	-397.4172	264.6016	1.933879	2.410557
11094	-129.8456	-394.2596	264.4141	2.408005	2.227856
11100	-117.211	-381.7483	264.5372	1.893916	2.47614
11106	-124.4662	-389.0221	264.5559	1.875237	2.47614
11112	-120.4764	-386.5687	266.0923	2.649107	0.3684462
11118	-107.5354	-373.8113	266.2759	2.491792	0.4160539
11124	-127.4058	-393.7715	266.3657	2.406474	0.5795713
11130	-112.374	-378.7755	266.4015	2.370339	0.5806487
11136	-108.7381	-375.3543	266.6162	2.10654	0.6953018
11142	-105.4232	-371.9648	266.5416	2.039837	0.8886014
11148	-110.4626	-376.9943	266.5317	2.11759	0.8057377
11154	-104.3816	-370.8423	266.4608	2.129096	0.8789118
11160	-105.6838	-372.3094	266.6256	1.995795	0.8412416
11166	-104.401	-370.8163	266.4153	1.862825	1.183615
11172	-108.0139	-374.576	266.5621	1.918877	0.9957329
11178	-107.3629	-373.5697	266.2068	1.95555	1.281034
11184	-103.6162	-370.0297	266.4135	1.971839	1.087792
11190	-106.6968	-373.2377	266.5409	2.107491	0.8069335
11196	-107.4998	-373.7849	266.285	2.496408	0.4676659
11202	-119.1143	-383.3711	264.2568	1.958679	2.610361
11208	-118.8966	-383.1229	264.2263	1.933787	2.644596
11214	-123.9081	-388.2612	264.3531	1.806988	2.644596
11220	-121.4216	-385.0431	263.6214	1.680208	3.163375
11226	-128.873	-393.8603	264.9873	2.006181	2.116544
11232	-118.5963	-383.4927	264.8964	2.097049	2.116544
11238	-132.5117	-397.4618	264.9501	2.043309	2.116544
11244	-97.56527	-364.1599	266.5946	1.780584	1.097136
11250	-101.9273	-368.3715	266.4442	1.762851	1.244018
11256	-104.7017	-371.1972	266.4956	1.778554	1.187027
11262	-108.6598	-374.6393	265.9795	1.809439	1.569207
11268	-115.6806	-382.0801	266.3995	1.795945	1.253704
11274	-114.1162	-380.4283	266.3121	1.866963	1.267273
11280	-107.6941	-373.5908	265.8967	1.706244	1.703126
11286	-110.3857	-376.4226	266.0369	1.802257	1.532141
11292	-107.9532	-373.3344	265.3813	1.80559	1.98867
11298	-110.1055	-375.7329	265.6274	1.559437	1.98867
11304	-113.366	-379.5443	266.1783	1.598286	1.578237
11310	-108.2506	-374.7238	266.4732	1.982071	1.02128
11316	-119.1374	-385.4979	266.3605	2.094745	1.02128
11322	-120.2793	-386.4231	266.1437	1.984987	1.308447
11328	-117.7383	-384.196	266.4577	2.225806	0.7582731
11334	-123.5294	-389.9624	266.433	2.34315	0.5635259
11340	-119.8442	-386.3139	266.4698	2.305791	0.5661305
11346	-117.5532	-383.984	266.4308	2.326619	0.623246
11352	-115.8287	-382.1229	266.2941	2.207793	0.9744739
11358	-113.7419	-380.302	266.5601	2.191324	0.6378313
11364	-112.8568	-379.3131	266.4563	2.286729	0.6562356
11370	-108.8413	-375.2685	266.4272	2.350053	0.5584036
11376	-111.9745	-378.4183	266.4438	2.33063	0.5706054
11382	-115.5498	-381.9175	266.3677	2.393498	0.6134236
11388	-112.5414	-378.8952	266.3538	2.397562	0.6378439
11394	-117.0087	-383.4366	266.428	2.222552	0.8041092
11400	-116.679	-383.1315	266.4525	2.138919	0.8771282
11406	-105.2902	-371.7184	266.4281	1.965232	1.080334
11412	-119.7307	-386.1436	266.4128	2.044575	1.019168
11418	-114.4494	-380.9462	266.4968	1.974632	1.005253
11424	-112.9462	-379.1216	266.1754	1.65871	1.535882
11430	-114.4265	-380.4415	266.0149	1.828246	1.52914
11436	-108.1312	-374.4898	266.3585	1.885125	1.213142
11442	-97.49045	-363.9786	266.4882	2.008344	0.9800359
11448	-107.6626	-374.2745	266.6119	2.002979	0.8491593
11454	-104.7623	-371.2863	266.524	2.101946	0.835653
11460	-102.859	-369.1903	266.3313	2.328402	0.7918471
11466	-106.9434	-373.5068	266.5634	2.130219	0.7431574
11472	-105.8775	-372.4379	266.5604	2.133159	0.7431574
11478	-100.6089	-366.835	266.2261	2.285871	0.9640739
11484	-101.3313	-367.7013	266.37	2.234177	0.8620365
11490	-95.08151	-361.5684	266.4869	1.887535	1.097818
11496	-102.971	-369.0173	266.0463	2.07681	1.312977
11502	-93.67774	-360.1799	266.5022	2.281391	0.4998975
11508	-98.97834	-365.293	266.3147	2.454627	0.5893122
11514	-97.3688	-363.8478	266.479	2.272617	0.637306
11520	-99.70703	-366.3754	266.6684	2.070263	0.6653221
11526	-94.38996	-361.0725	266.6825	2.056079	0.6653221
11532	-94.63527	-361.1113	266.476	2.112198	0.8807858
11538	-104.8382	-371.2671	266.4289	2.008197	1.038911
11544	-109.8126	-376.214	266.4014	1.716032	1.317576
11550	-105.2622	-371.529	266.2668	1.959872	1.227584
11556	-99.7161	-366.0873	266.3712	2.084081	1.021246
11562	-91.16316	-357.7259	266.5627	1.808904	1.100405
11568	-96.67148	-362.3621	265.6906	1.572585	1.937456
11574	-90.68771	-355.9604	265.2727	1.433256	2.302346
11580	-125.7834	-392.0744	266.291	2.490951	0.5290861
11586	-132.032	-398.4363	266.4043	2.374189	0.5522319
11592	-135.2211	-401.5962	266.3751	2.407017	0.5277011
11598	-134.8333	-401.1656	266.3322	2.440227	0.5783297
11604	-119.6033	-386.0958	266.4926	2.254428	0.6477591
11610	-120.3613	-385.4466	265.0853	1.132563	2.608894
11616	-115.267	-380.3714	265.1045	1.141124	2.591731
11622	-110.7712	-374.3297	263.5585	1.254053	3.451486
11628	-103.9267	-367.3375	263.4107	1.117835	3.616889
11634	-108.9621	-371.8091	262.8469	0.9981386	4.010258
11640	-105.5547	-368.2364	262.6816	1.163439	4.010258
11646	-95.39573	-359.5195	264.1238	1.11273	3.202022
11652	-97.5004	-362.5649	265.0645	1.201053	2.579355
11658	-99.86923	-363.3049	263.4357	1.335148	3.475898
11664	-121.847	-383.5516	261.7046	1.005417	4.651996
11670	-111.8351	-373.7414	261.9063	1.187007	4.436667
11676	-115.6377	-379.0029	263.3652	1.170773	3.612575
11682	-107.1911	-372.5898	265.3987	1.606632	2.108746
11688	-100.3656	-365.7972	265.4317	1.593592	2.095684
11694	-94.52386	-360.7129	266.189	1.616836	1.556747
11700	-135.3716	-400.6955	265.324	1.579274	2.175343
11706	-125.1529	-390.5522	265.3993	1.56268	2.137098
11712	-82.59465	-349.1716	266.5769	1.849758	1.04891
11718	-89.03982	-355.8088	266.769	1.82609	0.8727914
11724	-100.672	-366.1313	265.4594	2.147512	1.70036
11730	-108.7093	-373.7119	265.0025	1.215476	2.608826
11736	-99.00832	-364.7611	265.7528	1.456915	1.973386
11742	-101.7585	-367.4422	265.6836	1.52608	1.973386
11748	-110.4713	-375.7074	265.2361	1.575878	2.234385
11754	-102.8418	-369.183	266.3412	1.785317	1.310191
11760	-102.0165	-367.8392	265.8227	1.78346	1.700872
11766	-99.87936	-366.3003	266.421	1.582064	1.407903
11772	-107.6447	-373.1934	265.5487	1.548343	2.048392
11778	-98.67891	-364.6101	265.9311	1.453826	1.854763
11784	-105.7502	-371.4748	265.7246	1.515056	1.953337
11790	-110.8906	-377.1874	266.2968	1.441936	1.605801
11796	-107.0468	-372.9208	265.8739	1.535188	1.838213
11802	-127.2585	-393.3492	266.0907	2.645988	0.3620803
11808	-125.4364	-391.8508	266.4144	2.368323	0.4796004
11814	-126.6518	-392.7018	266.0501	1.624132	1.652387
11820	-103.8635	-370.5171	266.6535	1.826828	0.996376
11826	-110.002	-376.7156	266.7137	1.880886	0.873435
11832	-124.1588	-389.4127	265.2539	1.416513	2.325016
11838	-120.5976	-385.9971	265.3995	1.516133	2.167302
11844	-96.11092	-362.8008	266.6898	2.010275	0.7330438
11850	-96.25006	-363.0979	266.8478	1.710095	0.9150246
11856	-98.02267	-364.5881	266.5654	2.187086	0.6351881
11862	-100.0612	-366.567	266.5058	2.252977	0.6197013
11868	-97.32015	-363.6528	266.3327	2.450916	0.4997407
11874	-95.53334	-361.9191	266.3857	2.384633	0.4229779
11880	-100.9301	-367.292	266.3619	2.421557	0.4915633
11886	-89.82694	-356.1981	266.3711	2.41182	0.4824445
11892	-87.98868	-354.205	266.2163	2.567027	0.4884238
11898	-89.62079	-355.5759	265.9551	2.669272	0.2682578
11904	-103.0115	-368.8664	265.8549	2.809312	0.2937476
11910	-99.66318	-366.0246	266.3615	2.034826	1.077586
11916	-107.2713	-371.763	264.4917	1.447345	2.78007
11922	-97.84301	-364.3276	266.4846	2.295806	0.5412679
11928	-100.9361	-367.1047	266.1686	2.569757	0.3643389
11934	-113.9532	-380.1267	266.1735	2.523022	0.319271
11940	-115.1728	-380.4433	265.2705	1.849693	2.033017
11946	-111.0473	-376.3658	265.3185	1.983805	1.911028
11952	-107.958	-373.2114	265.2534	3.123959	0.1732956
11958	-103.8086	-368.9833	265.1747	3.182533	0.1680597
11964	-112.9407	-377.933	264.9924	3.221579	0.1368052
11970	-122.31	-387.2481	264.9381	3.255094	0.132973
11976	-101.6023	-366.6761	265.0738	3.247918	0.1594336
11982	-108.2874	-373.4064	265.1191	3.247918	0.1705645
11988	-107.4868	-373.0212	265.5343	3.00217	0.225578
11994	-101.4459	-367.1041	265.6582	2.879028	0.2258683
12000	-110.8993	-376.6081	265.7088	2.910782	0.2654708
12006	-111.806	-377.2563	265.4503	3.028916	0.2040292
12012	-93.60795	-360.3476	266.7396	1.970875	0.7162594
12018	-94.20673	-361.0287	266.822	1.917193	0.6641259
12024	-101.2218	-367.7405	266.5187	2.264582	0.4883073
12030	-89.4407	-355.8864	266.4457	2.301189	0.376524
12036	-95.26349	-361.4629	266.1994	2.547552	0.376524
12042	-109.3705	-375.127	265.7565	2.898022	0.2870286
12048	-99.52568	-365.1802	265.6545	2.889083	0.2285338
12054	-103.3641	-368.6604	265.2963	3.053383	0.1661715
12060	-121.6728	-388.1769	266.5042	2.111163	0.8486666
12066	-112.762	-379.2956	266.5336	1.823966	1.113195
12072	-102.2533	-368.1603	265.907	2.726936	0.273915
12078	-104.9458	-370.8491	265.9033	2.737737	0.2782638
12084	-102.2258	-367.9186	265.6928	2.827451	0.2190595
12090	-93.68542	-359.6106	265.9252	2.740392	0.2947281
12096	-96.45492	-362.9609	266.5059	2.274969	0.4641862
12102	-97.31373	-363.9073	266.5936	2.073052	0.7822526
12108	-98.72149	-365.3387	266.6172	2.007631	0.8369851
12114	-99.62874	-366.3961	266.7674	1.914849	0.7601175
12120	-90.89583	-357.4029	266.5071	1.834077	1.128046
12126	-82.75378	-349.2868	266.533	1.700965	1.221363
12132	-86.99783	-353.6126	266.6148	2.00223	0.8466416
12138	-85.92224	-352.4748	266.5525	1.900135	1.023799
12144	-114.7989	-381.2879	266.489	2.233962	0.6949723
12150	-92.25148	-358.3291	266.0777	1.795149	1.507046
12156	-86.49732	-353.1243	266.627	1.887854	0.9611536
12162	-87.4657	-354.049	266.5833	2.020953	0.8619651
12168	-88.61591	-355.1998	266.5839	1.80662	1.083008
12174	-92.97059	-359.6295	266.659	1.990471	0.8055355
12180	-93.1933	-359.8903	266.697	1.907623	0.8615319
12186	-96.90435	-363.6225	266.7182	1.965085	0.7585961
12192	-93.39685	-360.0497	266.6528	2.122003	0.5692749
12198	-99.50115	-366.1849	266.6837	2.091074	0.5692749
12204	-98.80029	-365.3377	266.5374	2.236752	0.4345151
12210	-95.78125	-361.9738	266.1926	2.461168	0.286516
12216	-99.16765	-365.3301	266.1625	2.502251	0.2941114
12222	-103.8209	-370.5914	266.7705	1.962975	0.6754374
12228	-116.5156	-382.7852	266.2696	2.411599	0.7616108
12234	-121.5993	-387.9363	266.337	2.445552	0.5227711
12240	-133.2963	-399.6185	266.3221	1.716932	1.379825
12246	-124.2277	-390.436	266.2083	1.704474	1.476989
12252	-126.4239	-392.484	266.0601	1.908175	1.434732
12258	-112.2956	-378.7345	266.4389	1.795781	1.220767
12264	-107.4032	-374.2203	266.8171	1.834758	0.8022787
12270	-98.6292	-365.3207	266.6915	1.575296	1.193352
12276	-97.53331	-364.1727	266.6394	2.072524	0.7139373
12282	-109.1737	-375.7806	266.6069	2.067437	0.7715421
12288	-109.9546	-376.7519	266.7973	1.838456	0.8232098
12294	-123.0137	-389.5865	266.5729	2.108183	0.7618547
12300	-121.7043	-388.2856	266.5814	2.091591	0.7734465
12306	-117.662	-384.2122	266.5502	2.122797	0.7734465
12312	-112.1399	-378.7365	266.5967	2.059483	0.796585
12318	-112.556	-379.0048	266.4487	2.295692	0.653295
12324	-104.5477	-371.1123	266.5645	2.141497	0.7235869
12330	-101.1309	-367.5244	266.3935	2.049992	1.032701
12336	-92.51954	-359.2996	266.78	1.806065	0.8832504
12342	-94.96042	-361.5586	266.5982	2.026623	0.8369545
12348	-107.7441	-374.1876	266.4435	2.268383	0.7140304
12354	-89.36746	-355.9437	266.5763	2.206681	0.4822326
12360	-93.18717	-359.5037	266.3165	2.449236	0.4113781
12366	-92.01758	-358.5413	266.5237	2.242035	0.4113781
12372	-101.4291	-368.1618	266.7327	2.04921	0.529592
12378	-90.7719	-357.0817	266.3098	1.658406	1.434755
12384	-87.96776	-354.8671	266.8994	1.800626	0.733245
12390	-79.40374	-346.0952	266.6915	1.674178	1.105855
12396	-90.76591	-357.5679	266.802	1.745995	0.9258243
12402	-83.81852	-350.4878	266.6693	2.101902	0.5828861
12408	-84.17973	-350.8253	266.6456	2.083834	0.683135
12414	-89.62848	-356.3232	266.6947	2.085327	0.5436265
12420	-98.92843	-365.6251	266.6967	1.961411	0.7939265
12426	-97.6311	-364.5009	266.8698	1.680561	0.9233301
12432	-98.16833	-364.4548	266.2865	1.919063	1.245248
12438	-93.32552	-359.6925	266.3669	1.686253	1.368718
12444	-94.88936	-361.5366	266.6472	1.793214	1.035715
12450	-93.84045	-360.4618	266.6213	1.896243	0.9582788
12456	-95.24555	-361.1594	265.9138	1.8452	1.591049
12462	-95.85893	-362.4556	266.5967	1.989071	0.8836484
12468	-104.252	-370.8674	266.6154	1.889852	0.9710584
12474	-118.182	-384.6722	266.4902	2.239231	0.68305
12480	-97.96082	-364.4706	266.5098	2.266076	0.5648823
12486	-100.8001	-367.1191	266.319	2.458663	0.5564283
12492	-103.3831	-369.0566	265.6735	2.943726	0.2641715
12498	-105.5765	-371.5052	265.9287	2.789949	0.3407807
12504	-116.6357	-382.5872	265.9515	2.789003	0.3672708
12510	-112.9455	-379.1155	266.17	2.604305	0.4348313
12516	-126.0209	-392.1188	266.0979	2.684472	0.4755762
12522	-106.1462	-372.1685	266.0223	2.690498	0.3346448
12528	-100.7904	-366.9137	266.1233	2.583145	0.3284158
12534	-119.8367	-386.0561	266.2195	2.5641	0.495389
12540	-98.95929	-365.3531	266.3939	2.369336	0.6079332
12546	-99.03699	-365.328	266.291	2.369546	0.790644
12552	-99.16589	-365.3844	266.2186	2.373126	0.8767898
12558	-101.2685	-367.7978	266.5293	2.005619	0.9399336
12564	-105.9006	-372.0843	266.1837	2.216734	1.073719
12570	-97.7973	-364.2507	266.4534	2.14974	0.8632974
12576	-98.63694	-365.0753	266.4384	2.055714	0.9825111
12582	-100.3237	-366.5528	266.2291	1.919927	1.291931
12588	-90.67981	-357.2409	266.5611	2.113209	0.7714889
12594	-87.17639	-353.7552	266.5788	2.18541	0.6049098
12600	-96.4803	-362.9959	266.5156	2.259192	0.5694468
12606	-102.1913	-368.6311	266.4398	2.342533	0.4753956
12612	-96.0257	-362.4727	266.447	2.33409	0.5363886
12618	-100.3782	-366.6822	266.304	2.420356	0.3470606
12624	-101.133	-366.8328	265.6997	2.883667	0.2465254
12630	-92.74558	-358.1159	265.3703	3.098938	0.2006424
12636	-91.07486	-356.4529	265.3781	3.068915	0.1934152
12642	-91.39344	-356.6835	265.2901	3.063166	0.1670702
12648	-83.58635	-348.9393	265.353	3.063166	0.1840605
12654	-95.07159	-360.6574	265.5858	2.962397	0.2304865
12660	-93.89902	-359.7503	265.8512	2.813818	0.2943473
12666	-95.48959	-361.502	266.0124	2.717279	0.3532555
12672	-108.119	-374.0728	265.9538	2.729873	0.308453
12678	-119.3428	-385.5086	266.1658	2.617684	0.5084085
12684	-116.4745	-382.7856	266.3111	2.468177	0.4550103
12690	-110.2476	-376.9013	266.6537	2.101131	0.6298134
12696	-105.7831	-372.3233	266.5403	2.157681	0.7364416
12702	-115.0386	-379.1416	264.103	3.7175	0.08286834
12708	-100.6162	-364.1993	263.5831	3.891691	0.05552725
12714	-111.5688	-377.9231	266.3543	2.425555	0.5443168
12720	-106.567	-372.7991	266.2321	2.535921	0.4168342
12726	-113.238	-379.5201	266.282	2.485538	0.4157524
12732	-108.3124	-372.2118	263.8994	3.759224	0.06848805
12738	-112.1256	-376.2448	264.1192	3.724575	0.08521572
12744	-117.0698	-381.5232	264.4534	3.560131	0.1050804
12750	-109.441	-373.7242	264.2832	3.638799	0.09373648
12756	-110.7158	-375.0476	264.3318	3.617417	0.09694094
12762	-119.7482	-383.6222	263.874	3.779766	0.0681035
12768	-119.278	-383.1764	263.8985	3.753583	0.06796634
12774	-115.4048	-379.6702	264.2653	3.565983	0.08394867
12780	-105.6643	-371.9004	266.2361	2.525853	0.4029615
12786	-110.5862	-376.9277	266.3415	2.410656	0.3849041
12792	-104.4863	-368.6544	264.1681	3.609264	0.07871128
12798	-109.2406	-373.4291	264.1885	3.704021	0.09040752
12804	-121.5332	-385.7453	264.2121	3.665144	0.0887455
12810	-116.3983	-380.7961	264.3978	3.522336	0.09351935
12816	-119.7982	-384.3595	264.5613	3.522336	0.1149568
12822	-112.7323	-379.2795	266.5471	2.143291	0.7479319
12828	-105.5181	-371.9932	266.4751	2.184675	0.7917525
12834	-101.5125	-367.9367	266.4242	2.235502	0.7917525
12840	-97.33596	-363.8407	266.5048	2.058775	0.9087501
12846	-104.4357	-370.3403	265.9046	1.895408	1.561039
12852	-103.6675	-369.7661	266.0986	1.876752	1.429262
12858	-102.0223	-368.6449	266.6226	1.975809	0.8688536
12864	-105.2791	-371.8176	266.5385	2.192696	0.6797338
12870	-102.2256	-368.872	266.6465	2.084007	0.6811595
12876	-104.5884	-371.0163	266.4279	2.284747	0.7126956
12882	-103.1616	-369.5457	266.3841	2.300675	0.7564043
12888	-108.8302	-375.3284	266.4982	2.212318	0.7161792
12894	-104.1272	-370.4445	266.3173	2.458623	0.5644789
12900	-106.5129	-372.811	266.298	2.250874	0.9248637
12906	-111.6755	-378.0872	266.4117	1.990768	1.07185
12912	-106.7108	-373.1343	266.4235	1.926718	1.119892
12918	-103.2573	-369.7014	266.4441	1.932527	1.095835
12924	-113.2933	-378.3078	265.0145	1.537863	2.399899
12930	-110.7954	-374.7627	263.9673	1.616488	2.994923
12936	-121.299	-384.2191	262.9202	2.131225	3.311354
12942	-117.6957	-383.3355	265.6398	2.87688	0.2176743
12948	-109.1701	-375.1084	265.9383	2.769694	0.3299282
12954	-108.2815	-374.2078	265.9263	1.480492	1.839788
12960	-121.8972	-387.9653	266.0681	2.678106	0.3754401
12966	-106.6656	-372.5865	265.9209	2.786795	0.3296212
12972	-96.43038	-362.297	265.8666	2.779351	0.2814202
12978	-101.4996	-367.348	265.8484	2.779351	0.2702241
12984	-101.5263	-367.4849	265.9586	2.735031	0.3167414
12990	-109.6351	-375.4853	265.8501	2.793713	0.2800492
12996	-104.1478	-369.9388	265.7911	2.789936	0.2453703
13002	-103.7954	-369.7036	265.9082	2.789936	0.3207249
13008	-111.314	-377.2998	265.9858	2.729618	0.3373852
13014	-118.2536	-383.9016	265.6481	2.906905	0.2334207
13020	-122.4854	-388.6213	266.1359	2.06431	1.249704
13026	-124.2204	-390.5157	266.2953	2.436591	0.6784884
13032	-108.353	-374.7223	266.3692	2.156414	0.9497869
13038	-113.346	-379.8283	266.4822	2.042933	0.9503016
13044	-110.7597	-376.7569	265.9972	1.914128	1.478048
13050	-100.0327	-366.4666	266.4339	1.776495	1.241229
13056	-98.62424	-364.9902	266.366	1.82951	1.253681
13062	-98.38312	-364.2716	265.8885	1.557595	1.812773
13068	-107.3681	-373.1978	265.8296	1.616431	1.812773
13074	-104.0417	-369.8082	265.7665	1.559585	1.894929
13080	-106.7897	-373.0371	266.2474	1.647529	1.490415
13086	-112.1934	-378.7295	266.5361	1.841076	1.095288
13092	-112.9758	-379.2347	266.2589	1.906574	1.278502
13098	-109.4955	-375.9862	266.4907	2.022485	0.9628561
13104	-113.6526	-380.2222	266.5697	1.943518	0.9628561
13110	-124.4791	-391.036	266.5569	1.912313	1.007496
13116	-122.3105	-388.9833	266.6728	1.872638	0.9286653
13122	-112.0141	-378.3088	266.2947	1.850715	1.29488
13128	-110.5535	-376.9508	266.3973	1.898336	1.168389
13134	-101.4629	-367.5968	266.1338	1.978682	1.321485
13140	-92.2372	-358.3558	266.1186	1.77301	1.492954
13146	-106.5374	-372.6731	266.1357	1.642673	1.576909
13152	-109.0168	-374.6621	265.6453	1.487373	2.024731
13158	-100.0241	-366.5331	266.509	1.5052	1.399237
13164	-103.9624	-370.1702	266.2079	1.445147	1.667524
13170	-103.2518	-369.4276	266.1758	1.830434	1.405431
13176	-113.2406	-379.4289	266.1883	1.513579	1.632481
13182	-115.0424	-378.9639	263.9216	1.178226	3.282835
13188	-110.7661	-374.3237	263.5576	1.07733	3.555097
13194	-104.1772	-366.3472	262.17	1.197977	4.281539
13200	-104.5641	-370.2226	265.6585	1.542231	1.979435
13206	-108.3205	-373.5837	265.2632	1.493051	2.270186
13212	-106.6113	-371.3964	264.7851	1.419302	2.617213
13218	-106.4265	-372.073	265.6464	1.800972	1.811853
13224	-103.8304	-368.2783	264.4479	1.445028	2.808147
13230	-96.60441	-361.8379	265.2335	1.766982	2.111927
13236	-103.3452	-368.9016	265.5564	1.582635	2.020549
13242	-102.0405	-366.8598	264.8193	1.498998	2.546599
13248	-101.0958	-363.5119	262.4161	1.157866	4.164709
13254	-95.25998	-358.0701	262.8101	1.133988	3.953657
13260	-99.90395	-361.8518	261.9478	1.170048	4.422829
13266	-98.74903	-362.792	264.043	1.26441	3.15995
13272	-103.0693	-368.0048	264.9355	1.414254	2.527019
13278	-94.30673	-360.5351	266.2284	1.604596	1.536716
13284	-94.04488	-359.4827	265.4378	1.516212	2.142298
13290	-96.3325	-360.0194	263.6869	1.515903	3.221948
13296	-99.17462	-363.7208	264.5462	1.626157	2.63703
13302	-98.27464	-363.1926	264.918	1.254354	2.63703
13308	-96.24061	-361.2054	264.9648	1.371607	2.53535
13314	-92.07808	-355.8625	263.7844	1.362017	3.255321
13320	-84.64105	-350.3134	265.6723	1.610354	1.924326
13326	-100.1035	-366.244	266.1405	1.524357	1.659054
13332	-119.221	-385.0342	265.8132	1.852368	1.658569
13338	-115.8765	-382.1526	266.2762	1.655115	1.46296
13344	-98.38452	-364.3754	265.9908	1.657315	1.67101
13350	-112.4088	-377.3029	264.8941	1.67379	2.390078
13356	-115.7	-378.8233	263.1232	1.478587	3.574348
13362	-98.98231	-363.7977	264.8154	1.265677	2.693185
13368	-109.9194	-374.4373	264.5179	1.350455	2.82312
13374	-112.8931	-378.5961	265.703	1.469062	1.998549
13380	-106.1141	-370.5979	264.4838	1.533271	2.732438
13386	-104.8754	-370.7134	265.838	1.480004	1.900376
13392	-118.3492	-384.4615	266.1122	1.499278	1.697056
13398	-112.9224	-379.0059	266.0835	1.609055	1.63917
13404	-118.9663	-383.9308	264.9644	2.162279	2.028729
13410	-104.6015	-370.9427	266.3411	1.913034	1.204191
13416	-96.75327	-363.4039	266.6507	1.928317	0.8913924
13422	-109.4699	-375.1601	265.6902	2.36192	1.369523
13428	-101.2893	-367.1342	265.8448	1.934441	1.576255
13434	-106.9398	-373.4564	266.5167	1.790286	1.15843
13440	-108.8336	-375.3663	266.5327	2.140624	0.7729057
13446	-99.81	-366.4921	266.6821	2.089038	0.5830273
13452	-125.8767	-391.914	266.0373	1.778394	1.549485
13458	-122.431	-388.7882	266.3573	1.871447	1.225813
13464	-115.5276	-381.2935	265.7659	2.223839	1.418176
13470	-118.9754	-385.3013	266.3259	1.863273	1.258915
13476	-111.4203	-377.3482	265.9278	1.731519	1.663027
13482	-103.7534	-369.7452	265.9918	1.448904	1.816457
13488	-110.5816	-375.5325	264.9508	1.449681	2.495318
13494	-116.9316	-381.6552	264.7236	1.52011	2.592906
13500	-116.8162	-381.8784	265.0622	1.343563	2.492053
13506	-104.6307	-369.9623	265.3315	1.463203	2.245451
13512	-101.2742	-366.7322	265.458	1.336762	2.245451
13518	-105.7215	-370.6194	264.8979	1.774293	2.323898
13524	-110.6947	-374.0255	263.3307	1.543527	3.41538
13530	-141.8001	-407.7077	265.9076	2.796648	0.3263633
13536	-134.5157	-401.0246	266.5089	2.260803	0.5880002
13542	-116.9793	-383.1782	266.1989	1.771187	1.433357
13548	-124.3299	-390.9802	266.6503	1.808922	1.017383
13554	-123.4718	-389.837	266.3652	2.414214	0.4556298
13560	-117.9334	-383.8214	265.888	2.719646	0.2589178
13566	-111.5283	-377.2738	265.7454	2.891827	0.2759065
13572	-111.7824	-377.6596	265.8771	2.81271	0.3135401
13578	-114.717	-380.5683	265.8513	2.839491	0.3143455
13584	-121.9976	-387.8335	265.8359	2.855811	0.3151088
13590	-122.134	-388.3965	266.2625	1.652487	1.475315
13596	-138.7553	-404.5811	265.8258	1.657578	1.786956
13602	-121.7372	-387.3267	265.5895	1.601519	1.985865
13608	-103.6744	-369.3936	265.7192	1.471848	1.985865
13614	-105.5566	-371.7293	266.1727	1.610871	1.573123
13620	-114.498	-380.5851	266.0871	2.030781	1.317165
13626	-99.7024	-366.336	266.6336	1.958439	0.8763853
13632	-105.4326	-371.6948	266.2622	1.835825	1.333112
13638	-109.9545	-376.2847	266.3302	1.659261	1.418443
13644	-106.9217	-372.0723	265.1505	1.957339	2.0412
13650	-101.2028	-366.4276	265.2248	2.031735	1.94196
13656	-96.21445	-361.3892	265.1748	2.011011	1.989393
13662	-104.7203	-368.554	263.8337	1.637854	3.062132
13668	-98.32788	-364.1567	265.8289	1.735272	1.730522
13674	-98.69288	-364.9116	266.2187	1.762046	1.425141
13680	-90.52652	-356.4461	265.9195	1.534537	1.807232
13686	-100.8408	-365.6229	264.7822	1.488183	2.576391
13692	-106.9354	-372.938	266.0026	2.053539	1.366363
13698	-103.2779	-369.3684	266.0906	1.816255	1.481495
13704	-114.7096	-380.9508	266.2411	2.442815	0.7575809
13710	-104.0392	-370.6394	266.6002	1.916385	0.9593114
13716	-113.6426	-380.1001	266.4575	2.185179	0.8143072
13722	-119.4319	-386.1818	266.7499	1.917507	0.781209
13728	-114.2035	-380.6878	266.4843	1.85655	1.128325
13734	-102.7086	-369.3036	266.5951	2.140121	0.6721321
13740	-112.0207	-376.7905	264.7697	1.618811	2.50281
13746	-111.6969	-374.3122	262.6153	1.389119	3.919073
13752	-93.90211	-359.4586	265.5565	2.941588	0.2107333
13758	-96.3405	-361.9184	265.5779	2.965767	0.2285561
13764	-92.29837	-357.9308	265.6324	2.940046	0.2412996
13770	-101.3481	-366.8242	265.476	3.035032	0.2155368
13776	-100.4208	-365.7813	265.3604	3.071525	0.18876
13782	-105.2455	-370.4406	265.1951	3.236825	0.18876
13788	-101.9638	-367.0609	265.0971	3.185301	0.1505955
13794	-113.3199	-379.8257	266.5058	1.940311	1.030209
13800	-96.02533	-362.0427	266.0174	2.723191	0.3672685
13806	-96.40465	-362.2236	265.8189	2.809841	0.2707917
13812	-103.123	-368.9802	265.8572	2.754647	0.2611654
13818	-103.3555	-368.685	265.3295	3.098086	0.1874466
13824	-106.8676	-372.2565	265.3889	3.101524	0.2079809
13830	-106.1676	-372.8209	266.6534	1.790416	1.03246
13836	-112.1273	-376.8676	264.7403	1.272777	2.734874
13842	-106.6817	-370.8533	264.1716	1.074441	3.196344
13848	-106.0214	-371.3822	265.3608	1.338014	2.306909
13854	-96.9601	-362.4311	265.471	1.227834	2.306909
13860	-98.86283	-365.3262	266.4634	1.655581	1.316284
13866	-94.84041	-361.2667	266.4263	1.592136	1.395909
13872	-106.1414	-371.867	265.7256	1.428286	2.010691
13878	-105.0536	-370.5428	265.4893	1.291772	2.254272
13884	-99.12146	-364.3018	265.1803	1.208513	2.502638
13890	-97.04659	-362.3083	265.2617	1.472861	2.284073
13896	-99.36849	-364.7913	265.4228	1.511873	2.154893
13902	-101.7407	-366.4538	264.7131	1.203022	2.794048
13908	-96.55652	-361.7202	265.1637	1.280693	2.467877
13914	-104.3013	-369.2651	264.9638	1.480577	2.467877
13920	-111.6055	-377.039	265.4335	1.32388	2.269447
13926	-104.9615	-369.7943	264.8328	1.530884	2.518341
13932	-103.2247	-368.5013	265.2766	1.704103	2.124887
13938	-108.366	-374.5248	266.1589	1.633523	1.566653
13944	-107.9398	-373.1307	265.1908	1.612946	2.239635
13950	-109.2454	-372.8932	263.6478	1.556774	3.220899
13956	-110.8089	-376.4027	265.5937	1.684973	1.926993
13962	-120.3881	-386.1955	265.8074	1.639547	1.812169
13968	-122.4725	-388.0526	265.58	1.757261	1.887293
13974	-91.77753	-356.7002	264.9226	3.306239	0.1396577
13980	-100.5689	-365.8057	265.2369	3.131161	0.1708344
13986	-105.1196	-369.6523	264.5326	3.459193	0.1022402
13992	-104.5003	-369.1411	264.6409	3.459193	0.1174417
13998	-115.1809	-379.9684	264.7875	3.442087	0.1397896
14004	-115.1762	-380.0301	264.8539	3.37745	0.1401349
14010	-115.7726	-380.6148	264.8422	3.322831	0.1279982
14016	-109.8923	-374.4181	264.5258	3.500594	0.106803
14022	-106.4125	-371.0353	264.6228	3.440717	0.1120057
14028	-110.1155	-374.6639	264.5484	3.512868	0.1116794
14034	-100.9176	-365.466	264.5484	3.512868	0.1116794
14040	-103.4088	-368.4236	265.0147	3.302096	0.1582833
14046	-100.8741	-365.1257	264.2515	3.660364	0.09257705
14052	-116.3751	-380.7926	264.4175	3.519828	0.09553074
14058	-99.17324	-363.7904	264.6172	3.519828	0.1233015
14064	-103.6973	-368.2437	264.5463	3.59067	0.1233015
14070	-115.8993	-380.6318	264.7325	3.335551	0.1126627
14076	-103.4203	-368.5704	265.1501	3.101985	0.144263
14082	-103.4854	-368.7395	265.2541	3.118231	0.1719581
14088	-101.6021	-367.0489	265.4468	3.03532	0.2050506
14094	-103.4981	-369.2408	265.7427	2.85792	0.2551921
14100	-96.67222	-362.6822	266.01	2.652382	0.2924256
14106	-90.59775	-356.765	266.1673	2.583026	0.381807
14112	-97.39281	-363.7206	266.3278	2.44927	0.4449654
14118	-100.2554	-366.5143	266.2589	2.523135	0.4725582
14124	-96.71061	-362.9028	266.1922	2.575113	0.4151701
14130	-98.04559	-364.444	266.3984	2.384657	0.484118
14136	-99.61556	-366.3626	266.747	1.970294	0.7048064
14142	-108.2725	-374.6703	266.3978	2.323985	0.6970429
14148	-116.0734	-382.5355	266.4622	2.321387	0.4945918
14154	-126.1114	-391.8049	265.6935	2.964645	0.2895255
14160	-108.7114	-374.4617	265.7503	2.889477	0.2774656
14166	-103.1164	-369.176	266.0596	2.650573	0.3320745
14172	-108.4296	-374.485	266.0554	2.677399	0.3571058
14178	-107.9885	-374.1736	266.1851	2.590935	0.4410099
14184	-102.8806	-369.1874	266.3067	2.471625	0.450621
14190	-106.7506	-373.2849	266.5344	2.248939	0.5123326
14196	-116.0281	-382.418	266.3899	2.392112	0.5284565
14202	-119.7986	-386.0649	266.2664	2.448908	0.7082829
14208	-115.1134	-381.1915	266.0781	2.670255	0.3787547
14214	-116.9514	-382.9642	266.0128	2.735581	0.3787547
14220	-103.148	-368.8793	265.7312	2.927658	0.2900168
14226	-105.162	-371.3898	266.2278	2.555237	0.4839872
14232	-123.3352	-389.0506	265.7153	1.636729	1.877245
14238	-116.1866	-382.1231	265.9365	1.547165	1.786748
14244	-125.7627	-390.2234	264.4607	1.793715	2.586261
14250	-114.5974	-380.8041	266.2066	2.57598	0.4781366
14256	-110.42	-376.6366	266.2166	2.536231	0.3860768
14262	-104.65	-370.8105	266.1605	2.592388	0.3860768
14268	-96.05042	-362.3461	266.2957	2.487666	0.488284
14274	-102.0953	-368.1908	266.0955	2.687847	0.488284
14280	-102.0737	-368.1866	266.1129	2.658666	0.4264289
14286	-109.353	-375.323	265.97	2.658666	0.2707596
14292	-105.2758	-371.0773	265.8014	2.845518	0.2820456
14298	-98.32398	-363.9741	265.6501	2.954551	0.2573298
14304	-98.57845	-364.52	265.9416	2.713671	0.287521
14310	-93.79533	-360.0381	266.2427	2.530385	0.575875
14316	-100.7663	-367.1681	266.4018	2.361212	0.6084021
14322	-97.09565	-363.6767	266.5811	2.201387	0.5244402
14328	-101.3707	-367.6723	266.3015	2.430429	0.6783187
14334	-98.01892	-364.4657	266.4467	2.336118	0.5193824
14340	-101.2852	-367.3439	266.0587	2.709189	0.4165356
14346	-102.6654	-368.8256	266.1603	2.607607	0.4165356
14352	-140.6813	-406.4546	265.7733	2.11387	1.496254
14358	-147.2441	-412.1081	264.8639	1.806664	2.324911
14364	-105.6118	-372.0638	266.452	2.237535	0.7493496
14370	-115.8397	-382.2323	266.3926	2.37593	0.5917456
14376	-119.1354	-385.3458	266.2104	2.572089	0.5237457
14382	-105.6539	-371.9862	266.3323	2.44902	0.5344762
14388	-105.9334	-372.3199	266.3866	2.394755	0.5344762
14394	-107.8885	-374.3864	266.498	2.271168	0.5899617
14400	-104.7346	-371.3365	266.6019	1.855473	1.019197
14406	-115.0765	-381.5634	266.4869	2.206725	0.7430596
14412	-105.8811	-372.1652	266.2841	2.496189	0.5418348
14418	-105.8017	-372.1278	266.3261	2.449606	0.4397361
14424	-116.5265	-382.7862	266.2597	2.488808	0.3789858
14430	-110.4223	-376.8298	266.4075	2.375402	0.4813334
14436	-123.9921	-390.4129	266.4208	2.166836	0.8814737
14442	-116.3995	-382.9851	266.5857	2.001958	0.8814737
14448	-125.0324	-391.5042	266.4718	2.11587	0.8814737
14454	-124.0341	-390.5471	266.5129	2.204886	0.7039587
14460	-113.7396	-380.1991	266.4596	2.321793	0.5343066
14466	-112.2771	-378.5477	266.2707	2.27513	0.9282253
14472	-106.2907	-372.6443	266.3536	2.427795	0.4675001
14478	-116.1927	-382.3878	266.1951	2.585744	0.4640791
14484	-112.5853	-378.5133	265.9279	2.819777	0.3777235
14490	-119.5596	-385.481	265.9214	2.817938	0.3656516
14496	-123.5013	-389.2097	265.7084	2.954802	0.2930216
14502	-116.0015	-381.4344	265.4329	3.024511	0.1967597
14508	-115.9973	-381.1085	265.1111	3.263127	0.1724696
14514	-112.0723	-378.6266	266.5542	2.168043	0.6961596
14520	-106.9496	-373.5265	266.5769	2.168043	0.6521385
14526	-101.4059	-368.0111	266.6052	2.139743	0.6521385
14532	-101.1383	-367.6355	266.4972	1.68798	1.262202
14538	-106.7304	-373.1971	266.4667	1.718502	1.262202
14544	-99.32593	-365.7776	266.4516	1.733579	1.262202
14550	-109.9747	-376.2883	266.3137	1.712871	1.389624
14556	-99.05426	-365.4338	266.3795	1.646988	1.389624
14562	-100.7886	-367.1439	266.3553	1.700292	1.366843
14568	-108.757	-375.138	266.381	1.593796	1.429714
14574	-98.1625	-364.7975	266.635	1.57088	1.245007
14580	-102.0098	-368.1764	266.1666	1.378166	1.744109
14586	-101.0833	-366.9621	265.8789	1.457028	1.88825
14592	-104.0545	-370.2216	266.1671	1.429089	1.707928
14598	-102.8149	-369.2415	266.4266	1.382335	1.554441
14604	-110.2775	-376.261	265.9835	2.711251	0.317718
14610	-106.2804	-371.691	265.4106	3.089745	0.2115366
14616	-109.3441	-375.0705	265.7264	2.820903	0.2300999
14622	-103.4772	-369.0993	265.6221	2.943625	0.2381952
14628	-109.2597	-374.667	265.4073	3.066561	0.2022012
14634	-115.1282	-380.6248	265.4967	3.023391	0.2190017
14640	-119.9745	-385.5921	265.6176	3.027415	0.280785
14646	-111.4403	-377.5007	266.0605	2.659513	0.3421836
14652	-106.4608	-372.1055	265.6448	2.930151	0.242465
14658	-109.9974	-375.7692	265.7718	2.924821	0.3194168
14664	-113.7233	-379.3161	265.5927	3.000461	0.2513726
14670	-126.4811	-392.8911	266.41	1.787081	1.252306
14676	-117.9265	-384.4267	266.5003	1.874453	1.097551
14682	-117.0004	-382.8746	265.8741	2.817109	0.3147244
14688	-112.1725	-377.9852	265.8127	2.79176	0.2571995
14694	-109.4774	-374.7942	265.3167	3.146736	0.1987292
14700	-127.8145	-394.3734	266.5588	2.055806	0.849505
14706	-126.6546	-392.8891	266.2345	2.5083	0.6567527
14712	-130.034	-394.6349	264.6009	3.560387	0.1273574
14718	-119.7645	-384.5457	264.7812	3.398032	0.1304822
14724	-110.298	-376.1723	265.8743	2.796019	0.2981491
14730	-106.7061	-372.5609	265.8548	2.811695	0.2953628
14736	-98.34356	-364.4496	266.1061	2.597356	0.3255707
14742	-107.8522	-374.3553	266.5031	2.238088	0.6601304
14748	-94.35698	-361.0742	266.7172	1.864358	0.8884653
14754	-105.0329	-371.7787	266.7458	1.961882	0.7209675
14760	-109.4362	-376.023	266.5869	2.00144	0.8807057
14766	-109.391	-376.0836	266.6926	1.814162	0.9695045
14772	-109.6318	-376.1282	266.4964	2.185718	0.7603336
14778	-121.0249	-387.3968	266.3718	2.293098	0.7846312
14784	-118.683	-385.2451	266.5621	1.984934	0.9269315
14790	-117.9835	-384.4844	266.5009	2.154037	0.7982124
14796	-117.9693	-384.5155	266.5462	2.228917	0.5681787
14802	-131.7776	-398.2974	266.5198	2.082488	0.8643241
14808	-127.8177	-393.9672	266.1495	2.111586	1.198293
14814	-132.4919	-398.954	266.4622	1.799909	1.197431
14820	-119.8781	-386.4083	266.5301	1.947734	0.9988854
14826	-114.0946	-380.7106	266.616	1.979293	0.8725608
14832	-109.9622	-376.5049	266.5427	2.052611	0.8725608
14838	-118.7506	-385.3044	266.5538	2.042756	0.8710958
14844	-112.611	-379.1585	266.5475	1.976212	0.9518213
14850	-124.6916	-391.1011	266.4094	2.203299	0.8518278
14856	-117.0393	-383.5843	266.545	2.180514	0.6902904
14862	-118.9467	-385.6147	266.6679	1.9343	0.8644163
14868	-124.9738	-391.5683	266.5945	1.950647	0.9289278
14874	-118.2324	-384.6214	266.3889	2.035037	1.051481
14880	-116.6862	-383.0731	266.3869	1.759691	1.293909
14886	-112.6793	-379.1625	266.4832	2.031325	0.9614114
14892	-124.4401	-391.099	266.6589	2.108426	0.5958073
14898	-122.2444	-388.6273	266.3828	2.394284	0.559105
14904	-125.6898	-391.4202	265.7303	2.983937	0.3361858
14910	-103.2702	-369.8732	266.603	2.153888	0.6246398
14916	-105.7661	-372.4681	266.702	2.027709	0.6825533
14922	-108.3103	-374.9153	266.605	2.067109	0.7746126
14928	-106.9938	-373.674	266.6802	2.026813	0.7220314
14934	-109.1949	-375.8284	266.6335	2.15008	0.5055338
14940	-102.0963	-368.4861	266.3898	1.986052	1.096491
14946	-101.7437	-368.234	266.4903	1.885591	1.096491
14952	-111.7716	-378.4081	266.6366	1.836439	1.003745
14958	-99.96892	-366.5388	266.5699	1.958162	0.9472439
14964	-100.431	-367.1085	266.6775	1.958162	0.8233386
14970	-93.62434	-359.8199	266.1955	2.562748	0.3957649
14976	-95.35873	-361.4588	266.1001	2.649052	0.3799547
14982	-93.49554	-359.8961	266.4006	2.365966	0.5980868
14988	-86.57439	-353.1139	266.5395	2.231459	0.5838599
14994	-85.27323	-351.8536	266.5804	2.190523	0.5838599
15000	-86.71173	-353.3025	266.5907	2.180193	0.5838599
15006	-105.3395	-371.7354	266.3959	2.359635	0.6280693
15012	-120.3774	-385.7323	265.3548	3.100205	0.1959808
15018	-111.4109	-376.8035	265.3925	3.119112	0.2157679
15024	-114.348	-380.9678	266.6198	2.127478	0.6471663
15030	-110.5017	-377.1319	266.6302	2.029501	0.7918637
15036	-106.516	-373.127	266.611	2.072174	0.7587993
15042	-100.9564	-367.4875	266.5312	2.252404	0.5030546
15048	-101.0435	-367.5745	266.5311	2.252404	0.5080539
15054	-103.6682	-370.0251	266.3569	2.422203	0.4538357
15060	-103.0621	-369.3302	266.2681	2.514983	0.484
15066	-106.3654	-372.775	266.4096	2.352164	0.611762
15072	-104.7396	-371.0485	266.309	2.456132	0.6024555
15078	-108.8059	-375.4511	266.6452	2.059436	0.7258659
15084	-108.1438	-374.5524	266.4086	2.37042	0.549482
15090	-106.533	-372.8153	266.2823	2.483633	0.599925
15096	-124.8126	-391.1547	266.3421	2.43645	0.5518778
15102	-118.2338	-384.6945	266.4607	2.305568	0.5990446
15108	-117.2948	-383.7562	266.4613	2.255612	0.7053984
15114	-110.2075	-376.6405	266.433	2.31336	0.6490867
15120	-117.2702	-383.6497	266.3795	2.402634	0.527738
15126	-114.0412	-380.1053	266.064	2.670839	0.3597008
15132	-118.9866	-385.431	266.4444	2.314235	0.6201759
15138	-121.6822	-388.1864	266.5042	2.218723	0.6949892
15144	-108.5532	-374.8966	266.3434	2.409149	0.3855714
15150	-103.1887	-369.3806	266.1919	2.516125	0.3299307
15156	-104.224	-370.3426	266.1186	2.562141	0.3060966
15162	-117.5848	-383.4822	265.8974	2.810532	0.3298705
15168	-123.972	-389.8729	265.901	2.806995	0.3298705
15174	-117.0895	-383.6343	266.5448	2.168923	0.710872
15180	-118.8331	-384.6092	265.7761	2.816539	0.2510917
15186	-117.1812	-383.302	266.1208	2.608442	0.3527418
15192	-118.3684	-384.9139	266.5455	2.23412	0.5458493
15198	-107.8763	-374.4208	266.5446	2.23412	0.551074
15204	-112.5308	-379.085	266.5542	2.22156	0.5652021
15210	-106.2184	-372.744	266.5255	2.190866	0.7063598
15216	-112.6132	-379.2358	266.6226	2.160408	0.5179281
15222	-104.4901	-370.907	266.4169	2.364269	0.5355424
15228	-111.5661	-378.0399	266.4738	2.270598	0.6533868
15234	-107.3933	-373.8883	266.495	2.139691	0.8246469
15240	-103.1647	-369.8695	266.7048	1.929855	0.8246469
15246	-120.0618	-386.4723	266.4105	1.653626	1.360076
15252	-106.7936	-372.5909	265.7973	1.571932	1.865549
15258	-114.2648	-380.1291	265.8643	1.504906	1.865549
15264	-113.7898	-380.2381	266.4483	1.770412	1.234218
15270	-110.1986	-376.4855	266.2869	1.925403	1.239632
15276	-108.4281	-375.0829	266.6548	1.995713	0.8041049
15282	-118.0497	-384.2843	266.2346	2.541087	0.4396723
15288	-119.1858	-385.3405	266.1547	2.625525	0.4601311
15294	-129.9067	-396.2813	266.3746	2.403288	0.5554196
15300	-115.426	-381.9003	266.4744	2.223372	0.7367631
15306	-116.5571	-383.0712	266.5142	2.102103	0.847514
15312	-127.0644	-393.5201	266.4557	2.311937	0.5947995
15318	-123.3198	-389.6916	266.3717	2.404423	0.4414454
15324	-118.8305	-385.2833	266.4528	2.325654	0.5523211
15330	-118.1137	-384.6038	266.4901	2.155571	0.8104518
15336	-115.0339	-381.5323	266.4985	1.69557	1.254877
15342	-111.8011	-377.9134	266.1123	1.593787	1.629479
15348	-119.0785	-385.006	265.9276	1.778493	1.629479
15354	-105.6172	-372.0161	266.3989	1.767544	1.277672
15360	-122.4644	-389.0648	266.6004	1.854377	1.021704
15366	-118.506	-384.9469	266.441	1.816309	1.201541
15372	-114.8471	-379.8224	264.9753	1.915366	2.183503
15378	-121.2868	-385.9365	264.6497	1.63741	2.56602
15384	-109.9604	-374.1385	264.1782	1.443565	2.972131
15390	-109.8766	-376.5038	266.6272	1.884691	0.9641945
15396	-109.8533	-376.4066	266.5533	2.175888	0.6835388
15402	-113.9261	-379.5934	265.6672	2.950818	0.2646323
15408	-118.6037	-384.1411	265.5374	2.966647	0.2129299
15414	-118.2592	-383.9337	265.6745	2.934377	0.2595837
15420	-118.0382	-383.7998	265.7616	2.820826	0.2460325
15426	-117.4951	-383.5422	266.0471	2.67933	0.3494191
15432	-109.0043	-375.2016	266.1973	2.583066	0.4609362
15438	-108.7275	-374.9067	266.1792	2.584858	0.4076028
15444	-105.4788	-371.4107	265.9319	2.763433	0.3182384
15450	-108.0567	-374.0371	265.9805	2.7679	0.3787915
15456	-112.5491	-378.8919	266.3428	2.434976	0.5561402
15462	-107.5227	-373.828	266.3053	2.478306	0.5019216
15468	-116.3804	-382.5652	266.1848	2.544454	0.6834438
15474	-124.2674	-390.7519	266.4845	2.2719	0.6258578
15480	-111.7856	-378.179	266.3934	2.378078	0.5817591
15486	-112.7523	-379.1871	266.4348	2.336688	0.5817591
15492	-109.7562	-376.2088	266.4526	2.269749	0.6960329
15498	-115.4845	-382.0904	266.6059	2.152321	0.6213787
15504	-116.891	-383.4469	266.5559	2.226111	0.4723587
15510	-102.9897	-369.5032	266.5135	2.190871	0.7262305
15516	-106.7268	-373.2707	266.5439	2.126685	0.7768141
15522	-98.28207	-364.9257	266.6436	1.876769	0.955355
15528	-97.69114	-364.235	266.5439	2.234228	0.4493693
15534	-95.2019	-361.5786	266.3767	2.406872	0.4953607
15540	-110.8344	-377.2345	266.4001	2.381254	0.534263
15546	-119.5349	-386.0054	266.4706	2.310789	0.534263
15552	-111.9719	-378.5369	266.5649	2.166125	0.6800598
15558	-117.0227	-383.3882	266.3654	2.403576	0.5903033
15564	-129.6907	-395.3699	265.6793	1.617885	1.914543
15570	-108.7686	-374.6252	265.8566	2.861787	0.340431
15576	-112.2465	-377.9587	265.7122	2.988596	0.3231031
15582	-108.3478	-374.3801	266.0324	2.747471	0.4578811
15588	-111.5024	-377.7196	266.2171	2.55512	0.4284353
15594	-117.9814	-384.403	266.4217	2.02311	1.031493
15600	-116.4901	-382.7882	266.2982	1.903669	1.248379
15606	-111.5665	-377.4504	265.8839	1.563938	1.811542
15612	-112.2696	-378.226	265.9564	1.582046	1.748555
15618	-115.5751	-381.4782	265.9031	1.489806	1.849303
15624	-109.7347	-375.2914	265.5566	1.342386	2.178077
15630	-117.6331	-382.7947	265.1615	1.464903	2.35301
15636	-114.0251	-379.0669	265.0419	1.451407	2.437138
15642	-104.2787	-369.0776	264.7988	1.470782	2.576838
15648	-107.9553	-373.3638	265.4085	1.61807	2.094822
15654	-109.6885	-376.1682	266.4798	1.591332	1.354559
15660	-107.7075	-373.607	265.8994	1.727272	1.686286
15666	-118.7457	-385.1971	266.4514	1.636675	1.341071
15672	-114.8316	-380.4979	265.6663	1.949265	1.69422
15678	-113.7393	-380.0287	266.2894	1.659399	1.449647
15684	-109.8069	-375.8409	266.034	1.846745	1.501106
15690	-112.5864	-379.1479	266.5615	2.075597	0.8215127
15696	-118.1869	-384.7572	266.5703	2.18945	0.6172567
15702	-114.1566	-380.5393	266.3827	2.186835	0.9020527
15708	-120.9117	-387.4059	266.4943	2.217945	0.7134509
15714	-122.3762	-388.7558	266.3796	1.953729	1.135021
15720	-105.759	-371.1595	265.4005	1.665068	2.069146
15726	-115.2046	-378.8293	263.6247	1.576095	3.22315
15732	-103.5817	-366.3356	262.7539	1.40673	3.829434
15738	-115.0756	-378.9909	263.9153	1.630567	3.017659
15744	-115.236	-380.9144	265.6785	1.612293	1.918866
15750	-105.4303	-370.4174	264.9871	1.613385	2.369477
15756	-104.7599	-370.4754	265.7155	2.029603	1.601184
15762	-110.6871	-376.6514	265.9644	2.289921	1.204102
15768	-111.0201	-376.8157	265.7955	2.348252	1.296192
15774	-114.9232	-380.8161	265.8929	2.471202	1.10726
15780	-121.3721	-386.7794	265.4073	2.150733	1.734831
15786	-119.1106	-384.6581	265.5475	1.728641	1.928713
15792	-123.062	-389.1558	266.0937	2.688883	0.522706
15798	-119.8268	-385.8508	266.024	2.756712	0.4631617
15804	-128.445	-394.4575	266.0124	2.756712	0.4196919
15810	-118.6527	-384.5726	265.92	2.857343	0.4461236
15816	-122.0564	-388.2333	266.1769	2.600417	0.4461236
15822	-120.0413	-386.1874	266.146	2.635635	0.4696358
15828	-121.249	-387.3094	266.0604	2.711085	0.4260387
15834	-119.2256	-385.239	266.0134	2.757994	0.4260387
15840	-112.3637	-377.851	265.4873	3.084584	0.2410553
15846	-121.7578	-387.2338	265.476	3.010639	0.2066094
15852	-129.9128	-393.9957	264.0829	1.67116	2.892385
15858	-117.262	-382.9584	265.6964	1.450655	2.015196
15864	-122.411	-386.3929	263.9819	1.644211	2.969529
15870	-119.0662	-381.4916	262.4253	1.376425	4.034994
15876	-122.8698	-384.7444	261.8746	1.045579	4.53409
15882	-131.9821	-397.3505	265.3684	3.120478	0.2074179
15888	-126.9173	-392.2742	265.3569	3.065133	0.1857809
15894	-114.3629	-379.8849	265.5219	1.858267	1.858027
15900	-117.5166	-381.7017	264.1851	2.236841	2.48193
15906	-114.6104	-379.0852	264.4748	1.93282	2.49089
15912	-105.2745	-368.5957	263.3212	1.538825	3.423721
15918	-107.716	-372.708	264.992	1.660479	2.336433
15924	-108.067	-372.3251	264.2581	1.44765	2.921535
15930	-109.7167	-373.8352	264.1184	1.554235	2.941493
15936	-104.3775	-369.8662	265.4887	1.905953	1.848126
15942	-104.5416	-369.6014	265.0598	1.751409	2.234839
15948	-99.66331	-364.8766	265.2133	1.616928	2.222593
15954	-111.9648	-378.125	266.1603	1.639124	1.561498
15960	-104.9101	-371.3835	266.4735	1.936191	1.065066
15966	-106.3325	-371.4489	265.1164	2.973813	1.339372
15972	-128.8677	-394.1813	265.3136	3.167649	0.2047358
15978	-128.0799	-393.7293	265.6495	2.947588	0.2533611
15984	-117.2698	-382.7638	265.494	2.496766	1.41739
15990	-116.3468	-381.7764	265.4296	1.928307	1.873266
15996	-109.3899	-375.7417	266.3518	1.875915	1.226701
16002	-98.33606	-364.9506	266.6146	2.08748	0.7299459
16008	-89.06455	-355.6844	266.6198	2.08748	0.7215059
16014	-91.53681	-358.0111	266.4743	2.259075	0.6756093
16020	-89.6664	-356.1154	266.449	2.241335	0.7480896
16026	-90.5981	-357.1832	266.5851	2.147694	0.6768303
16032	-95.27849	-361.8915	266.613	1.851061	1.012575
16038	-103.5894	-370.164	266.5747	1.918391	0.9835589
16044	-103.1202	-369.5832	266.463	2.098057	0.9115334
16050	-103.6076	-370.0087	266.4011	1.986912	1.085309
16056	-101.3509	-367.8319	266.481	2.061016	0.9323011
16062	-106.0725	-372.5027	266.4302	2.345352	0.5661145
16068	-94.45904	-360.904	266.445	2.337809	0.47984
16074	-105.0374	-371.4329	266.3955	2.386381	0.4715549
16080	-106.0867	-372.7302	266.6434	2.108705	0.6361458
16086	-106.9008	-373.4612	266.5603	2.17121	0.6790972
16092	-104.1077	-370.6386	266.5309	1.915579	1.029789
16098	-116.1393	-381.9635	265.8242	1.997993	1.544697
16104	-114.1994	-380.273	266.0736	1.74853	1.544697
16110	-113.1803	-379.1343	265.954	1.710123	1.659589
16116	-107.3336	-373.3885	266.0549	1.889248	1.453196
16122	-100.6636	-366.8716	266.2081	1.654003	1.51506
16128	-112.0986	-378.0774	265.9788	1.675863	1.666347
16134	-114.8307	-380.7689	265.9382	2.764679	0.3250523
16140	-108.4975	-374.3156	265.8181	2.817213	0.2747114
16146	-114.5446	-380.1919	265.6472	2.954051	0.2555351
16152	-116.8938	-382.6823	265.7885	2.797745	0.2479027
16158	-122.4203	-388.0826	265.6623	2.976937	0.2771366
16164	-117.8792	-384.0313	266.1521	1.47085	1.688923
16170	-100.4262	-367.0112	266.585	1.66626	1.206716
16176	-115.6974	-381.7605	266.0631	1.827703	1.493551
16182	-110.5992	-377.1982	266.5991	2.095395	0.7417809
16188	-106.961	-373.3205	266.3595	2.308218	0.7807603
16194	-110.2605	-376.781	266.5204	2.147332	0.7807603
16200	-101.8589	-368.4666	266.6077	2.098759	0.7228878
16206	-103.4969	-370.0513	266.5544	2.147085	0.7309162
16212	-95.11967	-361.5871	266.4675	2.313274	0.5387438
16218	-106.0519	-372.4065	266.3546	2.426127	0.5387438
16224	-99.0948	-365.539	266.4442	2.328009	0.5792745
16230	-102.2044	-368.563	266.3586	2.404536	0.6080182
16236	-112.1671	-378.4133	266.2462	2.531287	0.4466334
16242	-106.911	-372.9285	266.0175	2.719757	0.3628747
16248	-105.9073	-372.1545	266.2472	2.527065	0.434755
16254	-96.38186	-362.7604	266.3786	2.380852	0.6181791
16260	-105.3007	-371.7001	266.3994	2.38182	0.5354256
16266	-109.0617	-375.4575	266.3958	2.38182	0.4472311
16272	-110.3351	-376.5257	266.1906	2.546042	0.3620287
16278	-106.6973	-372.9703	266.2731	2.494589	0.4159914
16284	-102.9101	-369.1682	266.2581	2.514562	0.4297344
16290	-105.2601	-371.4686	266.2085	2.561517	0.4219803
16296	-111.829	-378.2759	266.4469	2.319498	0.5984108
16302	-110.2588	-376.6254	266.3666	2.405324	0.5804549
16308	-109.9123	-376.141	266.2286	2.552089	0.4630005
16314	-101.0742	-367.4679	266.3937	2.385962	0.456989
16320	-105.9959	-372.2803	266.2844	2.498361	0.5207418
16326	-110.2205	-376.2737	266.0532	2.69694	0.3816118
16332	-117.296	-383.4911	266.1951	2.57032	0.4106803
16338	-118.1278	-384.3419	266.2141	2.568758	0.5192733
16344	-114.9664	-380.6692	265.7028	2.873086	0.2429274
16350	-105.6681	-371.707	266.0389	2.662972	0.3241439
16356	-112.6987	-378.9824	266.2837	2.473415	0.3936142
16362	-128.5844	-394.5534	265.9691	2.780113	0.3800097
16368	-113.9508	-380.0166	266.0659	2.671267	0.3626931
16374	-110.3768	-376.8937	266.5168	2.188375	0.7249307
16380	-126.964	-393.1704	266.2064	2.551818	0.395672
16386	-113.6511	-380.0585	266.4075	2.358286	0.6005352
16392	-106.8641	-373.2708	266.4066	2.370189	0.560464
16398	-114.8035	-381.1694	266.3659	2.417695	0.4969671
16404	-117.0762	-383.2053	266.1291	2.597747	0.3499022
16410	-120.2141	-386.6372	266.4231	2.360492	0.4981741
16416	-113.4062	-379.5727	266.1665	2.589911	0.3923046
16422	-105.7565	-372.0353	266.2788	2.478783	0.3944564
16428	-110.0226	-376.305	266.2825	2.483695	0.4123608
16434	-129.3796	-395.3559	265.9764	2.751258	0.350841
16440	-127.3673	-393.7027	266.3354	2.440336	0.5651551
16446	-117.9377	-384.501	266.5633	2.179887	0.6559537
16452	-111.3607	-377.7242	266.3635	2.179887	0.9309032
16458	-117.3345	-383.8256	266.4911	2.233787	0.6913884
16464	-116.9099	-383.492	266.5821	2.048968	0.8291895
16470	-115.1404	-381.7968	266.6564	1.937282	0.8743976
16476	-113.2617	-380.0157	266.754	1.809147	0.909232
16482	-105.7647	-372.2936	266.5289	1.897828	1.048872
16488	-116.1658	-382.8636	266.6979	1.814566	0.9636441
16494	-129.7029	-392.8655	263.1625	2.729465	2.808732
16500	-126.7388	-390.6342	263.8954	2.219318	2.672512
16506	-121.8743	-385.566	263.6917	2.423016	2.672512
16512	-124.6518	-386.1663	261.5145	2.644563	3.830315
16518	-124.8723	-389.238	264.3657	2.647544	2.103553
16524	-141.7935	-405.6929	263.8995	1.853994	2.892742
16530	-121.1682	-384.3808	263.2126	3.037505	2.588933
16536	-122.3185	-386.1373	263.8188	3.037421	2.205818
16542	-143.1266	-409.1003	265.9737	1.726612	1.633642
16548	-145.0799	-411.181	266.1011	1.599156	1.633642
16554	-124.4738	-388.7004	264.2266	3.10675	1.88997
16560	-137.6292	-398.1278	260.4986	1.15539	5.23951
16566	-132.8198	-391.0271	258.2074	1.305676	6.410846
16572	-117.5511	-380.7509	263.1998	1.251062	3.661922
16578	-114.91	-378.238	263.3281	1.122835	3.661922
16584	-118.7173	-381.2623	262.545	1.135264	4.104269
16590	-129.8581	-392.8794	263.0213	2.448823	3.062985
16596	-133.1863	-396.1452	262.9589	2.481295	3.080888
16602	-139.7894	-405.2238	265.4343	1.552001	2.121195
16608	-136.8603	-401.7855	264.9252	1.443964	2.514912
16614	-127.5945	-394.1325	266.5381	1.786835	1.142563
16620	-132.3255	-398.9451	266.6196	1.865958	0.9911533
16626	-121.6035	-388.1714	266.5679	1.988133	0.9170641
16632	-129.5942	-395.3292	265.735	1.744639	1.789532
16638	-136.3781	-402.5277	266.1496	1.891561	1.378154
16644	-130.631	-397.2241	266.5931	1.985106	0.8922966
16650	-121.4816	-388.1399	266.6583	1.903731	0.9104318
16656	-131.4323	-397.9262	266.4939	1.985734	0.9971505
16662	-123.2496	-389.5129	266.2634	2.520229	0.4977913
16668	-111.5937	-377.7284	266.1347	2.59195	0.3496745
16674	-118.201	-384.5023	266.3013	2.47036	0.4266343
16680	-114.3246	-380.6008	266.2762	2.495494	0.4266343
16686	-125.9533	-392.4218	266.4685	2.31395	0.5244326
16692	-109.6215	-374.3237	264.7022	1.657016	2.521119
16698	-117.7489	-383.2507	265.5018	1.59832	2.046319
16704	-111.3591	-377.7911	266.432	1.901286	1.135088
16710	-98.53579	-364.3198	265.7841	1.827311	1.697173
16716	-103.8342	-370.0183	266.184	1.547503	1.61105
16722	-110.0614	-374.8532	264.7918	1.622615	2.486618
16728	-121.776	-387.8058	266.0297	1.468184	1.776824
16734	-105.3329	-371.5252	266.1923	1.849804	1.377464
16740	-98.13326	-364.553	266.4197	2.002589	1.053072
16746	-102.2375	-368.5402	266.3027	2.160971	1.013002
16752	-102.4547	-368.8712	266.4166	2.34765	0.6050186
16758	-98.0211	-364.557	266.5359	2.220103	0.6268006
16764	-104.7814	-370.9833	266.2019	2.549403	0.3834776
16770	-103.9492	-369.9904	266.0413	2.722882	0.4077827
16776	-115.1608	-381.2291	266.0683	2.702142	0.4231947
16782	-114.6666	-380.5778	265.9113	2.827684	0.3650783
16788	-109.1574	-375.3562	266.1987	2.54023	0.3650783
16794	-118.9601	-385.2045	266.2444	2.534427	0.5504432
16800	-120.8249	-387.1673	266.3423	2.43619	0.5519906
16806	-145.1148	-411.364	266.2492	2.353558	0.8638207
16812	-114.6616	-381.2393	266.5777	2.004928	0.8872199
16818	-109.9294	-376.5884	266.6591	2.019393	0.7656002
16824	-118.3355	-384.7946	266.4591	2.263929	0.6947263
16830	-104.5929	-371.0582	266.4654	2.289604	0.6293972
16836	-113.2095	-379.5353	266.3258	2.414535	0.6617681
16842	-119.5389	-386.1072	266.5683	2.211581	0.5442653
16848	-131.1562	-397.6598	266.5036	2.129425	0.8266923
16854	-126.7442	-393.1648	266.4206	1.833153	1.204512
16860	-118.3278	-384.7866	266.4588	1.932156	1.082594
16866	-117.7984	-384.4431	266.6447	1.79441	1.036974
16872	-120.3736	-386.9017	266.5282	1.919901	1.028268
16878	-110.2421	-376.7545	266.5124	2.22955	0.6584803
16884	-104.3441	-370.9394	266.5952	2.146715	0.6584803
16890	-113.3725	-380.0023	266.6299	1.921951	0.9216959
16896	-111.8479	-378.4855	266.6376	1.914256	0.9216959
16902	-123.6344	-390.2662	266.6318	1.976196	0.85757
16908	-134.7388	-401.2301	266.4913	2.116674	0.85757
16914	-135.9706	-401.2463	265.2757	1.465107	2.280074
16920	-118.0352	-384.5524	266.5172	1.861096	1.094289
16926	-124.7481	-391.1124	266.3643	1.861096	1.228652
16932	-108.1357	-374.6804	266.5447	1.758282	1.161906
16938	-107.6301	-374.2821	266.652	1.855795	0.968484
16944	-130.8494	-397.1732	266.3238	2.458298	0.5281835
16950	-133.122	-397.4539	264.3319	1.363276	2.927933
16956	-131.4576	-396.5017	265.0441	1.256823	2.557414
16962	-116.4971	-383.1729	266.6758	2.05448	0.6815362
16968	-128.5982	-395.1805	266.5823	1.912262	0.9820605
16974	-125.8797	-392.4127	266.533	1.83027	1.107986
16980	-116.171	-382.6969	266.5258	1.648694	1.271038
16986	-119.6684	-386.1982	266.5298	1.790228	1.146892
16992	-131.8406	-395.0707	263.2301	1.45858	3.523821
16998	-127.2372	-391.9143	264.6772	1.480204	2.646257
17004	-136.6024	-401.7979	265.1955	1.666559	2.202026
17010	-116.6179	-383.1083	266.4904	2.173162	0.7864919
17016	-124.2085	-390.8026	266.594	1.733854	1.139891
17022	-123.1282	-389.7624	266.6342	2.04579	0.7633241
17028	-125.1632	-391.7112	266.548	1.948472	0.9800628
17034	-119.0536	-385.5132	266.4596	2.165057	0.8372477
17040	-118.7761	-385.2209	266.4448	2.336858	0.469705
17046	-119.9974	-386.2544	266.257	2.409807	0.7820107
17052	-122.8969	-389.4802	266.5833	2.199275	0.5232847
17058	-119.0617	-385.7508	266.6892	1.965374	0.7987677
17064	-117.8118	-384.1904	266.3785	2.275319	0.7996725
17070	-113.9329	-380.3328	266.4	2.256827	0.7957294
17076	-116.5477	-383.0148	266.4671	1.924938	1.081588
17082	-115.3275	-381.5862	266.2587	1.613132	1.507806
17088	-114.7199	-381.0161	266.2962	1.822497	1.3165
17094	-123.8551	-389.911	266.0559	2.665004	0.3431703
17100	-113.9971	-380.015	266.0179	2.635914	0.2865795
17106	-125.9005	-391.4224	265.522	2.946481	0.2003786
17112	-106.1204	-371.6351	265.5147	2.996078	0.2154341
17118	-112.1802	-377.6371	265.4569	2.994755	0.1948985
17124	-112.4649	-377.838	265.3731	3.069013	0.1918773
17130	-117.8662	-383.1277	265.2615	2.117392	1.858906
17136	-117.3818	-381.3556	263.9738	1.889502	2.826202
17142	-109.1047	-374.2854	265.1808	3.124159	0.1555684
17148	-111.3472	-376.6185	265.2712	3.090369	0.1691783
17154	-115.5916	-381.0768	265.4853	2.972271	0.1967874
17160	-120.0887	-385.1378	265.049	3.267843	0.1583015
17166	-120.5934	-385.8195	265.2262	3.201133	0.1873661
17172	-115.4089	-380.8411	265.4321	3.09112	0.2202532
17178	-116.2495	-381.2782	265.0288	3.214081	0.1424058
17184	-127.8828	-393.0685	265.1857	3.178298	0.1698041
17190	-111.1283	-376.3072	265.1788	3.159625	0.1634183
17196	-116.8275	-382.0497	265.2222	3.164097	0.1756797
17202	-117.3361	-379.6539	262.3178	1.148822	4.225632
17208	-111.7959	-375.8949	264.099	1.203433	3.162912
17214	-107.9763	-373.6522	265.6758	1.3549	2.092088
17220	-103.2841	-367.68	264.3959	1.766034	2.643436
17226	-106.3678	-371.0039	264.6361	1.68784	2.54307
17232	-118.5958	-384.9851	266.3894	2.317588	0.722104
17238	-120.8149	-387.2344	266.4195	2.351959	0.5818939
17244	-104.7553	-369.6362	264.8809	1.483281	2.518032
17250	-109.4439	-374.2636	264.8197	1.345979	2.641161
17256	-110.7185	-376.0471	265.3286	1.356365	2.31576
17262	-100.3344	-361.6479	261.3135	1.16755	4.780072
17268	-104.0665	-368.1273	264.0608	1.208383	3.182621
17274	-90.82089	-356.724	265.9031	1.489006	1.849885
17280	-101.6542	-366.1155	264.4612	1.339386	2.864201
17286	-96.36319	-360.9484	264.5852	1.172291	2.890281
17292	-95.63725	-361.9078	266.2705	1.836732	1.325732
17298	-97.86601	-364.0068	266.1407	1.711625	1.522301
17304	-105.8852	-371.8652	265.98	1.856865	1.533826
17310	-98.81493	-365.0387	266.2238	1.592543	1.549023
17316	-94.07196	-360.2792	266.2073	1.797396	1.406648
17322	-101.1736	-367.431	266.2574	1.836611	1.336329
17328	-108.2747	-374.6696	266.3948	1.900819	1.168326
17334	-113.5493	-380.2032	266.6539	1.960711	0.8494793
17340	-107.3526	-373.2864	265.9338	1.791258	1.615736
17346	-115.947	-382.4728	266.5259	1.898422	1.05118
17352	-112.51	-379.0634	266.5534	1.935168	0.988152
17358	-103.5418	-370.2584	266.7167	1.873302	0.8787762
17364	-113.0485	-379.3647	266.3162	1.833152	1.291659
17370	-103.0732	-369.7357	266.6624	1.891285	0.9195946
17376	-111.6701	-377.9917	266.3217	1.891285	1.239071
17382	-115.6504	-382.235	266.5846	1.850477	1.04086
17388	-115.1739	-381.8666	266.6927	1.947466	0.8176029
17394	-117.1424	-383.7454	266.603	1.953411	0.9166155
17400	-119.6512	-386.3522	266.701	1.714327	1.05969
17406	-121.0039	-387.5842	266.5804	1.899074	0.9973098
17412	-117.9235	-384.6297	266.7062	1.899074	0.8607932
17418	-118.0998	-384.0325	265.9327	1.753073	1.644081
17424	-110.645	-376.5896	265.9446	1.883114	1.540602
17430	-101.9923	-368.5593	266.5669	1.871116	1.037987
17436	-100.0579	-366.5831	266.5252	1.925977	1.025219
17442	-114.8182	-381.2743	266.4561	2.318397	0.5704379
17448	-120.701	-387.3057	266.6046	2.172226	0.5602363
17454	-108.3507	-373.7646	265.4138	3.0872	0.2117994
17460	-122.9156	-388.1696	265.254	3.247005	0.2117994
17466	-125.3677	-390.8958	265.5281	2.989181	0.2179149
17472	-113.9595	-379.3485	265.389	3.128234	0.2179149
17478	-123.3383	-388.5561	265.2178	3.25398	0.20151
17484	-115.6081	-381.7859	266.1778	2.581103	0.3969768
17490	-104.4854	-370.445	265.9596	2.631593	0.2503602
17496	-100.0438	-366.1434	266.0996	2.624834	0.3471575
17502	-112.6431	-377.5557	264.9125	1.554549	2.453609
17508	-107.611	-373.0281	265.4171	1.912113	1.892812
17514	-101.769	-367.4922	265.7232	2.81013	0.2242931
17520	-114.6187	-381.1734	266.5547	1.915289	1.006736
17526	-116.0842	-382.5618	266.4776	1.694146	1.2733
17532	-110.8788	-376.7607	265.8819	2.727497	0.2598291
17538	-109.5002	-375.0636	265.5634	2.996681	0.2356912
17544	-108.5982	-374.4404	265.8421	2.687379	0.2227335
17550	-108.0648	-373.8074	265.7426	2.846491	0.2493415
17556	-115.151	-380.6825	265.5314	2.919564	0.1946868
17562	-105.1619	-370.3282	265.1664	3.063406	0.13983
17568	-104.701	-369.7918	265.0907	3.177657	0.1476179
17574	-99.00625	-364.9588	265.9525	2.709535	0.2922141
17580	-104.3069	-370.3689	266.062	2.689582	0.3839972
17586	-100.4657	-366.7635	266.2977	2.443349	0.3679928
17592	-102.4896	-368.7169	266.2273	2.530098	0.3940584
17598	-106.7391	-373.16	266.4209	2.316533	0.3630488
17604	-102.5126	-368.8105	266.2979	2.416705	0.3364727
17610	-103.2704	-369.4597	266.1893	2.511746	0.3233951
17616	-112.8302	-379.3484	266.5182	2.208069	0.6889208
17622	-108.6396	-373.4817	264.8421	1.303925	2.653262
17628	-113.1806	-378.5926	265.4121	1.626334	2.087038
17634	-118.622	-382.927	264.3051	1.423262	2.907916
17640	-129.5304	-394.5896	265.0593	1.507898	2.390559
17646	-120.0669	-386.305	266.2381	1.62694	1.512829
17652	-109.2477	-374.8387	265.5909	1.535669	2.028791
17658	-111.2033	-377.2537	266.0504	1.463811	1.7655
17664	-101.4105	-367.8258	266.4153	1.816569	1.223173
17670	-93.68308	-360.0816	266.3986	1.833295	1.223173
17676	-112.9176	-379.4936	266.5761	1.810407	1.08672
17682	-99.97952	-364.972	264.9925	1.359627	2.525556
17688	-98.24386	-363.6587	265.4149	1.474289	2.184473
17694	-104.865	-371.0416	266.1766	1.617492	1.565423
17700	-103.9019	-368.7445	264.8426	1.405769	2.590006
17706	-104.1456	-369.0004	264.8548	1.348972	2.617599
17712	-105.8382	-371.1423	265.3041	1.405358	2.300151
17718	-105.9068	-371.3007	265.3939	1.716118	2.039808
17724	-93.19683	-358.744	265.5472	1.562798	2.039808
17730	-100.2689	-366.0976	265.8287	1.281293	2.039808
17736	-90.65854	-354.9906	264.3321	1.527174	2.828656
17742	-109.1783	-375.4231	266.2449	1.963823	1.242664
17748	-109.8101	-376.1278	266.3177	2.214499	0.9428639
17754	-118.6802	-385.1203	266.44	2.198516	0.8196797
17760	-125.8622	-392.2591	266.3968	2.319604	0.7062831
17766	-118.3485	-384.9632	266.6148	1.910837	0.9498436
17772	-95.46387	-361.8668	266.4029	2.228397	0.8288905
17778	-99.55985	-364.9767	265.4169	2.403229	1.546225
17784	-111.6576	-378.0645	266.4069	2.035513	1.033775
17790	-121.3971	-387.8378	266.4407	2.334893	0.5661625
17796	-115.4253	-381.8498	266.4245	2.334893	0.618282
17802	-105.1447	-371.8132	266.6685	2.003039	0.775454
17808	-102.7188	-369.0124	266.2936	2.034969	1.139272
17814	-105.6741	-370.4936	264.8195	1.975506	2.245263
17820	-130.4509	-396.9333	266.4823	2.072454	0.9184278
17826	-131.1058	-397.714	266.6082	1.902671	0.9652869
17832	-102.3164	-368.7742	266.4578	1.960818	1.056545
17838	-96.66539	-363.1239	266.4585	1.964294	1.05257
17844	-105.0313	-370.8636	265.8324	1.903091	1.608187
17850	-102.2592	-368.8121	266.5528	1.902619	1.021065
17856	-105.6094	-371.9045	266.2951	1.955306	1.207403
17862	-108.8102	-375.3132	266.503	1.835102	1.130776
17868	-106.8298	-373.4905	266.6607	1.919572	0.8899677
17874	-102.6104	-368.8642	266.2538	1.919572	1.271949
17880	-103.0134	-369.3859	266.3725	2.186645	0.9136208
17886	-107.9506	-374.3892	266.4386	2.054807	0.9832259
17892	-113.981	-380.4683	266.4873	2.296278	0.4970725
17898	-112.9712	-379.3626	266.3914	2.390508	0.471703
17904	-109.7387	-376.1209	266.3822	2.40125	0.4908754
17910	-112.906	-379.2944	266.3884	2.394268	0.5221857
17916	-106.5096	-372.9566	266.4469	2.333582	0.5403563
17922	-119.6537	-386.0132	266.3595	2.412974	0.4290585
17928	-117.5111	-383.8241	266.313	2.454938	0.4167334
17934	-114.9069	-381.2509	266.3441	2.438962	0.5165934
17940	-111.3073	-377.7153	266.408	2.373635	0.53198
17946	-111.7782	-378.2526	266.4744	2.213939	0.751069
17952	-113.7964	-380.0608	266.2644	1.917688	1.264804
17958	-107.2999	-372.9178	265.6179	1.756329	1.862136
17964	-102.7564	-368.6762	265.9198	1.454355	1.862136
17970	-115.6377	-381.9707	266.333	2.385367	0.7030415
17976	-112.8947	-379.2083	266.3135	2.46999	0.5054927
17982	-105.267	-369.9395	264.6725	1.560464	2.599578
17988	-94.05544	-359.5593	265.5038	1.63432	2.021119
17994	-119.3393	-385.1952	265.8559	1.286247	2.018471
18000	-106.8787	-371.1956	264.3169	1.189861	3.041131
18006	-107.5138	-371.6471	264.1333	1.241572	3.119814
18012	-96.4422	-361.8376	265.3954	1.227382	2.355332
18018	-101.4411	-367.2533	265.8123	1.443509	1.942468
18024	-95.61579	-361.8032	266.1875	1.441111	1.684964
18030	-93.5404	-359.542	266.0016	1.332411	1.88955
18036	-93.84955	-360.2869	266.4373	1.76545	1.247607
18042	-104.675	-370.3057	265.6307	1.699445	1.892175
18048	-106.226	-371.8033	265.5773	1.503437	2.059176
18054	-99.34715	-365.5868	266.2397	1.881059	1.314893
18060	-95.94128	-362.3803	266.439	1.709459	1.292389
18066	-102.8164	-369.2049	266.3885	1.980932	1.102376
18072	-109.7087	-375.6658	265.957	1.764024	1.618625
18078	-123.2677	-388.5831	265.3154	1.720963	2.088372
18084	-121.8809	-387.9353	266.0544	2.655203	0.3315283
18090	-111.4291	-377.4176	265.9885	1.841186	1.539152
18096	-108.8568	-375.0019	266.1451	1.802242	1.450773
18102	-101.3714	-367.9145	266.5431	1.693822	1.218843
18108	-115.6023	-380.7238	265.1216	1.522428	2.34185
18114	-114.3342	-379.1911	264.857	1.494383	2.526009
18120	-101.87	-366.958	265.088	1.622858	2.299207
18126	-99.18216	-363.5127	264.3306	1.503566	2.843883
18132	-101.3087	-364.2721	262.9634	1.46046	3.677581
18138	-95.35297	-359.3095	263.9565	1.342392	3.164977
18144	-98.18182	-362.3366	264.1548	1.242389	3.106521
18150	-96.98878	-359.9632	262.9744	1.294811	3.766899
18156	-104.7238	-369.6752	264.9514	1.102815	2.709675
18162	-100.7787	-364.6897	263.911	1.239036	3.253188
18168	-103.7438	-368.9823	265.2386	1.34389	2.380886
18174	-114.108	-380.5245	266.4165	2.011158	1.047937
18180	-105.3852	-369.4996	264.1144	1.059299	3.23918
18186	-114.4928	-377.3549	262.8621	1.098124	3.944423
18192	-106.1396	-369.0344	262.8948	1.065395	3.944423
18198	-107.0641	-371.376	264.3118	1.441442	2.892849
18204	-109.5691	-374.0116	264.4425	1.310807	2.892849
18210	-108.0053	-371.5269	263.5216	1.203816	3.502377
18216	-102.5301	-363.692	261.1619	1.009926	4.952414
18222	-98.89634	-363.0721	264.1758	1.08537	3.187398
18228	-90.33828	-352.946	262.6077	1.099034	4.08915
18234	-98.59112	-363.4612	264.8701	1.29043	2.644337
18240	-98.54911	-364.1062	265.5571	1.523996	2.058894
18246	-98.34983	-364.3809	266.0311	1.975568	1.405115
18252	-93.64967	-359.8185	266.1688	1.596793	1.586239
18258	-112.6759	-378.9807	266.3048	1.746097	1.370519
18264	-113.0413	-379.1974	266.1561	1.577552	1.609502
18270	-109.1998	-375.2831	266.0833	1.515085	1.706373
18276	-95.41392	-361.7734	266.3594	1.824344	1.263377
18282	-93.38245	-359.9145	266.532	1.880815	1.06205
18288	-99.18437	-365.7558	266.5714	2.209478	0.5377505
18294	-108.2009	-373.9421	265.7413	2.303435	1.375394
18300	-103.7297	-370.2099	266.4802	2.292769	0.5762997
18306	-102.7557	-369.0842	266.3285	2.399059	0.6865208
18312	-109.5239	-375.8536	266.3297	2.453345	0.5160378
18318	-106.2646	-372.7693	266.5046	2.276905	0.5327228
18324	-105.0692	-371.3064	266.2372	2.523641	0.4007003
18330	-117.272	-383.5967	266.3247	2.453407	0.4495099
18336	-119.4699	-385.9013	266.4314	2.352174	0.4991764
18342	-111.3667	-377.7593	266.3926	2.38215	0.5693197
18348	-105.5982	-372.0691	266.4709	2.301779	0.4297593
18354	-103.5471	-369.8867	266.3395	2.443815	0.5109117
18360	-99.32454	-365.8674	266.5428	2.189256	0.6781213
18366	-102.035	-368.562	266.527	2.13289	0.7915416
18372	-118.7081	-385.2782	266.5701	2.198333	0.5923263
18378	-116.3052	-382.8903	266.5851	2.139834	0.6913968
18384	-100.8891	-367.3497	266.4606	2.321658	0.5266571
18390	-105.9353	-372.3079	266.3725	2.409533	0.5280278
18396	-103.5368	-369.9433	266.4064	2.376662	0.516304
18402	-112.2893	-378.4134	266.1241	2.658968	0.516304
18408	-112.1148	-378.1728	266.0581	2.692907	0.3829198
18414	-121.4501	-388.0248	266.5747	2.150836	0.6902712
18420	-112.8652	-378.9567	266.0916	2.644662	0.361467
18426	-112.8599	-378.913	266.0531	2.669781	0.345388
18432	-109.5906	-375.4894	265.8988	2.804058	0.3250318
18438	-98.95903	-364.9014	265.9424	2.713093	0.2876681
18444	-101.1529	-366.9557	265.8028	2.859457	0.2923591
18450	-105.6119	-371.3267	265.7148	2.865753	0.245153
18456	-115.6842	-381.494	265.8098	2.744955	0.2333089
18462	-119.9619	-386.2743	266.3125	2.461652	0.4343796
18468	-112.7442	-379.0582	266.314	2.461652	0.4397471
18474	-124.1948	-390.4132	266.2183	2.5624	0.4632065
18480	-119.791	-385.5491	265.7581	2.846237	0.2571466
18486	-121.6103	-387.0909	265.4806	3.063333	0.2286665
18492	-113.1375	-378.6064	265.4689	3.010445	0.2040775
18498	-117.1639	-382.8472	265.6833	2.8697	0.2325367
18504	-120.2401	-385.77	265.5299	3.003884	0.2244552
18510	-116.9739	-382.793	265.8192	2.809735	0.2708892
18516	-112.3953	-377.8016	265.4062	3.072754	0.2039633
18522	-108.0348	-374.0935	266.0588	2.678636	0.3630323
18528	-117.5565	-383.5275	265.971	2.736996	0.3298809
18534	-120.6499	-386.2332	265.5834	2.958953	0.2279885
18540	-120.193	-385.8373	265.6442	2.869927	0.216726
18546	-117.4277	-383.1342	265.7066	2.810367	0.2177893
18552	-110.3985	-376.7375	266.339	2.433541	0.4293341
18558	-102.7492	-369.0804	266.3311	2.433541	0.4089186
18564	-105.2759	-371.8906	266.6148	2.166887	0.5317087
18570	-100.4166	-366.8809	266.4643	2.31733	0.4693443
18576	-94.83057	-361.4417	266.6111	2.172081	0.5138016
18582	-109.28	-376.0057	266.7258	2.056332	0.5278224
18588	-106.2447	-372.8939	266.6492	2.132897	0.5278224
18594	-101.3298	-367.9723	266.6425	2.086176	0.6845571
18600	-105.6174	-372.3794	266.762	1.966661	0.6845571
18606	-104.2391	-371.1051	266.866	1.850286	0.7064648
18612	-101.9637	-368.6433	266.6796	1.878323	0.9150184
18618	-97.91185	-364.5271	266.6153	1.939425	0.9185301
18624	-107.4184	-373.9305	266.5122	2.103804	0.8478723
18630	-110.5636	-377.0607	266.4972	2.128192	0.8363345
18636	-115.5871	-382.2274	266.6402	2.039008	0.7644369
18642	-127.0592	-393.3807	266.3215	2.109067	1.045188
18648	-113.7867	-380.3846	266.5979	1.781076	1.093648
18654	-106.4522	-372.6444	266.1922	1.703698	1.489731
18660	-111.0226	-376.8522	265.8296	1.401345	1.959146
18666	-110.8845	-375.9847	265.1002	1.398748	2.433565
18672	-119.9554	-385.5497	265.5943	1.205603	2.242122
18678	-130.5283	-394.5444	264.0161	1.262384	3.177108
18684	-115.1417	-381.2478	266.1061	2.628621	0.359573
18690	-105.3553	-371.2386	265.8833	2.772326	0.287782
18696	-107.6653	-373.9629	266.2976	2.439851	0.3630151
18702	-107.2049	-373.6033	266.3985	2.368803	0.5958517
18708	-107.1709	-373.6546	266.4836	2.283395	0.5966477
18714	-98.70495	-365.2282	266.5232	2.171306	0.7417128
18720	-102.5744	-369.0768	266.5024	2.250302	0.6348146
18726	-101.4992	-367.9635	266.4643	2.288359	0.6348146
18732	-100.3094	-366.7751	266.4657	2.288359	0.6314599
18738	-102.5109	-368.9117	266.4008	2.307901	0.7191988
18744	-110.3873	-377.0115	266.6243	1.932722	0.9160291
18750	-124.7024	-390.9696	266.2672	1.240327	1.770144
18756	-109.6248	-376.3214	266.6966	1.536978	1.221732
18762	-114.2436	-379.7541	265.5105	1.71808	1.96073
18768	-116.2808	-382.1173	265.8365	1.546269	1.856272
18774	-109.116	-373.2934	264.1774	1.666824	2.83776
18780	-103.9297	-370.058	266.1283	1.693644	1.544861
18786	-105.8762	-371.3772	265.501	1.581861	2.057761
18792	-106.8728	-370.7454	263.8726	1.709404	2.995988
18798	-110.1197	-376.487	266.3674	1.557719	1.467667
18804	-112.0308	-377.6823	265.6515	1.359046	2.105369
18810	-121.4189	-387.1833	265.7645	1.297016	2.071861
18816	-115.4894	-381.5634	266.074	1.476883	1.739853
18822	-115.907	-381.455	265.5481	1.529025	2.061554
18828	-121.5151	-387.233	265.7179	1.707899	1.82671
18834	-128.4074	-394.8437	266.4363	1.462686	1.487372
18840	-114.1339	-380.2131	266.0791	1.871349	1.448329
18846	-113.004	-379.0307	266.0267	1.80002	1.54135
18852	-111.7902	-377.7284	265.9382	1.842236	1.575437
18858	-114.6218	-380.6784	266.0565	1.788098	1.528067
18864	-120.6461	-387.0191	266.373	1.756414	1.30785
18870	-121.2338	-386.7484	265.5146	1.94867	1.800884
18876	-121.5948	-386.8901	265.2954	1.644736	2.151376
18882	-121.5467	-383.6756	262.1289	1.479488	4.145155
18888	-115.7849	-378.6729	262.888	1.617852	3.630097
18894	-107.7532	-373.8989	266.1457	1.860158	1.405717
18900	-105.1476	-371.0101	265.8625	1.584129	1.812349
18906	-106.8162	-372.933	266.1167	1.800053	1.473964
18912	-104.2308	-370.3515	266.1208	1.744925	1.512367
18918	-99.03929	-365.4074	266.3681	1.996492	1.106811
18924	-104.8528	-371.2959	266.443	1.897771	1.128343
18930	-106.1345	-371.7188	265.5844	1.730775	1.90233
18936	-118.7109	-384.8541	266.1433	1.723629	1.511467
18942	-117.2405	-382.8347	265.5942	1.437708	2.091307
18948	-109.2121	-375.1565	265.9444	1.666705	1.697346
18954	-120.5102	-386.9774	266.4671	1.725231	1.256246
18960	-104.8599	-371.2353	266.3754	1.816988	1.256246
18966	-112.0276	-378.4249	266.3973	2.115084	0.9637245
18972	-107.1178	-373.7364	266.6186	1.9646	0.8865295
18978	-109.6416	-376.1523	266.5107	2.142752	0.8001971
18984	-114.5091	-380.908	266.3989	2.191518	0.8782524
18990	-113.4425	-379.9141	266.4716	2.224851	0.7386731
18996	-124.8019	-391.0794	266.2775	2.204578	0.9946406
19002	-125.1087	-389.8304	264.7217	1.499669	2.606722
19008	-116.9919	-382.402	265.4101	1.649497	2.073096
19014	-111.64	-377.7607	266.1206	1.426083	1.742745
19020	-109.3152	-375.4073	266.0921	1.436123	1.755706
19026	-115.8911	-382.3735	266.4824	1.746459	1.225698
19032	-126.2915	-391.2852	264.9937	1.554123	2.402775
19038	-123.7056	-388.4944	264.7888	1.510636	2.558322
19044	-140.1508	-406.4868	266.3361	1.887434	1.23022
19050	-124.4334	-390.1653	265.7319	1.660098	1.849939
19056	-124.2805	-389.605	265.3245	1.561776	2.186363
19062	-111.017	-377.3355	266.3186	1.987934	1.158836
19068	-108.2397	-374.9404	266.7007	1.926242	0.8343116
19074	-122.1503	-388.7193	266.569	2.074422	0.8134021
19080	-120.1978	-386.1432	265.9454	1.850286	1.56426
19086	-114.5037	-380.8369	266.3332	1.625241	1.442289
19092	-106.8344	-373.294	266.4596	1.728119	1.260142
19098	-112.6464	-378.8467	266.2003	1.782328	1.423674
19104	-126.6452	-392.9573	266.3121	2.029607	1.127527
19110	-133.984	-400.5487	266.5647	1.772682	1.131425
19116	-132.4618	-398.0171	265.5553	1.594095	2.01363
19122	-131.5288	-397.6594	266.1307	2.652422	0.4841446
19128	-119.8985	-386.0217	266.1233	2.565686	0.3128102
19134	-115.2198	-381.3072	266.0874	2.652766	0.3668131
19140	-115.7334	-381.8518	266.1183	2.665257	0.4973343
19146	-110.1938	-376.2595	266.0657	2.715204	0.4641801
19152	-100.9178	-367.2118	266.294	2.489115	0.4846407
19158	-99.96264	-366.328	266.3653	2.386468	0.6369263
19164	-108.9915	-375.2567	266.2651	2.451035	0.7067381
19170	-113.9429	-380.3126	266.3697	2.276827	0.8093256
19176	-115.3205	-381.8523	266.5317	2.228375	0.6163196
19182	-113.9547	-377.0915	263.1368	1.426528	3.596691
19188	-118.668	-382.9624	264.2944	1.445031	2.901225
19194	-125.0381	-388.6139	263.5758	2.084473	2.94894
19200	-129.0946	-395.4333	266.3387	1.925396	1.195694
19206	-123.9144	-389.6607	265.7463	2.269713	1.397809
19212	-117.8833	-383.2464	265.363	2.195506	1.734468
19218	-126.3453	-392.4924	266.1472	2.067468	1.23765
19224	-124.841	-390.175	265.3339	1.651742	2.121628
19230	-138.3738	-404.3343	265.9605	2.103665	1.360079
19236	-121.2362	-387.2681	266.0319	1.902337	1.460727
19242	-120.6229	-385.56	264.9371	1.700382	2.346012
19248	-120.2297	-384.1796	263.9499	1.678904	2.96792
19254	-120.9151	-383.3984	262.4833	1.041884	4.192407
19260	-113.6218	-374.1948	260.573	1.152467	5.199965
19266	-117.4055	-379.562	262.1565	1.394858	4.177531
19272	-135.3128	-398.252	262.9392	1.258905	3.807853
19278	-133.3024	-396.2723	262.97	1.228152	3.807853
19284	-118.3447	-379.0085	260.6638	0.9909294	5.239089
19290	-125.438	-389.7992	264.3613	2.429734	2.247872
19296	-124.7254	-389.6475	264.9221	2.266926	1.987235
19302	-133.8744	-397.3587	263.4843	1.204046	3.524002
19308	-119.4363	-384.8659	265.4297	1.455697	2.186953
19314	-114.38	-380.4362	266.0562	2.080749	1.301789
19320	-105.1768	-371.6552	266.4784	2.168825	0.8084543
19326	-105.3741	-371.9105	266.5364	2.233666	0.5866826
19332	-106.4495	-372.8482	266.3988	2.37133	0.5866826
19338	-114.7915	-380.9679	266.1765	2.592383	0.4189607
19344	-116.4087	-382.4457	266.037	2.700978	0.3638273
19350	-118.8726	-384.8801	266.0075	2.716341	0.3464832
19356	-118.8433	-384.6481	265.8048	2.857712	0.2925577
19362	-122.2255	-387.9344	265.7089	2.938368	0.2822585
19368	-119.8775	-385.6273	265.7498	2.889646	0.2772555
19374	-115.5285	-381.4165	265.888	2.802945	0.3144505
19380	-121.4619	-387.3757	265.9138	2.798222	0.3339271
19386	-122.6342	-388.5504	265.9162	2.759976	0.3025516
19392	-129.231	-394.1797	264.9487	1.632794	2.381513
19398	-125.1944	-390.4938	265.2995	1.489729	2.249023
19404	-117.9123	-382.9312	265.0188	1.995418	2.102898
19410	-122.185	-388.5064	266.3214	1.867543	1.259098
19416	-129.4199	-395.5317	266.1118	1.740817	1.522085
19422	-121.8032	-387.2152	265.412	1.471095	2.188426
19428	-124.1131	-389.5599	265.4468	1.498152	2.148238
19434	-121.3567	-386.421	265.0643	1.472009	2.410029
19440	-127.1129	-392.7583	265.6453	1.670985	1.901545
19446	-136.4835	-402.2465	265.763	1.533388	1.915031
19452	-123.8421	-390.1676	266.3255	1.739775	1.359191
19458	-120.9591	-387.1422	266.1831	1.626131	1.554234
19464	-109.9848	-376.2893	266.3045	1.865267	1.274941
19470	-110.0455	-376.6029	266.5574	1.894486	1.024604
19476	-117.0834	-383.6658	266.5824	1.955292	0.9370049
19482	-137.6152	-404.2881	266.6728	1.901741	0.896427
19488	-134.0023	-400.5097	266.5073	2.067206	0.896427
19494	-130.5809	-396.9767	266.3958	2.384964	0.4633032
19500	-126.914	-393.3325	266.4185	2.313471	0.6783611
19506	-118.8351	-385.0751	266.24	2.532434	0.4290434
19512	-137.1942	-403.1031	265.909	1.589206	1.776657
19518	-139.9105	-405.2283	265.3179	1.68808	2.108349
19524	-118.0214	-384.5352	266.5138	2.193962	0.7208194
19530	-111.9269	-378.6143	266.6874	1.972991	0.7908358
19536	-109.5167	-376.1875	266.6708	2.052085	0.6950636
19542	-113.3671	-379.9107	266.5436	2.000782	0.9297803
19548	-108.4609	-375.0544	266.5935	2.164566	0.6217638
19554	-108.8311	-375.1812	266.3501	2.421288	0.5822485
19560	-105.4978	-372.0777	266.5799	2.092975	0.7735317
19566	-110.0095	-376.6048	266.5953	1.844959	1.035827
19572	-100.7848	-367.393	266.6082	2.030249	0.8198442
19578	-113.4431	-380.0427	266.5996	2.154855	0.6305128
19584	-114.2029	-380.7169	266.514	2.159872	0.7721329
19590	-136.353	-402.027	265.674	2.897383	0.2408092
19596	-135.1761	-401.0156	265.8396	2.899598	0.3653963
19602	-104.512	-371.2116	266.6996	1.881182	0.8893594
19608	-98.36448	-364.6736	266.3091	1.776886	1.34275
19614	-108.2636	-373.8027	265.5391	1.486662	2.095365
19620	-107.0938	-372.3589	265.2651	1.670877	2.154092
19626	-104.9401	-370.9804	266.0403	1.642947	1.645884
19632	-106.2901	-372.5255	266.2355	1.664688	1.48652
19638	-106.6864	-372.2273	265.5408	1.5645	2.04289
19644	-113.6598	-378.917	265.2572	3.12121	0.1735691
19650	-111.6289	-377.1615	265.5327	2.961224	0.2092048
19656	-118.6772	-384.3938	265.7166	2.833308	0.2312032
19662	-114.5021	-379.9688	265.4667	3.038779	0.2134459
19668	-104.9723	-370.1502	265.1779	3.118707	0.1537019
19674	-106.2739	-371.4639	265.1901	3.118707	0.1564396
19680	-87.48846	-352.2976	264.8091	3.273133	0.1147467
19686	-81.36613	-346.207	264.8409	3.24131	0.1147467
19692	-88.64153	-353.7124	265.0709	3.180995	0.1442185
19698	-91.10822	-356.4694	265.3612	2.931986	0.1529525
19704	-107.2704	-372.972	265.7016	2.877712	0.2445579
19710	-112.6877	-378.8773	266.1896	2.574051	0.4066898
19716	-103.2471	-369.4545	266.2073	2.55632	0.4066898
19722	-112.5135	-378.2561	265.7425	1.832233	1.723033
19728	-104.1235	-370.2756	266.1521	1.858967	1.401659
19734	-101.8174	-367.833	266.0156	2.67487	0.3140962
19740	-102.2247	-368.5255	266.3008	2.13046	1.044492
19746	-105.2791	-371.5437	266.2646	2.506212	0.5842809
19752	-115.634	-381.8732	266.2392	2.543372	0.5229319
19758	-115.9252	-382.0685	266.1433	2.636237	0.4561676
19764	-115.6835	-381.7433	266.0598	2.706797	0.4134141
19770	-116.1232	-381.7095	265.5863	2.991269	0.2437195
19776	-116.6832	-382.4322	265.749	2.883828	0.2732409
19782	-113.1358	-379.1798	266.044	2.639212	0.3080991
19788	-111.0519	-376.6378	265.5859	2.940408	0.2214691
19794	-115.0647	-381.4593	266.3946	2.227746	0.8400572
19800	-114.5226	-380.7465	266.2239	2.113728	1.131178
19806	-118.3086	-384.6955	266.3869	2.003022	1.083521
19812	-115.7438	-381.9087	266.1649	2.583559	0.3788848
19818	-114.7364	-381.3405	266.6041	2.171959	0.5640725
19824	-116.2645	-382.619	266.3545	2.156308	0.965345
19830	-110.0497	-376.6583	266.6086	2.018885	0.8336944
19836	-101.3393	-368.0021	266.6628	2.032851	0.7400366
19842	-120.3368	-386.7578	266.4211	2.362404	0.5076394
19848	-115.9071	-382.2474	266.3403	2.436685	0.5596132
19854	-108.5934	-374.7249	266.1315	2.611378	0.370606
19860	-105.4214	-371.6267	266.2053	2.52436	0.3532075
19866	-110.7847	-377.1934	266.4087	2.370594	0.5476666
19872	-111.2701	-377.9175	266.6474	1.887784	0.9396606
19878	-113.6533	-380.0708	266.4175	1.958497	1.096382
19884	-111.8372	-378.4959	266.6587	2.054107	0.7124884
19890	-111.8374	-378.146	266.3086	2.461094	0.588168
19896	-121.3594	-387.5802	266.2208	2.548835	0.588168
19902	-121.3092	-387.7606	266.4514	2.320764	0.5793213
19908	-125.6887	-391.7705	266.0818	2.701201	0.4822788
19914	-111.3408	-377.8617	266.5209	2.247024	0.5938788
19920	-100.9332	-367.4375	266.5043	2.166064	0.7770263
19926	-106.2489	-372.7264	266.4775	2.268064	0.6509356
19932	-105.1923	-371.5968	266.4045	2.37811	0.4779686
19938	-103.998	-370.1747	266.1767	2.558562	0.3602723
19944	-106.023	-371.8036	265.7806	2.889992	0.2983769
19950	-93.27727	-359.3047	266.0275	2.657624	0.3096179
19956	-93.53728	-359.0552	265.518	3.009182	0.2217938
19962	-93.13246	-358.8293	265.6968	2.880578	0.2436349
19968	-95.7491	-361.0694	265.3203	3.110549	0.1884222
19974	-95.16105	-360.6019	265.4409	3.057687	0.2108953
19980	-97.80747	-363.425	265.6175	2.881055	0.2108953
19986	-94.18047	-359.4704	265.29	3.147032	0.1903012
19992	-102.6242	-367.8661	265.2419	3.147032	0.1763935
19998	-102.9027	-367.957	265.0542	3.334694	0.1763935
20004	-105.1027	-370.0856	264.983	3.334694	0.1584852
20010	-98.83148	-364.1718	265.3403	3.061807	0.1800497
20016	-97.70846	-363.1552	265.4467	3.08308	0.222846
20022	-108.5743	-374.9402	266.3659	2.417614	0.4923296
20028	-125.0371	-391.3305	266.2934	2.440739	0.6741322
20034	-118.1802	-384.5286	266.3484	2.4325	0.4638708
20040	-104.3949	-370.3195	265.9246	2.773346	0.3205312
20046	-97.76456	-363.6646	265.9	2.820306	0.3425643
20052	-109.9707	-376.0594	266.0887	2.649782	0.3644207
20058	-109.008	-374.7735	265.7655	2.82284	0.2489325
20064	-117.8231	-383.8666	266.0435	2.69617	0.3660039
20070	-108.3248	-374.3515	266.0267	2.69617	0.3453825
20076	-119.6668	-385.912	266.2452	2.53739	0.4774377
20082	-117.8436	-384.2048	266.3612	2.41744	0.5515252
20088	-123.8198	-390.1563	266.3365	2.427545	0.6055744
20094	-124.4554	-391.0073	266.5518	2.135042	0.7532421
20100	-113.1854	-379.7634	266.578	2.194689	0.5774522
20106	-115.023	-381.568	266.545	2.237683	0.5213473
20112	-111.4553	-377.9831	266.5278	2.235229	0.6083358
20118	-121.1086	-387.6412	266.5326	2.230416	0.6083358
20124	-121.9605	-388.402	266.4415	2.337427	0.5500902
20130	-110.642	-377.0975	266.4555	2.326455	0.472067
20136	-108.7239	-375.1399	266.416	2.326455	0.657453
20142	-115.856	-382.2487	266.3927	2.362615	0.6285838
20148	-108.655	-374.9742	266.3192	2.464396	0.4961314
20154	-120.5841	-386.9965	266.4124	2.319748	0.6779608
20160	-119.4119	-385.7685	266.3566	2.424669	0.5346082
20166	-112.8411	-379.1741	266.333	2.426411	0.61824
20172	-116.9466	-383.5001	266.5535	2.020151	0.8974793
20178	-125.0849	-391.4825	266.3977	2.175952	0.8974793
20184	-125.0279	-391.5035	266.4755	2.211971	0.7523156
20190	-102.0804	-368.6448	266.5644	1.975091	0.9350536
20196	-101.7276	-368.1413	266.4137	2.339587	0.6333785
20202	-108.1314	-374.5325	266.4011	2.339587	0.6611163
20208	-98.27289	-364.6411	266.3683	2.41308	0.5343965
20214	-101.225	-367.2707	266.0457	2.67986	0.3484646
20220	-102.3104	-368.1861	265.8757	2.844151	0.3420895
20226	-117.5053	-382.9975	265.4921	3.107945	0.2549179
20232	-121.2134	-386.8937	265.6803	3.010152	0.3140783
20238	-119.0266	-385.1111	266.0845	2.628377	0.3347527
20244	-105.8161	-371.7351	265.9189	2.821997	0.3677814
20250	-113.2768	-379.2494	265.9726	2.751944	0.3472944
20256	-124.1589	-389.9105	265.7515	2.916801	0.2967113
20262	-102.7189	-368.5727	265.8538	2.814518	0.2967113
20268	-110.9638	-377.0772	266.1133	2.653552	0.4140987
20274	-114.9487	-381.1298	266.1812	2.584761	0.4117641
20280	-107.8692	-374.0267	266.1575	2.584761	0.3696153
20286	-99.3197	-365.7892	266.4695	2.284448	0.631912
20292	-101.8763	-368.3711	266.4948	2.209542	0.7263271
20298	-99.43213	-366.1853	266.7531	1.905572	0.793147
20304	-96.96969	-363.4675	266.4978	2.160888	0.793147
20310	-94.20573	-360.7051	266.4994	1.870078	1.10238
20316	-94.43033	-360.9203	266.49	1.935196	1.050316
20322	-96.45214	-362.9746	266.5225	1.903922	1.04915
20328	-101.9509	-368.5283	266.5774	2.10108	0.7655024
20334	-110.4371	-376.9769	266.5398	2.190927	0.6806611
20340	-104.268	-370.5735	266.3055	2.295862	0.8654631
20346	-110.1535	-376.2895	266.136	2.097446	1.221833
20352	-104.5496	-370.9661	266.4166	2.241462	0.7940683
20358	-109.4937	-375.7978	266.3041	1.969846	1.18718
20364	-110.5057	-377.0221	266.5163	1.969846	0.9905427
20370	-129.2897	-394.0695	264.7798	1.967418	2.275942
20376	-133.5507	-397.4709	263.9203	1.681887	2.983917
20382	-122.677	-389.1258	266.4489	2.25074	0.7338184
20388	-124.1584	-390.6626	266.5042	2.06752	0.8995836
20394	-116.7413	-383.158	266.4167	2.029059	1.030537
20400	-119.3785	-385.7969	266.4183	2.301815	0.699856
20406	-119.989	-386.4541	266.4651	2.21673	0.7606348
20412	-112.3426	-378.8476	266.5051	2.20693	0.71378
20418	-117.9104	-384.4456	266.5351	1.888301	1.052014
20424	-136.8823	-403.3667	266.4844	2.01364	0.978455
20430	-118.3765	-384.9345	266.558	2.22546	0.4919964
20436	-112.9569	-379.2057	266.2488	2.534582	0.4899804
20442	-111.903	-377.9643	266.0613	2.681922	0.3710933
20448	-109.185	-375.1377	265.9527	2.797287	0.3813829
20454	-95.58637	-361.7326	266.1462	2.589388	0.3606291
20460	-108.3153	-374.4203	266.105	2.668948	0.4338114
20466	-113.4352	-379.4335	265.9983	2.725039	0.3459041
20472	-113.3153	-379.7126	266.3973	2.353995	0.638005
20478	-103.3354	-369.6296	266.2942	2.488252	0.4761526
20484	-107.7308	-374.2652	266.5344	2.194203	0.684618
20490	-100.5819	-367.0782	266.4963	2.278475	0.5693632
20496	-117.2282	-383.4481	266.2199	2.546016	0.4116969
20502	-116.0003	-382.0284	266.0281	2.680465	0.3304649
20508	-100.9238	-366.8494	265.9256	2.763166	0.3126649
20514	-101.2558	-367.185	265.9292	2.711715	0.2781851
20520	-118.0411	-383.9129	265.8718	2.815285	0.3112794
20526	-115.8712	-381.9685	266.0973	2.682373	0.4570252
20532	-103.0751	-369.3418	266.2667	2.514747	0.4678194
20538	-101.1228	-367.5248	266.402	2.381397	0.4897045
20544	-105.2106	-371.6032	266.3927	2.381397	0.5722656
20550	-103.4825	-369.9216	266.4391	2.230304	0.7783821
20556	-111.6269	-378.0336	266.4067	2.306832	0.7111998
20562	-109.4947	-376.0471	266.5524	2.164382	0.7056106
20568	-108.2086	-374.7503	266.5417	2.172535	0.7100855
20574	-107.3067	-373.683	266.3763	2.406944	0.5137986
20580	-99.37973	-365.8384	266.4587	2.249346	0.7203828
20586	-99.60663	-366.0565	266.4498	2.317207	0.5965523
20592	-103.4115	-369.8027	266.3912	2.392191	0.5097453
20598	-103.171	-369.7977	266.6268	2.10193	0.6844922
20604	-100.1258	-366.4309	266.3051	2.052693	1.113012
20610	-103.4719	-369.9904	266.5184	2.080342	0.8684788
20616	-101.6054	-368.2519	266.6465	1.952306	0.8684788
20622	-103.4087	-370.0432	266.6345	2.136437	0.5838271
20628	-109.4782	-375.7765	266.2984	2.465689	0.6054805
20634	-106.8783	-373.3108	266.4325	2.331537	0.6054805
20640	-132.0181	-398.2273	266.2092	2.562028	0.4255285
20646	-131.8308	-397.8333	266.0024	2.74807	0.3821408
20652	-126.0924	-392.4577	266.3653	2.418197	0.4943257
20658	-127.5243	-394.0075	266.4832	2.2625	0.6505699
20664	-128.1254	-394.5036	266.3782	2.403461	0.4693441
20670	-131.589	-397.8536	266.2646	2.517442	0.5287196
20676	-131.9341	-398.1375	266.2034	2.557601	0.401097
20682	-121.1163	-386.7866	265.6703	2.877511	0.2303092
20688	-124.2301	-390.0379	265.8078	2.829326	0.2758406
20694	-110.0667	-376.0376	265.9709	2.718799	0.3134407
20700	-99.19465	-364.9626	265.7679	2.83466	0.256217
20706	-102.6217	-368.2542	265.6325	2.932512	0.2378967
20712	-99.76445	-365.7395	265.9751	2.675779	0.2845801
20718	-107.3312	-372.9217	265.5906	3.037527	0.2703942
20724	-105.3614	-371.0967	265.7354	2.92448	0.2906673
20730	-98.85187	-364.8144	265.9625	2.691948	0.2870157
20736	-99.61134	-365.8341	266.2228	2.557054	0.4577044
20742	-107.3426	-373.3656	266.023	2.687019	0.3318519
20748	-107.8156	-373.7636	265.9481	2.773841	0.3442909
20754	-124.2057	-390.7439	266.5382	1.953793	0.9846126
20760	-117.9973	-384.1453	266.1481	2.570995	0.3411991
20766	-119.8433	-385.7636	265.9203	2.797434	0.3397613
20772	-107.3625	-373.9723	266.6098	2.115067	0.691494
20778	-104.3929	-370.7725	266.3796	2.401742	0.4668461
20784	-104.2105	-370.6144	266.4039	2.359517	0.4061767
20790	-97.44837	-364.1878	266.7394	1.626522	1.10559
20796	-97.91834	-362.7687	264.8504	1.366132	2.609754
20802	-107.8922	-372.3647	264.4726	1.330028	2.863019
20808	-108.1021	-374.3291	266.2271	1.572651	1.561263
20814	-107.0489	-373.2106	266.1617	1.578984	1.604416
20820	-103.2284	-369.4385	266.2101	1.743106	1.446261
20826	-105.7652	-372.3852	266.62	1.917554	0.9371115
20832	-115.3321	-381.8885	266.5563	2.096481	0.8010732
20838	-118.5011	-384.8273	266.3262	2.247164	0.8977441
20844	-120.7726	-387.3053	266.5327	2.218201	0.6388971
20850	-116.3001	-382.6975	266.3974	2.222863	0.8426153
20856	-116.1172	-382.7364	266.6192	2.045383	0.7851867
20862	-120.5368	-386.9091	266.3723	2.140374	0.9634002
20868	-106.6673	-373.1031	266.4359	2.077502	0.9626722
20874	-107.7414	-374.2621	266.5207	1.89649	1.057964
20880	-108.5313	-374.9173	266.386	2.28477	0.776456
20886	-94.85429	-361.3749	266.5206	2.150209	0.776456
20892	-99.80729	-366.357	266.5497	2.069408	0.8440822
20898	-95.54061	-362.2718	266.7312	1.997197	0.685045
20904	-101.1173	-367.6712	266.554	2.226302	0.5417924
20910	-105.6529	-372.1914	266.5385	2.180293	0.7021703
20916	-103.8424	-370.3431	266.5008	1.92564	1.049173
20922	-115.5795	-382.1935	266.614	1.806025	1.055277
20928	-114.0112	-380.5987	266.5876	1.935387	0.9526485
20934	-110.3396	-375.9261	265.5865	1.892025	1.790298
20940	-106.9657	-373.2776	266.312	1.749346	1.362314
20946	-111.2203	-377.5622	266.3419	1.719399	1.362314
20952	-109.861	-375.9841	266.1231	1.634977	1.591768
20958	-116.6155	-381.944	265.3285	1.496611	2.225922
20964	-100.5798	-367.2041	266.6243	1.865558	0.9868195
20970	-89.55956	-356.1246	266.5651	2.096577	0.7891539
20976	-86.69161	-353.1584	266.4668	1.853298	1.14681
20982	-96.27505	-362.6781	266.4031	2.20963	0.8518516
20988	-92.6783	-359.1583	266.48	1.962299	1.033844
20994	-98.26104	-364.59	266.329	1.880778	1.241761
21000	-107.9366	-373.9245	265.9879	1.673942	1.661227
21006	-91.60837	-357.7668	266.1584	1.5928	1.596739
21012	-100.5606	-366.5396	265.9789	1.692985	1.654005
21018	-101.3302	-367.078	265.7478	1.621677	1.865377
21024	-102.7024	-368.2302	265.5278	1.646391	1.997155
21030	-100.6057	-366.9194	266.3137	1.703324	1.397041
21036	-95.96643	-361.2183	265.2518	1.686167	2.152743
21042	-99.19875	-364.9322	265.7334	1.85115	1.71613
21048	-97.15623	-363.1315	265.9753	1.723708	1.634561
21054	-92.33482	-358.3894	266.0546	1.700342	1.594053
21060	-103.5548	-369.9932	266.4384	1.663755	1.329816
21066	-94.94205	-361.3943	266.4523	1.833127	1.177288
21072	-100.7213	-366.8131	266.0918	1.842453	1.460741
21078	-100.0703	-363.9088	263.8385	1.386576	3.208766
21084	-103.445	-366.7491	263.304	1.496153	3.458722
21090	-119.4348	-385.8943	266.4594	2.096932	0.9166994
21096	-113.9828	-380.4642	266.4814	2.08958	0.9004659
21102	-109.3118	-375.8063	266.4945	1.697635	1.256481
21108	-101.9747	-368.3684	266.3936	1.973946	1.104099
21114	-102.7221	-369.3541	266.632	1.973946	0.8599977
21120	-113.794	-380.1998	266.4058	2.373971	0.5451347
21126	-108.2379	-374.4697	266.2318	2.550191	0.4719523
21132	-106.8109	-373.1663	266.3554	2.428037	0.5094009
21138	-103.4431	-369.7046	266.2615	2.521953	0.5094009
21144	-108.6556	-373.3236	264.668	1.44948	2.670822
21150	-102.9946	-367.6589	264.6642	1.453244	2.670822
21156	-107.2252	-373.0131	265.7879	1.428556	1.968855
21162	-116.4607	-382.9352	266.4744	1.765389	1.216417
21168	-107.495	-373.8971	266.4021	1.871225	1.187774
21174	-103.0876	-369.3071	266.2194	1.660944	1.501393
21180	-112.1375	-378.2529	266.1154	1.792039	1.481002
21186	-117.8986	-384.5585	266.6599	1.754203	1.060866
21192	-116.7306	-383.2477	266.5171	1.907955	1.050455
21198	-106.5857	-372.9915	266.4058	1.65663	1.361459
21204	-113.6233	-379.3337	265.7104	1.767999	1.790374
21210	-118.5329	-384.9385	266.4056	2.284165	0.7489477
21216	-119.5123	-385.9851	266.4728	2.236168	0.7187915
21222	-113.0389	-379.6408	266.6019	1.752042	1.116456
21228	-102.6975	-369.1592	266.4616	1.973812	1.040508
21234	-102.1836	-368.5837	266.4001	2.366251	0.4127922
21240	-97.98766	-364.2825	266.2948	2.460278	0.6291154
21246	-100.7643	-367.2137	266.4494	2.294563	0.6542817
21252	-102.0169	-368.4746	266.4577	2.252494	0.7167285
21258	-102.1846	-368.5102	266.3256	2.457531	0.5145973
21264	-95.69455	-361.8027	266.1082	2.663202	0.4258755
21270	-91.10343	-357.2213	266.1179	2.593668	0.3334207
21276	-89.94897	-356.1273	266.1783	2.578969	0.3939224
21282	-92.9438	-359.1706	266.2269	2.543589	0.4232221
21288	-96.51166	-362.9072	266.3955	2.362634	0.395577
21294	-86.58751	-353.1647	266.5772	2.196737	0.5727184
21300	-96.72601	-363.1449	266.4189	2.363911	0.5204755
21306	-100.9306	-367.341	266.4104	2.373	0.490739
21312	-95.3378	-361.7538	266.416	2.296643	0.7127015
21318	-96.37333	-363.0411	266.6678	2.066769	0.6733909
21324	-112.9129	-379.4432	266.5303	2.178227	0.719548
21330	-115.571	-382.0256	266.4547	2.323343	0.4489278
21336	-119.1182	-385.3285	266.2103	2.567682	0.4489278
21342	-114.7878	-380.5792	265.7914	2.837732	0.271043
21348	-109.821	-375.543	265.722	2.907216	0.271043
21354	-104.9896	-370.874	265.8844	2.758232	0.2792494
21360	-108.3346	-374.1499	265.8153	2.870491	0.3101545
21366	-118.43	-384.3749	265.9449	2.772837	0.3398095
21372	-112.2479	-378.7828	266.5349	1.984227	0.9566786
21378	-117.6997	-384.3721	266.6724	1.846686	0.9566786
21384	-136.6474	-402.7501	266.1027	2.669174	0.4272459
21390	-129.0876	-395.3217	266.2341	2.549459	0.4938008
21396	-129.1491	-395.4425	266.2933	2.484383	0.5562412
21402	-126.8433	-393.146	266.3027	2.443838	0.6488015
21408	-123.5361	-389.9922	266.4561	2.015875	1.004793
21414	-113.6939	-380.0999	266.4059	2.180928	0.8823684
21420	-120.3305	-386.689	266.3585	2.265738	0.8377134
21426	-121.0791	-387.2954	266.2163	1.929378	1.29465
21432	-114.0156	-380.598	266.5823	2.137973	0.6995659
21438	-122.5613	-389.1998	266.6385	1.717591	1.114594
21444	-120.1819	-386.6871	266.5052	1.639066	1.295798
21450	-118.125	-384.5657	266.4407	1.470712	1.478032
21456	-118.2098	-384.5498	266.3401	1.571334	1.478032
21462	-125.4362	-391.929	266.4927	2.13769	0.8300053
21468	-120.8138	-387.3331	266.5194	2.13769	0.7953766
21474	-115.0177	-381.799	266.7813	1.830299	0.8531684
21480	-112.5788	-379.3602	266.7813	1.830299	0.8531684
21486	-120.2605	-386.828	266.5675	1.833558	1.073176
21492	-116.1701	-382.9007	266.7306	1.783889	0.9614807
21498	-115.8771	-382.3905	266.5134	2.022619	0.938808
21504	-115.178	-381.7844	266.6064	2.02073	0.8341564
21510	-124.8363	-391.2823	266.446	2.178334	0.8376408
21516	-113.1706	-379.7289	266.5584	2.016371	0.8962183
21522	-115.0367	-381.7026	266.6659	1.667418	1.135039
21528	-115.9226	-382.3817	266.4591	1.767048	1.227965
21534	-125.2239	-391.3226	266.0987	1.568271	1.65755
21540	-114.6182	-379.9771	265.3589	1.77513	2.023838
21546	-110.4865	-376.2813	265.7948	1.587329	1.856743
21552	-112.4502	-377.4871	265.0368	1.684335	2.292657
21558	-98.51364	-364.564	266.0504	1.763973	1.55048
21564	-116.2726	-382.3584	266.0858	1.580746	1.657876
21570	-114.2847	-380.4013	266.1166	1.582562	1.634466
21576	-98.79295	-365.0852	266.2922	1.669277	1.439914
21582	-96.65443	-362.9222	266.2678	1.693687	1.439914
21588	-117.155	-383.6388	266.4837	1.569523	1.368669
21594	-104.7079	-371.136	266.4281	2.348234	0.5626515
21600	-99.04232	-365.5634	266.5211	2.187756	0.7190444
21606	-101.163	-367.6726	266.5097	2.21522	0.6914309
21612	-95.53392	-362.1529	266.6189	2.141182	0.6162896
21618	-97.63846	-364.0604	266.4219	2.358351	0.4603989
21624	-98.14373	-364.6439	266.5001	2.280895	0.465045
21630	-90.13285	-356.7336	266.6008	2.126205	0.6876592
21636	-106.0824	-372.5821	266.4997	2.210152	0.71742
21642	-104.1894	-370.5777	266.3884	2.124073	0.9636183
21648	-94.99585	-361.5508	266.555	2.124073	0.7647443
21654	-100.2168	-366.7609	266.5441	2.134902	0.7647443
21660	-107.9228	-374.3821	266.4593	2.181565	0.8166542
21666	-106.3965	-372.7085	266.3119	2.328961	0.8166542
21672	-103.7338	-370.4176	266.6837	1.96185	0.8105688
21678	-109.1856	-375.4951	266.3095	1.766036	1.351053
21684	-127.772	-390.1236	262.3515	1.244888	4.151966
21690	-106.2766	-372.7196	266.443	1.813515	1.202213
21696	-104.4174	-370.7002	266.2829	1.713699	1.41293
21702	-97.22701	-363.3483	266.1213	1.706337	1.54065
21708	-97.62974	-363.49	265.8602	1.547501	1.839167
21714	-92.98332	-359.2699	266.2866	1.683451	1.433366
21720	-97.72944	-363.8651	266.1357	1.698688	1.535673
21726	-107.765	-374.2537	266.4886	1.401913	1.493744
21732	-99.73148	-365.9884	266.2569	1.685621	1.45442
21738	-105.6078	-371.8615	266.2537	1.816206	1.355485
21744	-100.1594	-366.5465	266.3871	1.834417	1.231872
21750	-97.62272	-363.0545	265.4318	1.532378	2.135664
21756	-98.42745	-364.7139	266.2865	1.782686	1.356088
21762	-120.0666	-386.5148	266.4482	1.977526	1.049826
21768	-129.0658	-395.5065	266.4407	2.046959	0.989029
21774	-124.2238	-390.6736	266.4498	2.204638	0.7989239
21780	-99.37577	-365.8023	266.4265	2.350171	0.4433763
21786	-99.38738	-365.9947	266.6073	2.142833	0.6407804
21792	-107.2967	-373.7155	266.4188	2.331297	0.6407804
21798	-106.0218	-372.4929	266.4711	2.260381	0.6792087
21804	-114.1936	-380.4801	266.2865	2.400993	0.7522974
21810	-115.3951	-381.76	266.3649	2.400993	0.599972
21816	-112.9457	-379.3114	266.3657	2.416705	0.5251235
21822	-106.5543	-372.6138	266.0595	2.72233	0.4708538
21828	-103.1103	-369.0816	265.9713	2.72233	0.3167638
21834	-106.5789	-372.4905	265.9116	2.709338	0.2662504
21840	-100.5249	-366.3695	265.8446	2.829412	0.300934
21846	-104.4151	-370.0534	265.6383	2.985241	0.2677231
21852	-106.0831	-372.1989	266.1158	2.64299	0.3967987
21858	-98.96788	-364.9843	266.0164	2.653387	0.297765
21864	-99.69696	-365.5433	265.8464	2.799627	0.281423
21870	-99.67089	-365.5795	265.9086	2.766124	0.3014657
21876	-96.44506	-362.0467	265.6016	2.956238	0.2346942
21882	-104.389	-369.8305	265.4415	2.961431	0.1802666
21888	-98.38212	-364.1711	265.789	2.754671	0.2285528
21894	-103.5437	-368.8051	265.2614	3.097837	0.1685848
21900	-96.58723	-361.6958	265.1086	3.250702	0.1685848
21906	-103.0802	-368.0944	265.0143	3.250702	0.1469066
21912	-103.7261	-368.1962	264.4701	3.617736	0.1155865
21918	-107.8911	-372.6021	264.711	3.376865	0.1155865
21924	-108.1566	-373.3626	265.206	3.176769	0.1747341
21930	-104.2883	-369.4511	265.1627	3.205847	0.1709855
21936	-102.3064	-367.297	264.9906	3.265765	0.1451274
21942	-109.9189	-375.0604	265.1415	3.239254	0.1741968
21948	-101.7525	-366.7729	265.0204	3.247918	0.1476053
21954	-101.1988	-366.2692	265.0704	3.293681	0.1698295
21960	-103.8266	-368.8674	265.0408	3.304079	0.1649805
21966	-102.6927	-368.267	265.5743	2.968274	0.2281193
21972	-104.3739	-369.7828	265.4089	3.093974	0.212492
21978	-101.3283	-366.4624	265.1341	3.093974	0.1395024
21984	-97.60211	-362.6502	265.0481	3.253679	0.1548642
21990	-91.33105	-356.6086	265.2775	3.037133	0.1577918
21996	-107.8764	-373.3682	265.4917	3.030306	0.2197781
22002	-100.11	-365.5665	265.4565	3.00959	0.1995867
22008	-105.4723	-370.9094	265.437	3.067323	0.2130233
22014	-114.2646	-379.8515	265.5869	2.917486	0.2130233
22020	-105.4963	-370.7919	265.2956	3.088262	0.1750304
22026	-108.6837	-373.946	265.2623	3.089582	0.1667172
22032	-104.9425	-370.1713	265.2288	3.123054	0.1667172
22038	-109.1752	-374.5058	265.3306	3.10807	0.190802
22044	-110.1742	-375.4013	265.2271	3.163773	0.1769229
22050	-117.5057	-382.8933	265.3876	2.96606	1.116796
22056	-121.1574	-386.8434	265.686	3.00884	0.7412178
22062	-105.7287	-370.9532	265.2245	3.143442	0.1708229
22068	-103.033	-368.495	265.462	3.031166	0.2089421
22074	-124.1358	-389.538	265.4022	2.482094	1.498452
22080	-132.4486	-399.012	266.5634	2.069415	0.8270351
22086	-133.5418	-400.3074	266.7656	1.9236	0.7497973
22092	-130.9224	-397.7203	266.7979	1.963527	0.6128517
22098	-121.8569	-388.3052	266.4484	2.112981	0.9112194
22104	-108.3106	-374.7429	266.4323	2.347743	0.4590051
22110	-109.2069	-375.5402	266.3333	2.44889	0.4736998
22116	-115.6367	-381.7989	266.1622	2.549948	0.334048
22122	-130.0826	-395.5917	265.5091	2.466542	1.429073
22128	-120.4286	-384.8698	264.4411	2.006647	2.465722
22134	-114.1301	-380.6855	266.5555	2.197792	0.633511
22140	-113.4618	-380.1943	266.7325	2.022109	0.6301614
22146	-123.1321	-389.7007	266.5686	1.977506	0.9279504
22152	-117.5219	-383.9283	266.4064	2.091242	0.978829
22158	-107.8099	-374.361	266.5511	1.882556	1.042255
22164	-103.6424	-370.0611	266.4187	2.161521	0.8899475
22170	-101.6726	-368.26	266.5873	2.028428	0.8481247
22176	-102.1224	-368.5569	266.4345	2.271388	0.7238015
22182	-121.4273	-386.9481	265.5207	1.618198	2.020609
22188	-126.3784	-391.3223	264.9439	1.513757	2.45954
22194	-121.9053	-388.2453	266.34	1.712508	1.369274
22200	-123.1774	-389.5975	266.4201	2.356728	0.5604602
22206	-97.89106	-364.4109	266.5199	2.061771	0.8883711
22212	-96.35123	-362.8889	266.5376	2.22061	0.6212009
22218	-98.10892	-364.5973	266.4883	2.279803	0.5931574
22224	-107.3028	-373.4873	266.1845	2.596221	0.4628033
22230	-107.5669	-373.7427	266.1758	2.603369	0.5483259
22236	-101.4319	-367.8025	266.3706	2.412978	0.5015278
22242	-104.7422	-371.1982	266.456	2.325005	0.5368421
22248	-106.4106	-372.9083	266.4977	2.284555	0.5258801
22254	-96.26595	-362.4441	266.1782	2.557468	0.3607145
22260	-98.55823	-364.7985	266.2403	2.521694	0.4031421
22266	-99.59854	-365.7302	266.1316	2.590967	0.3450899
22272	-105.566	-371.9322	266.3663	2.416884	0.485097
22278	-101.7533	-367.7863	266.0329	2.616173	0.2834259
22284	-108.4701	-374.3048	265.8347	2.836616	0.2988913
22290	-106.5779	-372.6863	266.1084	2.595315	0.3258429
22296	-107.2955	-372.9256	265.6301	2.945252	0.2426529
22302	-106.1267	-371.7928	265.6661	2.964363	0.2717853
22308	-105.0565	-370.8279	265.7714	2.816006	0.2484746
22314	-109.6499	-375.2001	265.5501	2.966198	0.2175601
22320	-96.68622	-362.1519	265.4657	3.078514	0.2287715
22326	-99.04404	-364.6631	265.6191	2.933859	0.2325354
22332	-100.8705	-366.4211	265.5506	3.024431	0.2425376
22338	-108.4372	-374.5021	266.0649	2.620962	0.3102336
22344	-99.01744	-365.1276	266.1102	2.568142	0.3042317
22350	-102.3332	-368.1389	265.8056	2.835211	0.2781509
22356	-99.95494	-365.649	265.6941	2.865315	0.2353664
22362	-106.0718	-371.6603	265.5885	2.949437	0.2261806
22368	-110.3435	-376.0294	265.6859	2.852027	0.2261806
22374	-107.831	-373.2322	265.4012	3.03782	0.190915
22380	-112.5484	-377.4552	264.9068	3.293614	0.1342872
22386	-107.2176	-372.0997	264.8822	3.30337	0.1315942
22392	-113.9989	-377.0633	263.0644	1.094974	3.830123
22398	-110.4604	-374.2266	263.7662	1.013932	3.470435
22404	-115.0317	-379.5613	264.5296	3.495668	0.1066517
22410	-122.9076	-387.5987	264.6911	3.495668	0.1318116
22416	-114.2121	-379.2222	265.0101	3.31298	0.1597457
22422	-113.7342	-378.8599	265.1257	3.227203	0.1669767
22428	-112.3767	-377.8411	265.4644	3.017704	0.2050492
22434	-127.4472	-393.712	266.2648	2.411956	0.7680554
22440	-124.2296	-390.0375	265.8079	2.621691	1.046117
22446	-122.2554	-387.245	264.9896	1.938902	2.158924
22452	-124.7245	-390.788	266.0635	2.120207	1.263473
22458	-124.2782	-390.1835	265.9053	2.110512	1.397989
22464	-127.7778	-393.165	265.3872	2.00801	1.847778
22470	-122.1323	-386.956	264.8237	1.60958	2.474835
22476	-134.7402	-397.886	263.1458	1.658283	3.456433
22482	-118.1927	-384.649	266.4563	2.201891	0.7938636
22488	-113.4148	-379.9687	266.554	1.996599	0.9230609
22494	-127.7411	-394.3798	266.6387	1.920988	0.9130456
22500	-120.1051	-386.839	266.7339	2.038549	0.578585
22506	-126.4894	-392.8818	266.3925	2.380813	0.4316033
22512	-120.3512	-386.8266	266.4753	2.270447	0.6503703
22518	-116.2319	-382.6206	266.3887	2.386126	0.5690874
22524	-117.2631	-380.7479	263.4849	1.644799	3.265184
22530	-118.6579	-383.4354	264.7775	1.442127	2.607821
22536	-117.5266	-381.6701	264.1434	1.725456	2.822787
22542	-105.987	-371.0173	265.0303	1.75136	2.253845
22548	-109.4525	-375.3	265.8475	2.056611	1.483528
22554	-114.1058	-379.8874	265.7817	2.158228	1.456423
22560	-117.2142	-382.5816	265.3674	1.532508	2.177527
22566	-124.7166	-389.2585	264.5418	1.629364	2.637739
22572	-114.3735	-381.0377	266.6642	1.84918	0.9626904
22578	-121.8251	-388.3745	266.5494	1.859344	1.06593
22584	-114.1122	-380.7169	266.6047	1.841184	1.030374
22590	-119.0551	-385.7187	266.6636	1.812739	1.000391
22596	-122.8314	-388.8946	266.0631	1.825609	1.495093
22602	-119.0102	-385.0973	266.0871	1.606698	1.638309
22608	-105.0797	-371.0683	265.9886	1.636755	1.687269
22614	-120.6898	-387.1097	266.4199	2.321069	0.6605804
22620	-114.4912	-380.2521	265.7609	1.645561	1.840029
22626	-112.3021	-378.4882	266.1861	1.340044	1.757112
22632	-118.5532	-384.7948	266.2415	2.529079	0.5849837
22638	-108.9467	-375.235	266.2883	2.485509	0.5733992
22644	-118.2764	-384.7129	266.4365	1.847293	1.178693
22650	-112.4155	-378.7547	266.3392	2.436826	0.5642921
22656	-115.1802	-381.5991	266.4189	2.340086	0.6191528
22662	-108.6332	-375.1207	266.4875	2.294931	0.4764602
22668	-106.5834	-372.7748	266.1914	2.552153	0.3715876
22674	-108.2216	-374.4449	266.2234	2.557651	0.4650597
22680	-104.9325	-371.358	266.4256	2.357668	0.5138642
22686	-119.0562	-385.6003	266.5441	2.039417	0.8862017
22692	-108.2516	-374.7524	266.5008	2.183826	0.7565934
22698	-108.1655	-374.7208	266.5553	2.157489	0.7125346
22704	-106.163	-372.729	266.566	1.98664	0.9207434
22710	-128.9507	-394.1596	265.209	1.962051	1.99926
22716	-128.1048	-394.4334	266.3286	1.899812	1.226049
22722	-114.5494	-379.6692	265.1198	2.255544	1.861343
22728	-123.0514	-389.2307	266.1794	1.568994	1.598836
22734	-118.0999	-381.8445	263.7447	2.023485	2.883858
22740	-116.6543	-382.639	265.9848	1.426084	1.837022
22746	-117.5057	-383.3234	265.8178	1.232112	2.079496
22752	-114.7773	-380.4675	265.6901	1.359751	2.079496
22758	-117.4832	-382.8289	265.3457	1.514651	2.203124
22764	-121.8422	-388.363	266.5208	2.079808	0.866298
22770	-114.6838	-377.0622	262.3784	1.119446	4.207945
22776	-107.0413	-370.8722	263.8308	1.111289	3.375594
22782	-94.22143	-358.4716	264.2502	1.369023	2.97366
22788	-98.78459	-363.9916	265.2071	1.411439	2.35804
22794	-94.44441	-359.7332	265.2888	1.625284	2.168301
22800	-95.73388	-361.7192	265.9853	1.5132	1.776405
22806	-94.29754	-360.6848	266.3872	2.093291	0.9961991
22812	-101.29	-367.8626	266.5726	1.930891	0.972875
22818	-99.48604	-366.0509	266.5648	1.938657	0.972875
22824	-98.11746	-364.6302	266.5128	2.085438	0.869135
22830	-95.48038	-361.9595	266.4791	2.205782	0.7562349
22836	-103.0281	-369.7497	266.7216	1.946179	0.7806953
22842	-107.6693	-374.3125	266.6432	2.091556	0.673023
22848	-106.6489	-373.1533	266.5044	2.206967	0.7148927
22854	-97.73179	-364.2289	266.4971	2.258001	0.6290053
22860	-100.319	-366.665	266.346	2.417773	0.606232
22866	-92.40664	-359.0351	266.6285	2.090702	0.7015017
22872	-95.65109	-362.2301	266.579	2.124161	0.7282014
22878	-103.6822	-370.1708	266.4886	2.294276	0.5190342
22884	-103.9467	-370.0775	266.1309	2.641577	0.4289491
22890	-94.14691	-360.4666	266.3197	2.455087	0.4364396
22896	-93.06351	-359.3803	266.3168	2.460555	0.4463435
22902	-95.40067	-361.5936	266.1929	2.513567	0.3284611
22908	-100.3078	-365.9058	265.598	2.852882	0.1946503
22914	-98.44822	-364.7825	266.3343	2.449217	0.5064126
22920	-120.1666	-386.6511	266.4845	2.08996	0.8965372
22926	-115.7544	-382.3594	266.605	2.047045	0.802043
22932	-115.3115	-382.0084	266.6969	1.987714	0.7566577
22938	-107.3317	-373.8144	266.4828	1.797031	1.182124
22944	-122.572	-388.9525	266.3806	1.559127	1.456557
22950	-109.8861	-376.2891	266.403	2.380411	0.4895315
22956	-109.3004	-375.7449	266.4445	2.33892	0.4895315
22962	-121.6492	-387.8118	266.1626	2.141391	1.161074
22968	-124.834	-391.15	266.316	2.331128	0.8085451
22974	-114.7621	-381.1176	266.3555	1.631558	1.420229
22980	-108.714	-375.2342	266.5202	1.74264	1.196766
22986	-103.3939	-370.0409	266.647	1.621034	1.192256
22992	-102.0869	-368.7994	266.7125	1.941496	0.7995171
22998	-95.69027	-362.3835	266.6932	2.036543	0.6824522
23004	-97.52142	-364.0436	266.5221	2.207632	0.6824522
23010	-99.10869	-365.5877	266.479	2.268745	0.6461846
23016	-103.9867	-370.5438	266.5571	2.181928	0.6644188
23022	-102.9563	-369.5685	266.6122	2.105389	0.7043361
23028	-106.6589	-373.162	266.5031	2.064278	0.9045466
23034	-104.9858	-371.5609	266.575	2.014064	0.8797826
23040	-94.49042	-361.2943	266.8038	1.78527	0.8797826
23046	-95.94095	-362.5205	266.5795	1.853136	1.043167
23052	-102.5857	-369.069	266.4832	1.974442	1.018901
23058	-99.42345	-366.1845	266.7611	1.873563	0.8246614
23064	-94.81408	-361.3282	266.5141	2.111172	0.8363998
23070	-95.63477	-362.19	266.5552	2.117148	0.7743012
23076	-109.7628	-376.4577	266.6949	2.034579	0.6831002
23082	-117.7177	-383.0382	265.3205	1.319848	2.344176
23088	-102.969	-368.3881	265.4191	1.221237	2.344176
23094	-105.7082	-372.1408	266.4326	1.367011	1.561356
23100	-110.9285	-376.9633	266.0348	1.566013	1.704619
23106	-103.9432	-370.1689	266.2257	1.618716	1.528221
23112	-103.5819	-370.3976	266.8157	1.946424	0.6110146
23118	-99.01507	-365.6701	266.6551	2.114405	0.588836
23124	-93.80215	-360.4649	266.6627	2.115764	0.5521842
23130	-104.4736	-371.0435	266.5699	2.176741	0.6485493
23136	-100.4922	-367.189	266.6968	1.929912	0.8346413
23142	-95.60041	-362.3569	266.7565	1.952817	0.7182731
23148	-93.76455	-360.4215	266.6569	2.052372	0.7182731
23154	-103.0673	-369.6396	266.5723	2.210298	0.5225103
23160	-115.1804	-382.013	266.8327	1.75743	0.8786043
23166	-105.9482	-372.3392	266.391	2.035116	1.049471
23172	-117.1503	-383.8109	266.6606	1.944525	0.86095
23178	-112.4696	-378.6934	266.2238	2.183949	1.066814
23184	-115.6035	-381.8933	266.2899	1.756682	1.373947
23190	-111.5489	-377.1177	265.5688	1.366139	2.154719
23196	-102.5102	-368.3997	265.8895	1.623596	1.766271
23202	-109.591	-374.7657	265.1747	1.425558	2.369594
23208	-108.3122	-374.0413	265.7291	1.719344	1.811125
23214	-102.1185	-367.8503	265.7319	1.386825	2.034043
23220	-114.6922	-375.7897	261.0975	1.185916	4.890289
23226	-109.867	-372.1309	262.2639	1.483595	4.065951
23232	-112.7229	-376.6295	263.9067	1.534984	3.080017
23238	-111.3532	-375.1411	263.7879	1.661004	3.075668
23244	-113.7165	-378.2243	264.5078	1.545534	2.71021
23250	-113.3136	-377.7953	264.4817	1.896761	2.509087
23256	-115.5207	-380.083	264.5623	1.816155	2.509087
23262	-119.0262	-384.5198	265.4936	1.917375	1.836928
23268	-113.2676	-378.9624	265.6949	1.785236	1.78919
23274	-110.6889	-376.9153	266.2263	1.701419	1.465653
23280	-116.0162	-381.8877	265.8715	1.498372	1.865074
23286	-115.4758	-381.358	265.8822	1.608602	1.781756
23292	-110.793	-376.7561	265.963	1.527823	1.781756
23298	-119.8121	-385.0745	265.2624	1.183132	2.467165
23304	-115.4736	-381.8399	266.3663	1.689119	1.366966
23310	-102.6029	-369.1431	266.5402	1.753393	1.170117
23316	-106.365	-373.0429	266.6779	1.912711	0.8780737
23322	-115.6321	-382.1201	266.4879	2.25345	0.6596897
23328	-115.725	-382.2148	266.4898	2.290516	0.5418483
23334	-107.3583	-373.844	266.4857	1.921708	1.067189
23340	-101.1372	-367.6002	266.463	1.94437	1.067189
23346	-108.9216	-375.2483	266.3267	1.890276	1.235667
23352	-110.9273	-376.686	265.7587	1.474008	1.957962
23358	-103.5685	-369.1223	265.5538	1.326892	2.189977
23364	-92.23923	-357.2401	265.0009	1.327742	2.540158
23370	-104.7738	-370.3661	265.5923	1.352957	2.148004
23376	-106.0515	-369.0676	263.016	1.244892	3.771681
23382	-102.5897	-365.463	262.8732	1.526323	3.691629
23388	-110.2964	-374.7042	264.4078	1.5047	2.796274
23394	-121.4889	-386.9608	265.4719	1.385193	2.20525
23400	-128.0252	-394.4407	266.4155	2.347485	0.6084635
23406	-121.2445	-387.6334	266.3889	2.394608	0.5083492
23412	-131.2288	-397.2839	266.0551	2.71955	0.4359707
23418	-126.0014	-392.0816	266.0801	2.664179	0.3726385
23424	-119.7105	-385.6176	265.9071	2.824438	0.3555568
23430	-123.1446	-389.0268	265.8822	2.863337	0.3744256
23436	-121.1529	-387.3222	266.1694	2.602758	0.4280433
23442	-117.5777	-383.7339	266.1562	2.606884	0.4054818
23448	-129.5874	-395.5124	265.925	2.79509	0.3422915
23454	-116.6492	-382.1827	265.5335	2.998524	0.2237454
23460	-117.0966	-382.9668	265.8703	2.743913	0.2624585
23466	-114.4301	-380.2827	265.8527	2.82199	0.3014333
23472	-111.6341	-377.469	265.835	2.82199	0.2886982
23478	-118.2703	-383.934	265.6637	3.041333	0.3270953
23484	-108.8175	-374.9014	266.0839	2.61128	0.3181224
23490	-114.4691	-380.4386	265.9695	2.765931	0.3604424
23496	-113.5456	-379.6448	266.0992	2.654527	0.3874623
23502	-123.6132	-386.1321	262.5189	1.329527	4.008329
23508	-121.5843	-384.16	262.5756	1.448389	3.907862
23514	-106.7724	-373.0371	266.2647	2.496254	0.4009946
23520	-111.8018	-378.0787	266.277	2.502521	0.4560688
23526	-108.3633	-374.5953	266.232	2.505077	0.3625218
23532	-96.88205	-363.3283	266.4462	2.33706	0.512513
23538	-103.7293	-370.4519	266.7226	2.010444	0.6762677
23544	-97.74251	-364.2157	266.4732	2.310183	0.4901207
23550	-96.72641	-363.0966	266.3702	2.404181	0.5711672
23556	-107.108	-373.5434	266.4353	2.342386	0.4476646
23562	-104.1251	-370.8858	266.7607	1.969396	0.6819139
23568	-106.8494	-373.44	266.5906	2.131221	0.696924
23574	-105.0907	-371.5896	266.4988	1.947385	1.030083
23580	-104.2243	-370.6408	266.4164	2.355544	0.5802326
23586	-104.1599	-370.4962	266.3363	2.401163	0.6676346
23592	-109.2074	-375.7022	266.4948	2.117012	0.852928
23598	-112.9424	-379.5373	266.5949	2.162142	0.6241882
23604	-110.9433	-377.4096	266.4663	2.315856	0.4740512
23610	-113.3878	-379.8403	266.4526	2.315856	0.5921541
23616	-106.4964	-373.0166	266.5202	2.248223	0.5921541
23622	-111.8362	-378.5244	266.6882	2.015735	0.727024
23628	-113.0999	-379.588	266.4882	2.238284	0.6886269
23634	-113.8414	-380.3001	266.4587	2.242512	0.731261
23640	-101.4706	-368.0301	266.5594	2.134601	0.7424636
23646	-98.6301	-365.2172	266.5871	2.057988	0.8112263
23652	-98.72676	-365.2502	266.5234	2.048113	0.8998624
23658	-105.5797	-372.0484	266.4687	2.084294	0.9203637
23664	-107.9876	-373.8316	265.844	1.857648	1.632629
23670	-109.49	-375.9414	266.4514	1.565212	1.397371
23676	-117.09	-383.037	265.9471	1.585827	1.752425
23682	-119.0604	-384.2093	265.149	1.515319	2.328933
23688	-111.7524	-377.7177	265.9653	1.573104	1.748534
23694	-107.8915	-373.1435	265.2521	1.450594	2.304471
23700	-117.3366	-381.5723	264.2358	1.269938	3.041727
23706	-124.8199	-388.0061	263.1862	0.9057342	3.868877
23712	-118.0665	-382.9201	264.8535	1.127447	2.754494
23718	-111.0807	-376.6422	265.5615	1.355008	2.166758
23724	-114.8461	-375.3981	260.552	1.213838	5.177605
23730	-111.9645	-372.4026	260.4381	0.8879339	5.420447
23736	-104.674	-368.8979	264.2239	1.12311	3.136433
23742	-106.8574	-371.9179	265.0606	1.273017	2.537088
23748	-99.88209	-365.596	265.7139	1.44157	2.009577
23754	-111.0405	-376.0196	264.979	1.60156	2.38207
23760	-111.1412	-374.769	263.6278	1.293144	3.388014
23766	-107.4292	-371.6991	264.2699	1.293188	3.007371
23772	-96.50423	-362.7864	266.2821	1.733036	1.398486
23778	-97.8047	-363.9285	266.1238	1.67562	1.561456
23784	-110.1914	-376.5656	266.3742	1.698273	1.353473
23790	-106.7167	-372.9174	266.2006	1.849933	1.370785
23796	-108.1609	-374.4942	266.3333	1.744037	1.349628
23802	-98.45034	-364.379	265.9287	1.581327	1.768398
23808	-108.8356	-375.555	266.7194	1.797683	0.9588189
23814	-93.30631	-359.7048	266.3985	1.676382	1.35157
23820	-106.9168	-373.3776	266.4608	1.614034	1.35157
23826	-117.7077	-383.529	265.8213	1.80692	1.685199
23832	-115.0025	-380.7949	265.7923	1.812807	1.701582
23838	-118.8673	-384.946	266.0787	1.572624	1.668756
23844	-124.9443	-389.4494	264.5051	1.573869	2.694503
23850	-117.8354	-383.5516	265.7162	1.683442	1.844712
23856	-124.3209	-390.2613	265.9404	1.556008	1.777907
23862	-108.6209	-374.3855	265.7646	1.680093	1.813719
23868	-118.6592	-385.0184	266.3592	1.431524	1.567904
23874	-120.0462	-386.3192	266.273	1.631453	1.483297
23880	-109.5022	-374.9038	265.4016	1.473888	2.19335
23886	-107.8319	-373.298	265.4661	1.441738	2.172346
23892	-105.2495	-370.424	265.1745	1.648237	2.227402
23898	-113.4024	-378.5265	265.1241	1.503293	2.352393
23904	-110.6192	-375.8027	265.1834	1.370413	2.398967
23910	-109.9533	-374.6859	264.7326	1.397532	2.663068
23916	-106.5863	-372.1512	265.5649	1.769241	1.889416
23922	-117.4973	-382.7191	265.2219	1.51223	2.284377
23928	-119.6432	-383.6041	263.9609	1.428927	3.110943
23934	-116.5793	-382.0316	265.4523	1.833047	1.922515
23940	-115.5191	-381.6344	266.1154	1.805495	1.470866
23946	-120.0202	-385.7141	265.6939	1.428454	2.031586
23952	-121.079	-384.7225	263.6436	1.386949	3.32363
23958	-121.8256	-385.2197	263.3941	1.491143	3.40894
23964	-111.6465	-376.7905	265.144	1.622117	2.26385
23970	-103.6411	-369.8192	266.1781	1.822327	1.409897
23976	-110.1784	-375.9432	265.7649	1.866874	1.682691
23982	-116.6233	-382.0761	265.4528	1.59232	2.082649
23988	-112.4641	-378.2477	265.7836	1.651849	1.820064
23994	-107.2622	-373.132	265.8698	1.563447	1.821617
24000	-97.83466	-363.3117	265.477	1.515668	2.117033
24006	-95.55064	-360.6558	265.1052	1.593494	2.307016
24012	-96.20814	-361.7105	265.5023	1.78764	1.919389
24018	-98.83228	-365.1499	266.3176	1.817948	1.302908
24024	-121.6469	-387.4531	265.8062	1.614124	1.830489
24030	-109.2602	-375.7243	266.4641	1.908377	1.099579
24036	-103.7302	-369.9141	266.1839	2.08361	1.192768
24042	-113.4988	-379.9888	266.49	1.930415	1.054852
24048	-108.8643	-375.336	266.4717	2.115394	0.8820716
24054	-121.8424	-388.3226	266.4802	2.246229	0.6885884
24060	-104.6249	-370.7447	266.1198	1.89973	1.395072
24066	-107.2567	-373.7191	266.4624	2.119235	0.8883686
24072	-106.8122	-373.0594	266.2471	2.480369	0.6866833
24078	-109.3743	-375.6986	266.3243	2.166113	0.986204
24084	-123.8856	-390.3162	266.4306	2.071943	0.9738775
24090	-127.0872	-393.5151	266.4279	2.3502	0.5541334
24096	-123.8677	-390.3498	266.4821	2.139479	0.8410296
24102	-114.2697	-380.6041	266.3344	2.446359	0.5387905
24108	-109.3723	-375.7092	266.3369	2.4387	0.5660596
24114	-112.5564	-378.8743	266.3179	2.464739	0.4787654
24120	-123.2191	-389.6896	266.4706	2.169059	0.818276
24126	-118.5699	-385.0085	266.4386	2.272615	0.7150935
24132	-113.3272	-379.7877	266.4605	2.318292	0.5507621
24138	-113.3866	-379.9884	266.6018	2.103223	0.7251831
24144	-121.1945	-387.6601	266.4656	2.317498	0.516241
24150	-109.8448	-376.4056	266.5608	2.113889	0.7710255
24156	-105.461	-372.1033	266.6423	2.078829	0.6981823
24162	-127.6983	-394.4615	266.7632	1.898349	0.7892625
24168	-114.1316	-380.5203	266.3886	1.816044	1.246005
24174	-109.6432	-376.2293	266.5861	1.890923	0.9997259
24180	-109.0759	-375.5797	266.5037	2.161327	0.7844537
24186	-110.7917	-377.3852	266.5935	1.989395	0.8869572
24192	-106.0888	-372.3536	266.2648	2.518434	0.4871783
24198	-106.8738	-373.4321	266.5583	2.20694	0.6020262
24204	-97.41212	-363.9743	266.5622	2.13384	0.7393483
24210	-112.1612	-378.7966	266.6354	1.654848	1.173014
24216	-110.7565	-376.6083	265.8517	1.74272	1.709131
24222	-115.3956	-381.4524	266.0568	1.546864	1.702653
24228	-108.7467	-374.5386	265.7919	1.446135	1.95442
24234	-102.7007	-366.9824	264.2818	1.520712	2.863081
24240	-101.4177	-366.9265	265.5088	1.345879	2.206802
24246	-114.5469	-377.9899	263.443	1.349852	3.463036
24252	-114.567	-380.5189	265.9519	1.617652	1.726671
24258	-104.7125	-371.1606	266.4481	1.775392	1.230233
24264	-115.0404	-381.3072	266.2668	1.578506	1.527568
24270	-119.6454	-385.5538	265.9085	1.646323	1.737088
24276	-130.7147	-397.0671	266.3525	1.884339	1.218986
24282	-109.5676	-376.1209	266.5533	2.162892	0.7067908
24288	-111.7002	-377.8918	266.1916	2.162892	1.11598
24294	-106.9373	-373.0639	266.1265	1.595931	1.617606
24300	-121.3584	-386.7366	265.3781	1.592854	2.131223
24306	-129.7556	-396.4243	266.6687	1.879808	0.925308
24312	-110.4715	-377.0144	266.5429	2.210097	0.6341539
24318	-107.5181	-373.6617	266.1436	2.637255	0.4641911
24324	-109.8856	-376.4586	266.573	2.190423	0.6073678
24330	-106.7095	-372.9327	266.2232	2.540209	0.6073678
24336	-109.239	-375.7886	266.5496	2.213799	0.6073678
24342	-109.2067	-375.3455	266.1389	2.639278	0.4496518
24348	-108.2404	-374.698	266.4576	2.321038	0.4516547
24354	-99.21145	-365.6187	266.4073	2.338568	0.6501968
24360	-127.2901	-393.4049	266.1147	2.651656	0.412908
24366	-132.759	-398.9374	266.1784	2.595966	0.4352044
24372	-118.5644	-384.7188	266.1543	2.572447	0.3498112
24378	-122.6262	-388.6476	266.0214	2.64509	0.2953493
24384	-121.3304	-387.1827	265.8523	2.814187	0.2953493
24390	-121.2871	-386.43	265.143	3.289548	0.1889301
24396	-126.478	-391.4272	264.9492	3.292035	0.1420895
24402	-133.1618	-398.6235	265.4617	3.13971	0.2556037
24408	-132.0301	-397.2602	265.23	3.111285	0.1641122
24414	-136.6473	-401.0459	264.3986	3.530113	0.0945159
24420	-125.7017	-392.1834	266.4817	2.295943	0.5564207
24426	-130.7262	-397.2312	266.5051	2.275851	0.5375805
24432	-120.9784	-386.0094	265.0311	3.256865	0.1517922
24438	-122.3904	-387.2282	264.8378	3.325544	0.1277056
24444	-112.8825	-379.323	266.4405	1.926374	1.1047
24450	-112.0892	-378.7912	266.702	2.030694	0.6768985
24456	-115.3661	-382.0923	266.7263	2.021417	0.6462517
24462	-128.2589	-394.8703	266.6114	1.982754	0.8738689
24468	-124.5413	-390.988	266.4467	2.273235	0.7002863
24474	-120.4745	-387.1615	266.6869	1.992321	0.7644224
24480	-118.3373	-385.0498	266.7125	1.768728	0.9954709
24486	-115.7789	-382.4421	266.6632	2.036974	0.7329486
24492	-123.1934	-389.3629	266.1695	2.218698	1.085083
24498	-116.2798	-382.7678	266.488	2.15177	0.8181059
24504	-113.8855	-380.3112	266.4257	2.275951	0.7305469
24510	-110.6481	-377.1084	266.4603	2.148076	0.8570235
24516	-118.2628	-384.7512	266.4884	2.258398	0.6481933
24522	-122.3955	-388.685	266.2894	2.466478	0.6270876
24528	-117.4768	-384.0055	266.5287	2.227567	0.626128
24534	-119.4038	-385.4426	266.0388	1.943334	1.424034
24540	-119.3521	-384.2981	264.946	1.638517	2.379594
24546	-119.3417	-384.4626	265.1209	1.756567	2.192052
24552	-111.9749	-376.432	264.4571	2.108515	2.391556
24558	-112.2873	-378.574	266.2867	2.156686	1.032828
24564	-111.6219	-375.2902	263.6684	3.831683	0.05712851
24570	-104.422	-367.8474	263.4254	3.932343	0.04872524
24576	-113.8756	-377.2932	263.4176	4.016658	0.05305633
24582	-105.5328	-369.1423	263.6096	3.824647	0.05305633
24588	-109.3507	-372.8608	263.51	3.924187	0.05305633
24594	-113.7883	-377.2254	263.4371	4.029568	0.05502396
24600	-115.9245	-379.2808	263.3563	4.015632	0.04949985
24606	-112.7827	-376.3359	263.5532	3.958769	0.05790429
24612	-114.0457	-377.8556	263.8099	3.838037	0.06764334
24618	-109.9597	-373.4087	263.4489	4.042361	0.05656878
24624	-112.4293	-376.092	263.6627	3.857662	0.05845658
24630	-104.2157	-368.0444	263.8287	3.768064	0.06376907
24636	-110.0818	-374.0031	263.9213	3.743678	0.06899448
24642	-102.4763	-366.5506	264.0743	3.713054	0.0796499
24648	-115.7975	-380.6096	264.8121	3.288288	0.1174972
24654	-106.2684	-371.2088	264.9404	3.288288	0.1396319
24660	-106.5192	-371.4344	264.9152	3.313515	0.1396319
24666	-108.747	-373.9166	265.1696	3.115382	0.1511538
24672	-102.7901	-367.9083	265.1182	3.254853	0.1721443
24678	-97.26389	-362.3817	265.1178	3.199687	0.1584504
24684	-110.3089	-375.6817	265.3727	3.167176	0.2269869
24690	-110.8283	-375.8544	265.0261	3.204506	0.1399873
24696	-112.3058	-376.8871	264.5812	3.497885	0.1142848
24702	-112.2207	-378.0483	265.8276	2.721181	0.9250438
24708	-103.6888	-369.5844	265.8957	2.721181	0.8467807
24714	-112.3563	-377.9373	265.581	3.06256	0.2798405
24720	-101.4749	-367.79	266.3151	2.458666	0.4331969
24726	-105.9116	-371.7749	265.8633	2.808687	0.2994444
24732	-104.1577	-370.1744	266.0167	2.757018	0.5737177
24738	-99.66454	-365.6178	265.9532	2.467994	1.05411
24744	-93.34754	-359.334	265.9864	2.434772	1.05411
24750	-94.12307	-359.6621	265.539	2.239365	1.576941
24756	-106.697	-371.5276	264.8306	1.989998	2.228837
24762	-107.4466	-372.5688	265.1222	2.250715	1.863026
24768	-96.67905	-362.4309	265.7518	2.136394	1.495501
24774	-89.23259	-355.0728	265.8402	2.063694	1.483694
24780	-102.1953	-367.4733	265.278	2.335315	1.695795
24786	-106.3854	-370.8403	264.4549	2.037469	2.437701
24792	-103.5843	-368.7017	265.1174	2.042516	2.00667
24798	-101.4469	-366.9558	265.5089	2.00073	1.768654
24804	-98.10043	-363.03	264.9296	1.943288	2.195014
24810	-92.12736	-356.9775	264.8502	1.785196	2.347319
24816	-92.53466	-357.2288	264.6941	1.670701	2.517628
24822	-101.2765	-366.2761	264.9996	1.601061	2.369326
24828	-104.1517	-370.32	266.1683	2.084427	1.205414
24834	-103.4083	-368.2974	264.889	1.44775	2.535105
24840	-102.9484	-367.9217	264.9732	1.359632	2.53753
24846	-102.2525	-366.7346	264.4821	1.126864	2.979815
24852	-106.9085	-369.4342	262.5257	1.11006	4.129602
24858	-109.4069	-371.7985	262.3916	1.346007	4.071577
24864	-104.7457	-367.8646	263.1189	1.397804	3.623769
24870	-102.9587	-366.252	263.2933	1.456552	3.488133
24876	-111.6777	-375.7427	264.0649	1.325134	3.11077
24882	-117.9152	-384.332	266.4168	2.357355	0.5717668
24888	-121.1344	-387.5715	266.4371	2.187181	0.8376671
24894	-113.2799	-377.9104	264.6304	1.36498	2.745692
24900	-110.0753	-375.7496	265.6743	1.879635	1.737666
24906	-106.3115	-372.1308	265.8192	2.029578	1.524941
24912	-106.5953	-372.366	265.7707	2.031393	1.5595
24918	-109.8437	-375.5473	265.7035	1.807707	1.767544
24924	-112.8988	-378.3439	265.4451	2.115449	1.73303
24930	-100.6826	-366.7564	266.0737	2.061481	1.303158
24936	-107.7896	-373.3693	265.5797	2.232285	1.552219
24942	-98.64636	-364.1352	265.4888	2.323191	1.552219
24948	-100.3553	-366.7573	266.402	1.63812	1.378985
24954	-110.4557	-376.9483	266.4927	2.262027	0.630039
24960	-105.4903	-371.9942	266.504	2.250697	0.6301223
24966	-113.0935	-379.5439	266.4504	2.241914	0.7451276
24972	-109.6993	-374.6055	264.9061	1.588093	2.436549
24978	-117.332	-381.6091	264.2771	1.440292	2.914501
24984	-104.4576	-369.8311	265.3735	1.408768	2.253454
24990	-100.2006	-365.1862	264.9856	1.196131	2.63123
24996	-110.2127	-374.978	264.7653	1.380687	2.653263
25002	-119.3261	-385.5418	266.2158	2.562234	0.4488901
25008	-129.3235	-395.7278	266.4043	2.372845	0.4455017
25014	-128.761	-393.1412	264.3802	1.269905	2.955077
25020	-128.6642	-391.4227	262.7585	1.559547	3.738732
25026	-117.3974	-380.3302	262.9327	1.141651	3.878966
25032	-120.2823	-386.7698	266.4875	2.273745	0.6133123
25038	-109.003	-375.6913	266.6883	2.084565	0.5767873
25044	-120.4957	-387.1093	266.6136	1.983076	0.870919
25050	-119.8007	-386.4589	266.6582	1.801554	1.016873
25056	-113.6933	-380.3062	266.6129	1.972406	0.884148
25062	-104.9494	-371.5091	266.5598	2.002949	0.9096597
25068	-102.9977	-369.6571	266.6593	1.813247	1.004148
25074	-96.57442	-363.1464	266.572	1.737186	1.156444
25080	-101.7429	-368.3167	266.5738	1.862238	1.039924
25086	-101.797	-368.5685	266.7715	1.667937	1.036668
25092	-109.302	-375.3847	266.0827	1.549908	1.682068
25098	-108.1325	-374.6528	266.5203	1.542088	1.361457
25104	-107.3733	-373.9267	266.5534	1.481021	1.383459
25110	-106.917	-372.9313	266.0143	1.51123	1.75758
25116	-106.3518	-371.3783	265.0264	1.324545	2.526243
25122	-113.1887	-378.4432	265.2545	1.231612	2.441644
25128	-100.6203	-365.8708	265.2505	1.235624	2.441644
25134	-99.67936	-364.8121	265.1327	1.353382	2.441644
25140	-103.0608	-367.7602	264.6994	1.521508	2.607035
25146	-94.50704	-359.4059	264.8989	1.556483	2.46096
25152	-102.8704	-367.4687	264.5984	1.306738	2.800757
25158	-100.169	-365.748	265.579	1.529535	2.040773
25164	-123.7735	-390.1924	266.4189	1.739085	1.2846
25170	-115.246	-381.7574	266.5114	1.739605	1.206888
25176	-107.1721	-373.7333	266.5611	1.678386	1.216685
25182	-107.6212	-373.7195	266.0983	1.661166	1.590752
25188	-106.6847	-372.3573	265.6726	1.534135	1.975356
25194	-110.0467	-375.6212	265.5745	1.556279	2.026022
25200	-110.1645	-376.2625	266.098	1.499497	1.706964
25206	-107.4343	-373.2774	265.8431	1.566076	1.838157
25212	-105.0809	-370.4369	265.356	1.531509	2.18556
25218	-115.7762	-381.766	265.9898	1.493573	1.786945
25224	-126.0907	-391.9437	265.853	1.842771	1.636871
25230	-128.0295	-393.7837	265.7543	1.544322	1.913555
25236	-132.9677	-398.2574	265.2897	1.142411	2.475546
25242	-108.9639	-374.8565	265.8926	2.785916	0.3043942
25248	-115.5872	-381.657	266.0698	2.654623	0.3471096
25254	-113.1881	-378.9009	265.7127	2.898413	0.2607977
25260	-118.579	-384.4062	265.8272	2.783911	0.2607977
25266	-119.8639	-385.3149	265.451	3.106532	0.2345559
25272	-116.9061	-382.8601	265.954	2.822898	0.4441849
25278	-112.6109	-378.6277	266.0168	2.69714	0.3358669
25284	-115.2588	-381.2497	265.9909	2.736983	0.3511629
25290	-121.7677	-387.6567	265.889	2.804781	0.3169202
25296	-124.8749	-390.6304	265.7555	2.848436	0.2569171
25302	-121.382	-387.3733	265.9914	2.640377	0.2725686
25308	-126.5043	-392.2952	265.7909	2.840824	0.2725686
25314	-112.6103	-378.9294	266.3191	2.463689	0.5206651
25320	-94.83653	-361.3174	266.4809	2.301601	0.5240213
25326	-108.3105	-374.5483	266.2377	2.49508	0.6766828
25332	-109.537	-376.0059	266.4689	2.263921	0.6766828
25338	-107.0733	-373.4139	266.3406	2.419715	0.6157129
25344	-111.2945	-377.6983	266.4037	2.338625	0.6576467
25350	-101.3433	-367.872	266.5286	2.145105	0.7723204
25356	-103.7105	-370.054	266.3435	2.438348	0.4709987
25362	-104.252	-370.5299	266.2778	2.494296	0.428088
25368	-103.3475	-369.7717	266.4242	2.348686	0.5769824
25374	-97.68785	-364.2299	266.542	2.241233	0.5127645
25380	-94.47027	-360.9999	266.5297	2.253835	0.4925777
25386	-99.07409	-365.5253	266.4512	2.331008	0.5268002
25392	-115.1371	-381.0353	265.8982	2.789576	0.3118334
25398	-117.8036	-383.8553	266.0518	2.627343	0.3048589
25404	-124.5306	-390.7797	266.2491	2.521673	0.4240388
25410	-127.8531	-394.1115	266.2583	2.46308	0.6976513
25416	-120.0146	-386.4393	266.4247	2.04649	1.005522
25422	-130.4491	-397.019	266.5699	2.213177	0.483953
25428	-125.3334	-391.7551	266.4217	2.357407	0.54888
25434	-119.1852	-385.3133	266.1281	2.609269	0.3629794
25440	-114.3988	-380.7473	266.3485	2.080946	1.046282
25446	-104.1058	-370.3019	266.1961	1.963506	1.283275
25452	-110.295	-376.1064	265.8114	1.587984	1.844886
25458	-112.225	-378.6427	266.4177	1.888827	1.15879
25464	-110.5379	-377.0375	266.4996	2.087185	0.8824706
25470	-114.347	-380.8241	266.4772	2.109613	0.8824706
25476	-116.5336	-382.6207	266.0871	1.926994	1.399317
25482	-116.5399	-380.2979	263.7579	1.540751	3.165126
25488	-119.5031	-385.5208	266.0178	1.725225	1.602738
25494	-98.54487	-364.9077	266.3628	1.78351	1.294101
25500	-101.3533	-367.1467	265.7934	1.543639	1.887473
25506	-106.1508	-372.758	266.6072	1.450019	1.36554
25512	-97.1678	-363.9156	266.7478	1.730233	0.9987375
25518	-95.83954	-362.5282	266.6886	1.813802	0.9739602
25524	-98.01321	-364.74	266.7268	1.583067	1.155895
25530	-105.5166	-370.6172	265.1006	1.273701	2.511718
25536	-112.6906	-378.0073	265.3168	1.318092	2.347652
25542	-115.9865	-380.6282	264.6417	1.074268	2.915395
25548	-114.9599	-379.8176	264.8578	1.32208	2.632388
25554	-115.2928	-379.7131	264.4203	1.157966	2.998274
25560	-110.826	-374.4443	263.6183	1.039703	3.541648
25566	-111.861	-376.0396	264.1786	1.029035	3.219114
25572	-134.5367	-400.3489	265.8122	1.481387	1.916936
25578	-126.193	-391.9503	265.7572	1.493548	1.945813
25584	-116.0417	-380.7117	264.67	1.097207	2.884428
25590	-111.0804	-376.644	265.5636	1.245652	2.236086
25596	-114.4872	-380.0917	265.6044	1.507854	2.03828
25602	-107.2082	-373.1765	265.9683	1.588385	1.735726
25608	-107.4124	-373.899	266.4866	1.620163	1.326115
25614	-105.3573	-371.7844	266.4271	1.857222	1.178173
25620	-122.9514	-389.1487	266.1973	1.649516	1.526435
25626	-119.9429	-386	266.0571	1.597947	1.666084
25632	-147.0671	-413.3748	266.3077	2.464056	0.5809256
25638	-141.9914	-408.2978	266.3063	2.471573	0.4484908
25644	-134.4857	-398.8331	264.3475	1.186666	3.024717
25650	-123.7544	-388.2301	264.4757	1.355387	2.845716
25656	-126.3621	-392.2551	265.893	1.355387	1.947462
25662	-116.1211	-380.6713	264.5502	1.406696	2.76918
25668	-107.4441	-372.5573	265.1132	1.278596	2.50075
25674	-118.948	-382.9678	264.0198	1.15005	3.241446
25680	-123.4321	-385.5295	262.0973	1.011196	4.428091
25686	-117.4722	-380.0205	262.5483	0.8237464	4.279231
25692	-118.4806	-379.8064	261.3258	0.998521	4.867505
25698	-128.381	-389.8254	261.4443	0.8799837	4.867505
25704	-113.1046	-376.7644	263.6598	1.033249	3.521275
25710	-102.0224	-365.1924	263.1699	0.9937697	3.827664
25716	-98.66741	-360.9148	262.2474	0.9534373	4.376015
25722	-108.8825	-370.6687	261.7862	0.7783504	4.733434
25728	-112.7602	-374.5641	261.8039	1.1819	4.497207
25734	-131.0226	-390.5597	259.5371	0.6973338	6.018596
25740	-137.099	-398.8881	261.7891	0.7260835	4.760988
25746	-130.6923	-392.3668	261.6745	0.8407615	4.760988
25752	-111.2487	-372.9906	261.7419	1.322362	4.453025
25758	-115.0099	-379.6464	264.6365	1.272648	2.798302
25764	-125.4032	-387.1903	261.7871	1.043082	4.584657
25770	-114.1953	-376.6991	262.5038	1.339242	4.011402
25776	-109.3737	-373.1858	263.8121	0.8972784	3.511724
25782	-104.7928	-367.2738	262.481	1.043762	4.192669
25788	-101.558	-365.5173	263.9593	1.130639	3.288668
25794	-121.1616	-381.6698	260.5082	0.8634032	5.395343
25800	-108.2305	-373.5558	265.3253	1.629634	2.14169
25806	-110.2454	-374.2945	264.049	1.457039	3.041507
25812	-109.6139	-372.7942	263.1803	1.413126	3.579215
25818	-102.7382	-365.7408	263.0027	1.422544	3.676793
25824	-110.6173	-372.1045	261.4872	1.028382	4.760796
25830	-116.3499	-380.4426	264.0926	1.359771	3.073587
25836	-108.6884	-371.9883	263.2999	1.194766	3.636572
25842	-110.9436	-372.9719	262.0283	1.306911	4.300056
25848	-109.9137	-376.0651	266.1514	1.373698	1.757905
25854	-111.006	-375.9475	264.9415	1.286593	2.602562
25860	-113.3888	-377.9341	264.5453	1.25802	2.862575
25866	-116.8702	-381.3779	264.5077	1.540335	2.71344
25872	-124.1556	-387.0841	262.9285	1.487095	3.682332
25878	-112.4946	-376.5649	264.0702	1.491374	3.008258
25884	-111.8574	-376.065	264.2075	1.678882	2.812142
25890	-103.1138	-367.0963	263.9826	1.21507	3.225028
25896	-94.22187	-358.7854	264.5635	1.355915	2.792035
25902	-96.1491	-362.1882	266.0391	1.592653	1.682686
25908	-89.04957	-355.2409	266.1913	1.577064	1.584237
25914	-108.4615	-374.8953	266.4338	1.772426	1.244727
25920	-112.4372	-378.2437	265.8064	1.772469	1.720114
25926	-113.7931	-379.7488	265.9557	1.851048	1.556087
25932	-120.982	-387.2534	266.2714	2.050378	1.145304
25938	-108.5543	-374.7258	266.1715	1.747427	1.472322
25944	-107.2546	-372.6944	265.4398	1.96499	1.841212
25950	-108.9698	-375.702	266.7322	1.831387	0.9087251
25956	-102.3039	-368.5688	266.2649	1.766207	1.386032
25962	-95.2373	-361.7624	266.5251	1.813016	1.130782
25968	-91.64343	-357.4721	265.8287	1.844664	1.653016
25974	-95.46585	-362.1462	266.6803	1.875381	0.9174427
25980	-96.91561	-363.5092	266.5936	2.149315	0.6565267
25986	-95.34386	-362.1191	266.7752	1.888303	0.7865457
25992	-92.86039	-359.574	266.7136	1.836118	0.9239634
25998	-95.35799	-361.8902	266.5322	2.030754	0.9093874
26004	-79.09605	-345.6224	266.5264	2.202444	0.6842055
26010	-80.1339	-346.6726	266.5387	2.232425	0.5833412
26016	-90.30396	-356.9594	266.6554	2.118056	0.5745979
26022	-93.0236	-359.5928	266.5692	2.213378	0.522394
26028	-93.9157	-360.3997	266.484	2.202584	0.7536884
26034	-93.24149	-359.6411	266.3996	2.299508	0.7345596
26040	-95.4517	-362.0677	266.616	2.153656	0.5881316
26046	-93.45162	-360.077	266.6254	2.127028	0.6355554
26052	-102.6605	-369.3896	266.7291	1.974405	0.7276774
26058	-106.4854	-373.0218	266.5364	2.24708	0.4924541
26064	-103.943	-370.4909	266.5479	2.233612	0.468524
26070	-110.4203	-376.914	266.4937	2.279705	0.5748649
26076	-113.5191	-380.0603	266.5411	2.242482	0.5000392
26082	-104.5312	-371.0852	266.5539	2.213197	0.5963201
26088	-100.0593	-366.6414	266.5821	2.18499	0.5963201
26094	-101.9744	-368.3166	266.3423	2.431193	0.5746258
26100	-108.2068	-374.6366	266.4298	2.353765	0.5010575
26106	-105.6655	-371.8434	266.1779	2.533145	0.3329084
26112	-95.10115	-361.4857	266.3845	2.39443	0.4532966
26118	-110.5439	-376.9566	266.4127	2.343509	0.6263295
26124	-108.9808	-375.3342	266.3534	2.42898	0.5250835
26130	-118.3561	-384.3952	266.0391	1.774703	1.550869
26136	-110.7881	-377.2982	266.5101	1.870412	1.092226
26142	-119.1422	-385.6708	266.5286	2.002012	0.944507
26148	-120.0158	-386.5129	266.4971	2.036521	0.9413137
26154	-105.592	-372.0186	266.4265	1.994994	1.053813
26160	-110.1615	-375.5182	265.3567	1.636448	2.116726
26166	-110.6633	-376.6129	265.9497	1.872612	1.544616
26172	-115.267	-381.3936	266.1267	1.634225	1.589709
26178	-113.8742	-379.881	266.0068	1.689655	1.636388
26184	-112.2373	-377.8767	265.6395	1.692921	1.890629
26190	-111.345	-377.3633	266.0184	1.42824	1.812384
26196	-100.5857	-366.6803	266.0946	1.516474	1.697371
26202	-113.3155	-378.8341	265.5187	1.424484	2.149389
26208	-106.8384	-371.6807	264.8424	1.511738	2.524299
26214	-121.5105	-388.0017	266.4912	2.278113	0.5891968
26220	-109.502	-374.9904	265.4884	1.666003	2.010319
26226	-109.7049	-376.0448	266.3399	1.957148	1.167131
26232	-116.5586	-382.919	266.3604	1.927013	1.175488
26238	-113.1078	-379.1667	266.0588	2.000966	1.363503
26244	-103.5929	-370.0731	266.4802	1.796651	1.184676
26250	-100.2831	-366.6174	266.3343	1.997742	1.136152
26256	-102.4972	-369.0373	266.5401	2.219422	0.6178308
26262	-112.3769	-378.8002	266.4233	1.868899	1.171375
26268	-115.1951	-381.1355	265.9404	1.984322	1.46797
26274	-104.846	-370.8496	266.0036	2.062833	1.358285
26280	-101.3737	-367.218	265.8442	1.499697	1.882785
26286	-102.6588	-368.1959	265.537	1.550545	2.054633
26292	-93.15982	-359.1758	266.016	1.745603	1.589182
26298	-95.93722	-362.357	266.4197	1.894862	1.151676
26304	-98.17698	-364.2265	266.0495	1.817172	1.51161
26310	-96.4092	-362.5672	266.158	1.920732	1.34853
26316	-89.93501	-356.5058	266.5707	1.799444	1.101707
26322	-86.4816	-352.3079	265.8263	1.601373	1.825468
26328	-93.6459	-358.205	264.5591	1.510626	2.700176
26334	-95.61544	-361.4898	265.8744	1.919247	1.565746
26340	-94.38332	-360.8466	266.4633	1.631597	1.335643
26346	-91.70679	-357.8518	266.145	1.674159	1.546924
26352	-102.8325	-365.9814	263.1488	1.394961	3.608056
26358	-99.08165	-363.9337	264.8521	1.897435	2.274493
26364	-109.8072	-375.1897	265.3824	1.542459	2.161268
26370	-98.12729	-363.6554	265.5281	1.38086	2.17164
26376	-86.69345	-352.0097	265.3163	1.3324	2.33886
26382	-96.87218	-363.5102	266.638	1.538636	1.269291
26388	-94.20649	-360.8036	266.5971	1.874037	1.005602
26394	-94.17384	-360.574	266.4002	2.118412	0.957198
26400	-85.58242	-352.0968	266.5144	2.019797	0.9407002
26406	-89.96814	-356.2774	266.3093	2.047244	1.114142
26412	-93.54157	-360.0815	266.5399	2.1724	0.7132657
26418	-100.0246	-366.6358	266.6112	2.061591	0.7736641
26424	-105.3427	-371.8563	266.5135	2.1662	0.7637389
26430	-108.5748	-375.0504	266.4757	2.173426	0.8059832
26436	-98.50735	-364.9322	266.4248	2.295869	0.6988623
26442	-107.6311	-374.1113	266.4803	2.287808	0.5933732
26448	-108.309	-374.6597	266.3507	2.417858	0.4182695
26454	-116.8425	-383.1276	266.2851	2.496759	0.4710031
26460	-102.5943	-368.8509	266.2566	2.50753	0.4078273
26466	-110.8397	-377.0358	266.1961	2.561183	0.393834
26472	-106.5507	-372.8524	266.3017	2.480663	0.5250335
26478	-96.33006	-362.7255	266.3954	2.388193	0.5004631
26484	-98.65952	-364.8979	266.2384	2.530199	0.4183549
26490	-97.61099	-363.8506	266.2396	2.490585	0.35384
26496	-103.0503	-369.1645	266.1142	2.582857	0.319796
26502	-93.48983	-359.664	266.1742	2.602157	0.44219
26508	-95.15091	-361.4715	266.3206	2.437155	0.3948193
26514	-97.12975	-363.6114	266.4817	2.292803	0.5706168
26520	-100.8354	-367.4234	266.588	2.128836	0.7056368
26526	-93.52078	-360.1174	266.5966	2.139782	0.6698141
26532	-108.5563	-375.0492	266.4929	2.21221	0.725067
26538	-114.9664	-381.3676	266.4012	2.004507	1.068817
26544	-107.3969	-374.2218	266.8249	1.880211	0.7251556
26550	-104.7916	-371.4082	266.6166	1.985833	0.8641936
26556	-95.66329	-362.1677	266.5044	2.030421	0.9400182
26562	-103.2443	-369.7414	266.4972	2.03768	0.9400182
26568	-98.31707	-364.7972	266.4801	2.169867	0.804762
26574	-117.026	-382.2348	265.2087	1.711373	2.164394
26580	-110.6523	-376.9987	266.3464	2.205711	0.9214017
26586	-109.3044	-375.7923	266.4879	2.016238	0.9722098
26592	-109.3791	-376.0134	266.6342	1.855131	0.9873084
26598	-111.1612	-377.3528	266.1915	1.828604	1.394622
26604	-115.6606	-380.8845	265.224	1.41961	2.342104
26610	-111.4856	-374.678	263.1924	1.340038	3.614636
26616	-105.4343	-368.7427	263.3084	1.224058	3.614636
26622	-99.662	-364.3494	264.6874	1.535332	2.605895
26628	-106.1658	-371.6496	265.4837	1.583695	2.067928
26634	-102.8726	-369.1458	266.2732	1.846957	1.315349
26640	-107.2809	-373.5862	266.3053	1.881279	1.261045
26646	-101.8955	-368.3273	266.4318	1.852851	1.177892
26652	-100.7839	-367.1864	266.4025	2.376284	0.5507873
26658	-107.6605	-373.9242	266.2637	2.511579	0.5673973
26664	-112.2353	-378.67	266.4347	2.343883	0.5517831
26670	-107.2683	-373.1457	265.8774	2.764194	0.2786443
26676	-110.4554	-376.6422	266.1867	2.595533	0.4744541
26682	-96.46194	-363.1372	266.6752	2.032374	0.7210488
26688	-100.3645	-366.7871	266.4226	2.184412	0.8587221
26694	-98.07692	-364.4751	266.3982	1.855871	1.204289
26700	-97.91471	-364.152	266.2373	1.667706	1.482838
26706	-112.9904	-379.4627	266.4723	1.966865	1.036949
26712	-112.2008	-378.75	266.5492	1.825025	1.098046
26718	-103.379	-369.8485	266.4695	2.143363	0.8516623
26724	-95.50169	-362.0577	266.556	2.159564	0.7077593
26730	-92.95779	-359.5424	266.5846	2.186572	0.5829889
26736	-87.8667	-354.4173	266.5506	2.216128	0.4137658
26742	-97.0393	-363.5832	266.5439	2.225063	0.5906223
26748	-99.80073	-366.3623	266.5615	1.90091	1.014189
26754	-97.4289	-364.0735	266.6446	1.817856	1.014189
26760	-138.5846	-405.0141	266.4295	1.737931	1.276836
26766	-140.0524	-406.1482	266.0959	1.629239	1.615694
26772	-137.6394	-403.9225	266.2832	1.955738	1.217202
26778	-132.744	-399.0779	266.3339	1.904992	1.217202
26784	-115.217	-380.288	265.0709	3.287476	0.1683674
26790	-105.4978	-370.7087	265.2109	3.198291	0.1820502
26796	-100.5699	-365.6162	265.0463	3.206802	0.1444627
26802	-97.25026	-362.3878	265.1375	3.158665	0.1536129
26808	-100.8494	-366.1772	265.3278	3.098287	0.187008
26814	-99.33206	-364.3102	264.9782	3.296449	0.1489306
26820	-103.939	-369.5594	265.6204	2.906208	0.2215782
26826	-111.3524	-376.7668	265.4144	3.007651	0.1858065
26832	-105.0686	-370.539	265.4704	3.050432	0.2193069
26838	-102.763	-368.2351	265.472	3.050432	0.219942
26844	-103.4314	-368.4098	264.9784	3.284479	0.1464675
26850	-112.0488	-376.9679	264.9191	3.284479	0.1348759
26856	-105.3013	-370.1695	264.8682	3.36996	0.1414772
26862	-121.1467	-386.9286	265.7819	2.596701	1.094028
26868	-124.3182	-390.087	265.7688	2.874452	0.8135954
26874	-127.3761	-392.6897	265.3136	3.173141	0.2066559
26880	-123.6177	-389.553	265.9353	2.810277	0.3745352
26886	-112.1801	-378.0532	265.873	2.783122	0.2881351
26892	-112.3878	-378.0598	265.672	2.944728	0.2638665
26898	-107.1868	-372.7423	265.5555	2.964737	0.2190839
26904	-103.8521	-369.388	265.5359	2.999398	0.2250955
26910	-108.6177	-374.0858	265.4681	3.010943	0.2039667
26916	-99.90488	-365.6791	265.7743	2.858133	0.2729543
26922	-101.2686	-367.0381	265.7695	2.924408	0.3170036
26928	-108.9743	-374.7639	265.7896	2.904257	0.3170036
26934	-109.6331	-375.2721	265.6389	2.964079	0.2564484
26940	-117.2245	-382.7653	265.5408	2.964079	0.213222
26946	-121.7096	-386.91	265.2004	3.198703	0.179194
26952	-115.3589	-380.3852	265.0263	3.244489	0.1481152
26958	-124.8669	-390.2603	265.3934	2.956604	0.1662596
26964	-127.8713	-393.0198	265.1484	3.202571	0.1665028
26970	-127.2149	-392.4544	265.2395	3.163357	0.1802553
26976	-125.7946	-391.055	265.2604	3.187271	0.1936314
26982	-121.4793	-386.807	265.3278	3.147527	0.2026939
26988	-116.4567	-381.8592	265.4024	3.089863	0.2086368
26994	-125.6409	-391.0043	265.3633	3.134481	0.2106278
27000	-125.1831	-390.4214	265.2383	3.21122	0.194202
27006	-135.1924	-400.5371	265.3447	3.17911	0.2204554
27012	-130.7639	-396.0915	265.3277	3.17911	0.2139336
27018	-135.4256	-400.3503	264.9247	3.310294	0.1408551
27024	-136.8792	-403.3211	266.4419	2.30823	0.6407067
27030	-130.7664	-397.0195	266.2531	2.521944	0.437413
27036	-128.3338	-394.48	266.1463	2.619933	0.412453
27042	-120.6788	-386.7731	266.0943	2.639988	0.358951
27048	-132.0154	-398.0959	266.0806	2.657756	0.3642187
27054	-124.1212	-390.0223	265.9011	2.755525	0.2884659
27060	-136.3168	-402.0353	265.7185	2.940768	0.2902789
27066	-132.8654	-398.4457	265.5803	2.950691	0.2233323
27072	-115.6957	-381.934	266.2383	2.545294	0.5004726
27078	-125.3404	-391.6851	266.3447	2.43714	0.5301147
27084	-118.6348	-384.8938	266.2591	2.508153	0.5960254
27090	-125.4949	-391.5342	266.0393	2.697039	0.3615741
27096	-118.6428	-384.7098	266.067	2.669291	0.3615741
27102	-120.3126	-386.5399	266.2273	2.496722	0.6929444
27108	-123.263	-389.2075	265.9445	2.817523	0.4031042
27114	-125.2225	-391.6138	266.3914	2.391624	0.5176247
27120	-126.7519	-392.9621	266.2102	2.571335	0.5326173
27126	-135.7857	-402.009	266.2233	2.558228	0.5326173
27132	-131.0126	-396.6442	265.6316	3.036147	0.2962705
27138	-124.1588	-390.3436	266.1848	2.598524	0.4879891
27144	-112.3504	-378.4159	266.0655	2.717654	0.5143544
27150	-121.5208	-387.5514	266.0306	2.752572	0.5143544
27156	-114.7101	-381.0307	266.3206	2.462254	0.5193958
27162	-116.7147	-383.2135	266.4988	2.271716	0.5851358
27168	-115.672	-382.1622	266.4903	2.112325	0.8639691
27174	-127.7522	-394.0492	266.2969	2.326143	0.8391343
27180	-110.6656	-377.2127	266.5472	2.225258	0.5784353
27186	-107.2702	-373.6443	266.3741	2.408915	0.5169062
27192	-118.0517	-384.4176	266.3659	2.408915	0.4365731
27198	-103.2688	-369.5771	266.3083	2.46111	0.4203545
27204	-127.2131	-393.6649	266.4518	1.72584	1.268449
27210	-126.8834	-393.4147	266.5312	1.828554	1.111202
27216	-127.0434	-393.4912	266.4479	1.923188	1.100899
27222	-110.9	-377.21	266.31	2.448737	0.3965836
27228	-107.8051	-374.0231	266.218	2.492686	0.3326023
27234	-101.5768	-367.7009	266.124	2.575642	0.3221315
27240	-103.4337	-369.5577	266.124	2.575642	0.3221315
27246	-114.686	-380.5548	265.8688	2.837444	0.328225
27252	-115.9492	-382.1047	266.1555	2.567569	0.3456322
27258	-121.673	-387.7692	266.0963	2.646017	0.3696968
27264	-123.5888	-389.4518	265.863	2.794338	0.2889621
27270	-116.4077	-381.4911	265.0834	3.209283	0.1528374
27276	-114.0792	-379.2604	265.1812	3.178287	0.1686437
27282	-118.4249	-383.5157	265.0909	3.269007	0.1687395
27288	-127.3053	-392.5055	265.2003	3.269007	0.2006579
27294	-112.0675	-377.8047	265.7373	2.871757	0.2596538
27300	-122.9598	-388.6971	265.7373	2.871757	0.2596538
27306	-122.6259	-388.2784	265.6525	3.00438	0.2886417
27312	-121.0082	-386.5504	265.5422	3.060699	0.2563937
27318	-114.0427	-379.6459	265.6032	2.994379	0.2536015
27324	-125.715	-392.0568	266.3417	1.729269	1.354634
27330	-117.6871	-383.8888	266.2017	1.869271	1.354634
27336	-115.7301	-382.2699	266.5399	1.637635	1.268569
27342	-121.1112	-386.2573	265.1461	1.41911	2.391815
27348	-120.0773	-385.1439	265.0666	1.49855	2.391815
27354	-128.0673	-394.584	266.5167	2.214019	0.6806421
27360	-119.2212	-385.7416	266.5204	2.195752	0.7068243
27366	-121.9452	-388.3829	266.4376	2.345937	0.4973234
27372	-116.4493	-382.8661	266.4167	2.366845	0.4973234
27378	-123.529	-390.0507	266.5217	2.261848	0.5059109
27384	-122.378	-388.4951	266.1172	1.645711	1.588238
27390	-108.0123	-374.3407	266.3284	1.502424	1.538294
27396	-101.8216	-368.2358	266.4141	1.66688	1.346683
27402	-109.3454	-375.8096	266.4642	2.122001	0.883102
27408	-111.3916	-377.8739	266.4823	2.291268	0.5742696
27414	-111.4128	-377.9583	266.5454	2.228126	0.5742696
27420	-115.2048	-381.4479	266.2431	2.540321	0.508967
27426	-113.7194	-379.917	266.1976	2.565686	0.4059358
27432	-110.957	-376.9748	266.0178	2.727453	0.3739787
27438	-122.94	-388.778	265.8379	2.727453	0.2380452
27444	-122.0141	-387.9531	265.9391	2.675971	0.2629447
27450	-109.3349	-375.1425	265.8076	2.835437	0.2795039
27456	-119.3242	-385.0653	265.7411	2.901945	0.2795039
27462	-117.2185	-382.9902	265.7717	2.8392	0.2606583
27468	-113.2435	-379.1409	265.8974	2.79919	0.3193921
27474	-105.4246	-371.9464	266.5218	2.048504	0.901216
27480	-111.5347	-378.041	266.5063	1.861785	1.103659
27486	-111.9224	-378.4542	266.5319	2.101523	0.8262446
27492	-100.7785	-366.832	266.0534	2.625791	0.304946
27498	-102.2665	-368.1171	265.8506	2.804628	0.287501
27504	-103.779	-369.8752	266.0962	2.618962	0.3371043
27510	-101.5006	-367.6109	266.1102	2.651641	0.4028745
27516	-98.08872	-364.2778	266.1891	2.572805	0.4028745
27522	-105.8339	-372.1946	266.3607	2.422371	0.5161475
27528	-117.3211	-383.5094	266.1883	2.595011	0.4889936
27534	-115.8604	-382.2189	266.3586	2.420873	0.5470006
27540	-107.5104	-373.9116	266.4013	2.382293	0.5038382
27546	-107.9945	-374.4007	266.4062	2.369998	0.5633393
27552	-124.5334	-389.8994	265.3659	3.194815	0.2359676
27558	-116.1626	-381.3989	265.2363	3.191181	0.1874212
27564	-105.2234	-371.6822	266.4588	2.277103	0.6707274
27570	-104.9924	-371.4555	266.463	2.319372	0.4758612
27576	-110.0691	-376.5674	266.4983	2.234961	0.6757882
27582	-118.3628	-383.5075	265.1448	3.240922	0.1755164
27588	-110.6819	-375.8644	265.1824	3.240922	0.1861821
27594	-117.6979	-384.22	266.5221	2.25068	0.5771495
27600	-114.8398	-379.9402	265.1005	3.265205	0.1702299
27606	-111.0338	-376.5959	265.5621	2.937732	0.2113781
27612	-111.4207	-378.0139	266.5932	2.174435	0.5948116
27618	-100.3395	-366.8608	266.5212	2.230981	0.6359425
27624	-102.1469	-368.942	266.7951	1.893282	0.7510458
27630	-106.1329	-372.5955	266.4627	1.813167	1.185573
27636	-106.2071	-372.77	266.5628	1.959837	0.9529364
27642	-108.9322	-375.1328	266.2005	2.533773	0.3590047
27648	-104.6304	-370.4368	265.8064	2.830388	0.2756507
27654	-107.1088	-372.7596	265.6508	2.894922	0.2294321
27660	-131.5112	-394.7963	263.2852	1.126945	3.684374
27666	-118.1605	-380.484	262.3236	1.051923	4.277293
27672	-109.6495	-373.559	263.9096	1.016413	3.385072
27678	-117.0463	-381.3518	264.3055	1.084419	3.11086
27684	-122.302	-386.4447	264.1427	1.247247	3.11086
27690	-109.2862	-375.446	266.1598	2.613809	0.4326187
27696	-103.5695	-369.6577	266.0882	2.648884	0.3625391
27702	-113.6446	-379.9598	266.3152	2.466033	0.4662779
27708	-115.615	-381.888	266.273	2.508203	0.4662779
27714	-111.2495	-377.4959	266.2464	2.534825	0.4662779
27720	-108.5854	-374.8577	266.2723	2.470511	0.370518
27726	-110.2206	-376.3435	266.1229	2.599729	0.3450953
27732	-124.8188	-390.7987	265.9799	2.781587	0.402017
27738	-120.1889	-385.9875	265.7986	2.801628	0.2549806
27744	-126.3064	-389.1944	262.888	1.404566	3.753451
27750	-117.8233	-383.4422	265.6189	2.959892	0.24431
27756	-124.8703	-390.4892	265.6189	2.959892	0.24431
27762	-109.3147	-374.743	265.4283	3.100457	0.2224459
27768	-115.6259	-381.3369	265.711	2.942859	0.2866006
27774	-118.3644	-380.3845	262.02	1.235221	4.345287
27780	-113.2305	-376.1413	262.9109	0.9872673	3.979938
27786	-119.3154	-381.1243	261.8089	1.179041	4.495983
27792	-128.5397	-390.9045	262.3648	1.455289	4.024524
27798	-129.6256	-392.7247	263.0991	1.101468	3.80643
27804	-122.9391	-389.1437	266.2047	1.932518	1.30155
27810	-129.2756	-395.4262	266.1506	2.345203	0.9807339
27816	-125.6873	-392.1489	266.4616	2.189666	0.8030843
27822	-127.4435	-394.0276	266.5841	1.940887	0.9504721
27828	-132.989	-399.481	266.4919	2.079471	0.8999583
27834	-133.2013	-398.3549	265.1536	1.666323	2.229245
27840	-130.0396	-395.3114	265.2718	1.505409	2.256708
27846	-132.6165	-396.7924	264.1759	1.587064	2.887014
27852	-127.814	-394.2311	266.4171	2.29607	0.7118043
27858	-131.3441	-397.7791	266.435	2.226715	0.7891084
27864	-110.9174	-376.197	265.2797	3.171418	0.1947075
27870	-111.9974	-376.6604	264.663	3.431389	0.1165724
27876	-106.5669	-371.4119	264.845	3.432874	0.1496328
27882	-100.3351	-365.3962	265.0611	3.243569	0.1555154
27888	-100.9056	-365.7079	264.8024	3.337477	0.1237656
27894	-97.80303	-362.9713	265.1683	3.14524	0.1575238
27900	-108.5002	-373.537	265.0367	3.248286	0.1511657
27906	-104.3145	-368.9923	264.6778	3.477484	0.1263409
27912	-112.6557	-377.1288	264.4732	3.609032	0.1147447
27918	-123.0041	-387.3126	264.3085	3.714367	0.1063343
27924	-118.0883	-382.4873	264.399	3.583937	0.1010994
27930	-118.2192	-382.6703	264.4512	3.547692	0.1031493
27936	-113.808	-378.3927	264.5846	3.588626	0.1294275
27942	-110.3589	-375.0628	264.7039	3.441089	0.124623
27948	-114.0335	-378.9343	264.9007	3.384935	0.1513056
27954	-110.854	-375.8487	264.9947	3.307194	0.1548839
27960	-120.3089	-385.5217	265.2127	3.24536	0.1969573
27966	-122.5314	-387.6583	265.1269	3.24536	0.1719406
27972	-102.1276	-367.1365	265.0089	3.265919	0.1489665
27978	-123.7592	-388.7289	264.9697	3.265919	0.1409811
27984	-107.3578	-372.7157	265.3578	3.041824	0.1793605
27990	-102.1204	-367.6265	265.5062	2.98207	0.2071848
27996	-101.2697	-366.7501	265.4804	3.007807	0.2071848
28002	-129.4305	-395.846	266.4155	1.831716	1.21009
28008	-127.7584	-394.0082	266.2498	2.007558	1.201481
28014	-127.5185	-393.5966	266.0782	1.857255	1.459813
28020	-118.7281	-384.2285	265.5004	3.045807	0.2296491
28026	-113.5303	-379.1088	265.5785	2.993603	0.2411609
28032	-122.441	-388.0098	265.5688	3.003378	0.2411609
28038	-112.994	-379.0619	266.0679	2.679923	0.3778773
28044	-103.794	-370.0338	266.2397	2.539285	0.4537335
28050	-116.459	-382.5915	266.1325	2.619401	0.3843645
28056	-118.0709	-384.3317	266.2609	2.515841	0.4435402
28062	-119.8304	-386.1426	266.3121	2.391187	0.7279447
28068	-131.9292	-398.2526	266.3234	2.320989	0.8120752
28074	-124.7702	-391.1338	266.3636	2.418444	0.4725265
28080	-119.7883	-385.9881	266.1998	2.581706	0.4680048
28086	-110.9481	-377.1524	266.2043	2.555133	0.3978996
28092	-119.3964	-385.6069	266.2105	1.704174	1.475546
28098	-125.237	-390.9588	265.7217	1.608113	1.892366
28104	-123.1793	-389.5399	266.3606	1.678836	1.379516
28110	-113.8534	-380.2218	266.3685	2.413211	0.5317162
28116	-112.212	-378.4752	266.2631	2.517125	0.542126
28122	-101.9101	-367.9792	266.0692	2.66695	0.3613496
28128	-113.0978	-379.2125	266.1147	2.636984	0.3840483
28134	-111.9627	-378.0397	266.077	2.604285	0.3065315
28140	-96.43854	-362.5186	266.0801	2.617899	0.3205704
28146	-98.36178	-364.3421	265.9803	2.66714	0.2823749
28152	-99.85915	-366.0515	266.1923	2.511411	0.3258454
28158	-103.9362	-369.5095	265.5733	2.931033	0.2130278
28164	-100.5263	-366.4421	265.9158	1.359096	1.929567
28170	-122.9009	-389.3253	266.4244	2.358333	0.5208227
28176	-111.3617	-377.888	266.5263	2.257252	0.5014235
28182	-106.2557	-372.6735	266.4178	2.36554	0.4884264
28188	-109.7871	-376.3463	266.5592	2.162846	0.6965937
28194	-113.2726	-379.6106	266.3381	2.339084	0.7674666
28200	-109.2312	-375.7652	266.534	2.200376	0.6737167
28206	-116.526	-383.1234	266.5974	2.096251	0.74307
28212	-115.7567	-382.2744	266.5177	2.105892	0.8384931
28218	-110.1946	-376.5848	266.3903	2.310087	0.7326774
28224	-101.2329	-367.7604	266.5275	2.165644	0.743793
28230	-95.00193	-361.631	266.6291	2.041568	0.7766791
28236	-92.98224	-359.1143	266.1321	2.582712	0.3367275
28242	-100.6364	-366.3169	265.6806	2.923344	0.2569159
28248	-100.0274	-365.7215	265.6941	2.876358	0.24037
28254	-97.91928	-363.9015	265.9822	2.710533	0.3160122
28260	-103.4079	-369.3032	265.8953	2.819323	0.336565
28266	-117.2966	-383.6081	266.3116	2.466687	0.4501572
28272	-110.8241	-376.9401	266.116	1.548163	1.659555
28278	-115.1077	-380.4294	265.3217	1.514369	2.218838
28284	-118.4261	-384.5896	266.1634	2.556547	0.3422081
28290	-112.9097	-378.8191	265.9094	1.752681	1.661085
28296	-112.9901	-379.0034	266.0133	1.656937	1.655204
28302	-128.0546	-393.302	265.2474	3.124179	0.171773
28308	-125.0177	-390.1472	265.1295	3.224487	0.1672431
28314	-108.5836	-375.0378	266.4542	1.954226	1.06625
28320	-97.81115	-364.0492	266.2381	1.55939	1.562934
28326	-110.8861	-377.103	266.217	1.580487	1.562934
28332	-116.8601	-381.5962	264.7362	3.357038	0.1163971
28338	-113.3559	-378.723	265.3671	3.196106	0.2370527
28344	-120.2118	-385.9429	265.731	2.925879	0.288663
28350	-130.1711	-395.7504	265.5793	2.98121	0.2358713
28356	-122.2568	-387.7432	265.4864	3.063493	0.2311895
28362	-115.1329	-381.0405	265.9076	1.926744	1.535705
28368	-108.964	-374.4912	265.5273	1.51619	2.083719
28374	-112.0091	-377.1208	265.1118	1.471092	2.380631
28380	-110.2606	-374.5901	264.3294	1.405634	2.90385
28386	-104.0688	-368.9135	264.8447	1.304635	2.651223
28392	-102.7919	-367.9231	265.1311	1.457428	2.377012
28398	-104.7696	-368.568	263.7984	1.304178	3.281206
28404	-113.6247	-379.075	265.4503	1.567971	2.100258
28410	-120.7593	-387.1854	266.4261	2.357101	0.4862314
28416	-117.1693	-383.2262	266.0569	2.696806	0.3874744
28422	-118.8984	-384.9736	266.0752	2.674491	0.3808887
28428	-109.2515	-375.0891	265.8375	2.820125	0.2891726
28434	-107.161	-373.1211	265.9601	2.735861	0.3188051
28440	-109.3591	-375.0694	265.7104	2.95636	0.2955467
28446	-107.952	-373.4952	265.5432	3.03619	0.2445735
28452	-110.9642	-376.4165	265.4523	3.051908	0.212987
28458	-104.7794	-370.1814	265.402	3.021933	0.1863607
28464	-101.8868	-367.0639	265.177	3.131203	0.1563124
28470	-114.2303	-379.2425	265.0122	3.219672	0.1402368
28476	-104.6735	-370.0676	265.3942	3.108127	0.2122611
28482	-112.539	-378.0946	265.5556	2.958724	0.2167699
28488	-114.9846	-380.7134	265.7288	2.913595	0.2791315
28494	-102.5418	-367.299	264.7572	1.539595	2.559974
28500	-110.1955	-374.7411	264.5456	1.64328	2.626809
28506	-100.8236	-365.9029	265.0793	1.398973	2.446592
28512	-113.7584	-379.9957	266.2372	1.659761	1.488897
28518	-110.2926	-376.7969	266.5043	1.948779	1.023436
28524	-117.3511	-382.7673	265.4162	3.008405	0.186548
28530	-113.7247	-378.8527	265.128	3.212428	0.1639004
28536	-104.3646	-369.2317	264.8671	3.321564	0.1321519
28542	-104.1194	-369.0849	264.9655	3.277213	0.1423745
28548	-105.1332	-370.2387	265.1055	3.13274	0.1414807
28554	-107.7966	-372.4257	264.6291	3.445583	0.1136372
28560	-107.8046	-372.3842	264.5796	3.420168	0.1032619
28566	-105.4795	-370.2361	264.7565	3.313183	0.1129008
28572	-103.0115	-368.7786	265.7671	1.946349	1.624161
28578	-99.48445	-365.4265	265.9421	2.188269	1.307096
28584	-99.83563	-366.0349	266.1993	1.988369	1.260168
28590	-109.5734	-373.8007	264.2273	3.578925	0.08146873
28596	-108.3225	-373.027	264.7045	3.444231	0.1252363
28602	-111.4657	-375.9653	264.4996	3.444231	0.09629983
28608	-98.80329	-363.0001	264.1968	3.618725	0.08237303
28614	-99.28683	-363.581	264.2942	3.618725	0.09269188
28620	-110.1279	-374.2351	264.1071	3.659479	0.07771689
28626	-97.099	-362.0413	264.9423	3.313277	0.1449631
28632	-101.1904	-366.473	265.2826	3.143159	0.1868887
28638	-100.2358	-365.6569	265.421	3.083869	0.2132283
28644	-103.3065	-368.8856	265.5791	2.895772	0.202543
28650	-95.30005	-361.0644	265.7643	2.909683	0.3009361
28656	-113.3554	-379.1095	265.7541	2.889604	0.2799496
28662	-121.0564	-385.1895	264.1331	1.293757	3.088834
28668	-116.0112	-381.4783	265.4671	1.288972	2.27028
28674	-122.6458	-388.2142	265.5684	2.963375	0.2236567
28680	-115.3495	-380.5087	265.1593	3.218517	0.1733971
28686	-117.6919	-382.8656	265.1737	3.16818	0.1642383
28692	-113.9266	-380.0975	266.1709	1.595969	1.585328
28698	-111.7436	-376.7701	265.0265	1.73346	2.267792
28704	-96.83541	-361.7374	264.902	3.218088	0.1205673
28710	-103.2963	-367.7261	264.4298	3.503911	0.09509567
28716	-104.6302	-368.9966	264.3665	3.613254	0.1006972
28722	-99.36212	-363.7154	264.3533	3.570128	0.09390334
28728	-101.7628	-366.2589	264.4961	3.534396	0.1073619
28734	-130.3627	-394.8534	264.4908	1.54528	2.720815
28740	-117.7656	-384.1685	266.4028	2.233941	0.8219342
28746	-121.8127	-388.2756	266.4629	2.188083	0.8035056
28752	-120.49	-386.7551	266.2651	2.072031	1.131655
28758	-130.6853	-394.6734	263.9881	1.749627	2.902251
28764	-115.0604	-381.6165	266.5561	1.977494	0.9414118
28770	-108.0933	-374.4636	266.3703	2.098263	1.008191
28776	-113.0502	-379.313	266.2628	1.949034	1.240037
28782	-106.7193	-372.5803	265.8611	1.605928	1.798292
28788	-111.4623	-376.6838	265.2215	1.387966	2.363758
28794	-112.3651	-377.7581	265.393	1.174859	2.390095
28800	-108.3563	-373.6985	265.3422	1.618116	2.138222
28806	-100.2804	-366.4418	266.1614	1.760761	1.469856
28812	-99.46441	-365.9727	266.5083	1.927021	1.040609
28818	-112.0558	-378.7446	266.6888	1.720968	1.064948
28824	-103.2403	-369.7823	266.542	1.867797	1.064948
28830	-92.77778	-359.5378	266.76	1.958918	0.7019795
28836	-99.83441	-366.4136	266.5792	2.174103	0.6333706
28842	-112.5389	-379.1457	266.6068	2.127905	0.6730773
28848	-102.7773	-369.1197	266.3424	2.43921	0.4688776
28854	-98.01123	-364.2033	266.1921	2.555991	0.378342
28860	-107.7862	-373.9377	266.1515	2.596646	0.378342
28866	-111.7454	-377.7585	266.0131	2.693846	0.3289379
28872	-118.965	-382.9378	263.9728	1.025611	3.342528
28878	-101.6466	-366.3556	264.709	1.268297	2.756749
28884	-98.06313	-364.1483	266.0851	1.348755	1.82116
28890	-100.1233	-365.0613	264.938	1.280917	2.608259
28896	-101.7048	-365.9645	264.2597	1.44804	2.920383
28902	-113.0743	-379.4225	266.3482	1.535753	1.498676
28908	-107.1207	-373.3228	266.2022	1.508668	1.626029
28914	-104.9809	-371.474	266.493	1.863994	1.113713
28920	-125.6012	-392.3203	266.7191	1.68472	1.070585
28926	-129.2746	-395.8348	266.5602	2.021046	0.8888116
28932	-123.1403	-389.0113	265.871	1.684671	1.736448
28938	-111.2185	-375.82	264.6015	1.74455	2.529321
28944	-109.8735	-374.4907	264.6172	1.610401	2.602904
28950	-118.7548	-384.1655	265.4108	1.673236	2.057002
28956	-131.4648	-395.1419	263.6771	1.872933	3.015204
28962	-118.9283	-385.4263	266.498	1.782257	1.181736
28968	-121.3362	-387.2756	265.9394	1.880434	1.546416
28974	-119.3912	-385.3938	266.0025	1.663395	1.658302
28980	-125.0072	-391.2591	266.2519	1.892169	1.295983
28986	-130.7072	-397.3965	266.6892	2.027482	0.7058115
28992	-133.6458	-400.1141	266.4682	2.009234	0.9992798
28998	-126.293	-392.8355	266.5425	2.108772	0.8030714
29004	-125.9525	-392.3918	266.4392	1.874046	1.152844
29010	-125.7773	-392.0469	266.2696	2.513683	0.487011
29016	-112.6103	-378.7738	266.1635	2.590018	0.3871351
29022	-116.4813	-382.7262	266.2449	2.486501	0.3553408
29028	-110.3312	-376.5917	266.2604	2.510597	0.4248939
29034	-109.6044	-375.9801	266.3757	2.396085	0.5807187
29040	-106.5473	-373.0942	266.547	2.192543	0.6635281
29046	-112.5283	-379.1051	266.5768	1.983705	0.9121421
29052	-108.32	-374.8236	266.5036	2.173204	0.7680311
29058	-108.0341	-374.5049	266.4709	2.024944	0.9807601
29064	-108.4156	-374.6861	266.2705	1.623685	1.490985
29070	-120.3502	-386.1268	265.7766	1.54939	1.894978
29076	-115.9094	-382.264	266.3546	1.76172	1.318461
29082	-111.4777	-377.6395	266.1617	1.75913	1.470877
29088	-104.4601	-370.738	266.2779	2.01598	1.169926
29094	-97.53906	-363.9892	266.4501	2.223215	0.7728922
29100	-94.5741	-361.154	266.5799	2.190527	0.5855598
29106	-102.7235	-369.3248	266.6014	1.676308	1.183964
29112	-107.1616	-373.2079	266.0463	1.785375	1.537678
29118	-100.6135	-366.0136	265.4001	1.584506	2.122343
29124	-100.8883	-367.3686	266.4803	1.619396	1.331776
29130	-96.33033	-362.3537	266.0233	1.667977	1.640097
29136	-105.4363	-371.7364	266.3001	1.806038	1.326644
29142	-97.06226	-363.5429	266.4806	1.936126	1.058355
29148	-102.5129	-368.7896	266.2767	1.961159	1.218053
29154	-107.7263	-374.3023	266.576	2.176267	0.6358219
29160	-105.763	-372.1903	266.4273	2.347381	0.5698671
29166	-104.7798	-371.1123	266.3325	2.449539	0.472828
29172	-112.1485	-378.4807	266.3321	2.45063	0.4799803
29178	-109.0692	-375.3968	266.3276	2.45063	0.5533839
29184	-109.0054	-375.6613	266.6559	1.915271	0.9002234
29190	-100.958	-367.648	266.6901	1.994125	0.7572595
29196	-98.40993	-364.8578	266.4479	2.305684	0.6326667
29202	-94.55108	-360.9223	266.3713	2.407717	0.5496445
29208	-97.74134	-364.2295	266.4882	2.166153	0.7990372
29214	-103.9813	-370.5926	266.6113	1.82362	1.040979
29220	-105.2365	-371.7789	266.5423	1.962924	0.9710516
29226	-106.7789	-373.3291	266.5502	1.97679	0.94836
29232	-98.97645	-365.6025	266.626	2.091145	0.7050224
29238	-100.2285	-366.7695	266.541	2.029739	0.9007745
29244	-98.07885	-364.6775	266.5986	2.183624	0.5264058
29250	-134.5135	-399.3073	264.7938	2.302181	2.04907
29256	-131.6465	-396.4762	264.8297	2.611567	1.816058
29262	-114.8696	-381.3733	266.5037	2.279496	0.5138958
29268	-102.66	-369.3194	266.6594	2.103772	0.607975
29274	-112.1373	-378.6603	266.523	2.14578	0.7792948
29280	-124.8823	-385.2824	260.4002	1.502981	5.101576
29286	-126.5693	-389.9205	263.3512	1.428866	3.470489
29292	-118.322	-384.8389	266.5169	2.166241	0.7588169
29298	-112.6567	-378.9985	266.3418	2.433406	0.5677077
29304	-117.7888	-384.4752	266.6864	2.072323	0.6200348
29310	-123.1195	-389.4661	266.3466	1.945438	1.171498
29316	-114.601	-381.1817	266.5807	1.998653	0.8909971
29322	-130.2692	-396.608	266.3388	2.205273	0.9301149
29328	-121.7735	-388.4092	266.6356	2.048086	0.7579215
29334	-114.4827	-380.5131	266.0304	1.825934	1.519365
29340	-109.96	-375.9536	265.9936	1.702393	1.63672
29346	-114.8716	-379.2694	264.3978	1.3837	2.875781
29352	-116.5962	-383.0521	266.4559	2.327487	0.5096644
29358	-122.1683	-388.7128	266.5445	2.223348	0.5940512
29364	-122.7717	-386.7849	264.0132	1.536576	3.015361
29370	-127.933	-393.4606	265.5276	1.635086	2.004782
29376	-109.7139	-375.6861	265.9722	1.724609	1.636134
29382	-118.0176	-383.8076	265.7899	1.586396	1.860678
29388	-112.873	-378.6664	265.7934	1.598976	1.84972
29394	-119.2467	-385.4373	266.1905	2.055711	1.210944
29400	-118.0789	-384.4434	266.3645	2.40839	0.4304004
29406	-107.9006	-374.1337	266.2331	2.539779	0.4304004
29412	-113.3286	-379.8553	266.5267	2.249578	0.5629468
29418	-118.6895	-385.2157	266.5262	2.250062	0.5629468
29424	-112.8118	-379.0203	266.2085	2.559391	0.4165672
29430	-118.9837	-385.305	266.3213	2.455772	0.5593255
29436	-122.5196	-388.995	266.4754	2.225482	0.7317764
29442	-124.7686	-391.3652	266.5966	2.138626	0.6719735
29448	-128.011	-394.402	266.391	2.226732	0.8457874
29454	-113.7852	-379.9918	266.2066	2.576942	0.4958895
29460	-124.9497	-391.2797	266.33	2.446183	0.5632531
29466	-124.8947	-390.9991	266.1044	2.673969	0.4505328
29472	-122.6965	-388.8993	266.2028	2.269069	1.004899
29478	-127.1812	-393.3811	266.1998	2.539831	0.6632093
29484	-104.8313	-371.1035	266.2723	2.504792	0.4449444
29490	-95.71795	-362.1121	266.3942	2.367955	0.4033886
29496	-110.0379	-376.2578	266.2199	2.551197	0.5832344
29502	-100.1565	-366.5172	266.3607	2.419727	0.5406251
29508	-108.9674	-375.258	266.2906	2.475078	0.6007084
29514	-103.6788	-370.0789	266.4	2.359315	0.6182976
29520	-112.263	-378.5631	266.3001	2.110453	1.064202
29526	-119.9177	-385.4438	265.5261	1.700917	1.961804
29532	-129.1276	-395.5724	266.4448	2.247416	0.7452234
29538	-123.9022	-390.3479	266.4457	2.262707	0.719738
29544	-116.7218	-382.4978	265.776	1.570919	1.880771
29550	-128.2851	-394.8271	266.5419	2.129228	0.7759531
29556	-123.8297	-390.1476	266.3179	2.434846	0.6346287
29562	-121.9404	-387.6204	265.6801	1.543704	1.963966
29568	-117.7025	-383.08	265.3775	1.35426	2.285836
29574	-117.7526	-383.3801	265.6275	1.479377	2.041852
29580	-115.527	-381.5249	265.9979	1.346823	1.882261
29586	-118.0522	-382.8702	264.818	1.511735	2.539464
29592	-121.9395	-387.0841	265.1446	1.541863	2.314794
29598	-112.5796	-378.7801	266.2004	1.553914	1.594465
29604	-122.381	-388.2813	265.9004	1.776944	1.65015
29610	-115.7487	-381.311	265.5623	1.754832	1.900993
29616	-130.9902	-394.9411	263.951	1.407123	3.129819
29622	-130.3565	-395.8172	265.4607	1.464239	2.161253
29628	-122.205	-386.7886	264.5836	1.536093	2.669441
29634	-123.4292	-389.1316	265.7024	1.696205	1.845406
29640	-138.8328	-404.4788	265.646	1.527763	1.997425
29646	-125.4872	-391.178	265.6909	1.65101	1.884176
29652	-121.6579	-387.3113	265.6535	1.666748	1.898895
29658	-116.2632	-381.0831	264.8199	1.301418	2.668483
29664	-130.2113	-394.4088	264.1975	1.350875	3.016196
29670	-130.6775	-396.2494	265.5719	1.376562	2.145927
29676	-131.4262	-397.3849	265.9587	1.61578	1.723244
29682	-109.6499	-375.4162	265.7663	1.477886	1.950259
29688	-104.7618	-371.2424	266.4806	1.897814	1.094171
29694	-117.3369	-383.6662	266.3293	1.944391	1.187445
29700	-109.5568	-376.1315	266.5747	1.953886	0.9467107
29706	-111.5899	-377.9759	266.3861	2.235101	0.8415256
29712	-127.8057	-394.5765	266.7708	1.850401	0.8415256
29718	-118.5785	-385.0535	266.4749	1.814012	1.174177
29724	-116.7347	-383.3185	266.5839	1.943927	0.9475312
29730	-111.4562	-377.9321	266.4759	1.991785	1.009055
29736	-114.5367	-381.0255	266.4888	2.045393	0.940765
29742	-110.1593	-376.7642	266.6049	2.046405	0.803062
29748	-104.6086	-371.098	266.4894	2.274367	0.6063143
29754	-103.4965	-369.9631	266.4665	2.232418	0.734857
29760	-108.6768	-375.2689	266.5921	2.147647	0.6630907
29766	-113.2697	-379.72	266.4503	2.304979	0.6285643
29772	-115.1181	-381.598	266.4799	2.275422	0.6285643
29778	-113.5746	-379.9612	266.3865	1.932847	1.147456
29784	-111.8744	-378.2463	266.3719	1.964133	1.132649
29790	-108.3406	-374.927	266.5864	1.749561	1.132649
29796	-105.5459	-372.0816	266.5357	1.883238	1.056271
29802	-109.136	-375.3077	266.1717	1.459135	1.683312
29808	-101.3172	-367.5729	266.2557	1.210309	1.79901
29814	-110.2246	-374.8992	264.6746	1.408323	2.692085
29820	-106.8891	-369.3369	262.4477	1.272551	4.081469
29826	-113.5487	-375.4761	261.9274	1.41982	4.293296
29832	-96.69635	-361.9463	265.2499	1.089913	2.533182
29838	-100.9359	-365.0336	264.0976	1.397501	3.048061
29844	-98.02937	-363.1231	265.0938	1.462331	2.397555
29850	-107.8862	-373.2632	265.377	1.648564	2.095478
29856	-86.29279	-352.5121	266.2193	1.490555	1.626741
29862	-98.38391	-365.1345	266.7506	1.572797	1.143886
29868	-114.4873	-380.4821	265.9948	1.662117	1.664778
29874	-107.2317	-373.2941	266.0625	1.594424	1.664778
29880	-116.3388	-377.4686	261.1297	2.257517	4.270622
29886	-113.7785	-377.1831	263.4046	1.902383	3.160181
29892	-108.2331	-373.5684	265.3352	1.452532	2.249944
29898	-108.7489	-374.4661	265.7172	1.523081	1.952894
29904	-108.0934	-374.2952	266.2018	1.445723	1.671456
29910	-110.3744	-375.6662	265.2917	1.452009	2.278183
29916	-115.5202	-381.3682	265.848	1.592916	1.81629
29922	-111.7085	-377.8942	266.1858	1.48713	1.653324
29928	-107.3223	-373.3636	266.0413	1.47166	1.766366
29934	-105.1629	-370.8963	265.7335	1.492725	1.962347
29940	-103.3147	-369.1551	265.8404	1.492065	1.890574
29946	-97.56518	-363.7813	266.2161	1.726173	1.454595
29952	-96.60868	-362.944	266.3354	1.797028	1.305448
29958	-98.64703	-364.3541	265.7071	1.685786	1.849337
29964	-99.42644	-365.0792	265.6528	1.510871	2.004167
29970	-93.40233	-358.1685	264.7662	1.269477	2.721048
29976	-100.6033	-366.6791	266.0758	1.205826	1.925021
29982	-98.74159	-363.1819	264.4403	1.220026	2.948943
29988	-99.30958	-362.0987	262.7891	1.406512	3.809298
29994	-90.67231	-354.9536	264.2813	1.131548	3.097207
30000	-90.3755	-353.6771	263.3016	1.097646	3.691796
30006	-94.53412	-355.671	261.1369	1.007264	4.967796
30012	-109.7232	-374.4216	264.6984	1.472901	2.637698
30018	-110.0257	-375.2342	265.2085	1.262163	2.451347
30024	-109.3991	-373.9765	264.5774	1.337561	2.79474
30030	-108.197	-374.3244	266.1274	2.055562	1.264012
30036	-121.1885	-387.1869	265.9984	2.306634	1.160125
30042	-117.0467	-380.326	263.2794	1.094276	3.706613
30048	-111.4754	-374.815	263.3396	1.03399	3.706613
30054	-112.7325	-377.8527	265.1202	1.18777	2.553016
30060	-123.3127	-385.9916	262.6789	1.031982	4.086807
30066	-116.1136	-381.0188	264.9052	1.109732	2.733716
30072	-117.5806	-381.1896	263.609	1.093164	3.515922
30078	-111.7762	-374.4814	262.7052	1.163061	3.997035
30084	-110.5583	-374.9714	264.4131	1.22423	2.962783
30090	-116.8844	-382.0941	265.2097	1.20946	2.483688
30096	-113.1477	-377.2831	264.1353	1.290442	3.08948
30102	-115.4039	-378.6415	263.2376	1.800001	3.319501
30108	-107.8347	-374.2866	266.452	1.818678	1.190057
30114	-111.9361	-378.6167	266.6806	1.893038	0.8974588
30120	-128.3807	-394.9728	266.5922	2.118229	0.7164548
30126	-123.1559	-389.505	266.3491	2.388419	0.6675701
30132	-117.5163	-383.5624	266.0461	2.710931	0.3934294
30138	-133.8038	-399.6802	265.8764	2.804227	0.3060624
30144	-127.9503	-393.9622	266.0119	2.732422	0.3726311
30150	-117.3511	-383.9659	266.6148	2.123919	0.6650189
30156	-125.2818	-391.7695	266.4877	2.287729	0.5667312
30162	-122.7978	-389.4115	266.6136	2.126783	0.6616672
30168	-115.9079	-382.6267	266.7188	1.916493	0.8238028
30174	-92.38189	-358.6929	266.311	2.471529	0.5234694
30180	-106.266	-372.7789	266.5129	2.22959	0.6573364
30186	-98.98612	-365.4067	266.4206	2.362485	0.516089
30192	-105.3764	-371.531	266.1546	2.609311	0.4071962
30198	-96.8934	-362.6341	265.7407	2.929513	0.2980904
30204	-86.21406	-352.3081	266.094	2.654095	0.3783331
30210	-95.06535	-361.1748	266.1094	2.621622	0.3549483
30216	-92.33152	-358.5363	266.2048	2.561351	0.412298
30222	-99.57961	-366.0479	266.4682	2.315137	0.4897997
30228	-100.8868	-367.5388	266.652	2.064748	0.7057845
30234	-104.103	-370.482	266.3791	2.268446	0.8080499
30240	-90.89753	-357.5222	266.6247	2.003911	0.8323181
30246	-89.99027	-356.6498	266.6595	2.063855	0.6941986
30252	-92.43944	-358.9132	266.4738	1.792116	1.194143
30258	-95.09757	-361.8044	266.7068	1.938746	0.8106403
30264	-95.06847	-361.5181	266.4496	2.087458	0.9376368
30270	-99.31112	-365.8049	266.4938	2.018836	0.9634092
30276	-93.72599	-359.9058	266.1798	1.869638	1.371659
30282	-98.86239	-364.85	265.9876	1.801778	1.568853
30288	-99.64197	-364.8774	265.2354	1.50546	2.280047
30294	-98.85208	-365.237	266.3849	1.417843	1.559052
30300	-105.469	-370.825	265.356	1.542298	2.178574
30306	-110.8166	-375.368	264.5515	1.326547	2.817244
30312	-94.43641	-359.0455	264.6091	1.294827	2.801496
30318	-98.1277	-363.2115	265.0838	1.655408	2.281075
30324	-95.27793	-361.5221	266.2442	1.837047	1.346507
30330	-104.925	-371.2341	266.309	2.188091	0.9793947
30336	-92.70255	-359.3222	266.6197	2.051323	0.7762173
30342	-99.72959	-366.1047	266.3751	2.36862	0.65479
30348	-111.9921	-378.2887	266.2965	2.462674	0.6186919
30354	-110.0975	-376.0835	265.986	2.714261	0.3226684
30360	-104.7968	-370.6884	265.8915	2.825946	0.3395318
30366	-112.7851	-378.6632	265.8781	2.883494	0.4022837
30372	-113.1671	-379.262	266.0949	2.665937	0.4008566
30378	-115.129	-381.3003	266.1713	2.589554	0.4008566
30384	-105.5906	-371.7136	266.123	2.620562	0.3715908
30390	-106.865	-372.7153	265.8503	2.857201	0.3294712
30396	-106.4931	-372.34	265.8469	2.86109	0.3299572
30402	-102.6166	-368.5548	265.9382	2.739831	0.3039763
30408	-113.5562	-379.2793	265.7231	2.866138	0.2494151
30414	-108.9199	-374.5114	265.5915	3.025095	0.2638318
30420	-105.0884	-370.6721	265.5837	2.989717	0.2417654
30426	-100.95	-366.4848	265.5348	2.989717	0.2207479
30432	-110.8395	-376.3383	265.4987	3.064839	0.2372337
30438	-111.8616	-377.4471	265.5855	2.981575	0.23884
30444	-109.2554	-374.5388	265.2834	3.170124	0.1954968
30450	-120.909	-386.0655	265.1565	3.170124	0.1605755
30456	-114.2168	-378.76	264.5432	3.569616	0.1194174
30462	-113.7265	-378.1912	264.4647	3.500879	0.09892959
30468	-111.4131	-376.0237	264.6107	3.506626	0.1201329
30474	-107.6551	-372.5074	264.8523	3.355698	0.1356907
30480	-124.8549	-390.9792	266.1243	1.961277	1.34308
30486	-128.3792	-393.9631	265.5839	2.146662	1.61177
30492	-113.9278	-378.8243	264.8965	3.346789	0.142489
30498	-112.0173	-377.3649	265.3476	3.070656	0.1846901
30504	-105.7028	-371.8213	266.1185	2.615813	0.359037
30510	-101.9987	-367.9511	265.9525	2.751552	0.3261102
30516	-108.3998	-374.2704	265.8705	2.830154	0.323046
30522	-100.4828	-366.2512	265.7684	2.87136	0.2774874
30528	-105.2797	-370.9004	265.6207	2.899301	0.2189854
30534	-126.0356	-392.5568	266.5213	1.697734	1.234
30540	-114.1423	-380.4436	266.3013	2.129839	1.044632
30546	-121.6807	-387.9426	266.2619	2.216424	0.9984548
30552	-111.6703	-377.9528	266.2825	1.990604	1.187923
30558	-127.8145	-394.0137	266.1991	1.915378	1.319883
30564	-103.2508	-368.9675	265.7166	2.926315	0.2794761
30570	-116.635	-382.3566	265.7216	2.921355	0.2794761
30576	-128.6643	-394.19	265.5256	3.023174	0.2307343
30582	-112.2841	-377.8098	265.5256	3.023174	0.2307343
30588	-107.045	-372.5911	265.5461	3.023174	0.2398277
30594	-102.2873	-367.956	265.6688	2.900498	0.2398277
30600	-118.5352	-383.93	265.3948	3.193569	0.2489678
30606	-121.6225	-387.1348	265.5123	3.023491	0.2252821
30612	-125.2493	-390.7616	265.5123	3.023491	0.2252821
30618	-125.8096	-391.3865	265.5769	3.025049	0.2558958
30624	-124.1858	-389.6965	265.5107	3.053504	0.2375032
30630	-141.3543	-407.3382	265.9839	1.378591	1.870143
30636	-147.7463	-413.7541	266.0078	1.579186	1.714426
30642	-121.2283	-387.4769	266.2486	2.522961	0.4263634
30648	-108.3088	-374.6262	266.3175	2.460602	0.4493057
30654	-104.0218	-370.1764	266.1545	2.623532	0.4493057
30660	-102.6344	-368.5484	265.914	2.833317	0.3771484
30666	-104.0553	-370.1804	266.1251	2.622202	0.3771484
30672	-114.7301	-380.9221	266.192	2.565925	0.3951505
30678	-108.0788	-374.1672	266.0884	2.667964	0.3922607
30684	-111.1379	-377.593	266.4551	2.328482	0.4965201
30690	-113.3424	-379.2891	265.9467	2.807115	0.3877453
30696	-107.644	-374.0919	266.4479	2.284965	0.6765721
30702	-109.8996	-376.2653	266.3657	2.41785	0.4988895
30708	-115.0001	-381.213	266.2129	2.570639	0.5056687
30714	-114.6134	-378.3214	263.708	1.574077	3.175014
30720	-125.068	-391.5028	266.4347	2.348256	0.5179259
30726	-125.7247	-392.1177	266.393	2.390445	0.5081756
30732	-126.7463	-393.3308	266.5845	2.169016	0.6329687
30738	-134.0059	-400.528	266.5221	2.169086	0.7468041
30744	-112.7227	-377.0038	264.2811	1.28386	3.006248
30750	-132.8529	-399.0595	266.2066	1.439971	1.672172
30756	-131.8121	-396.7656	264.9534	1.46414	2.484654
30762	-121.9343	-385.0264	263.0921	1.433459	3.61863
30768	-115.655	-379.2598	263.6049	1.540545	3.255907
30774	-113.2736	-377.9752	264.7016	1.583703	2.567096
30780	-110.5404	-374.5458	264.0053	1.765063	2.882497
30786	-114.1602	-377.7199	263.5597	1.679513	3.200406
30792	-111.0843	-372.8693	261.785	1.437743	4.363656
30798	-115.1651	-376.9041	261.7389	1.089828	4.585437
30804	-117.9633	-378.9843	261.021	1.244951	4.900036
30810	-120.7498	-378.2679	257.5181	1.174878	6.854338
30816	-112.0851	-374.9512	262.8661	1.239857	3.860836
30822	-117.8858	-378.5596	260.6738	1.458842	4.974167
30828	-119.2831	-381.5145	262.2313	1.753289	3.930439
30834	-106.4764	-372.9477	266.4713	2.269438	0.3675311
30840	-118.5955	-384.3895	265.7939	1.520604	1.90275
30846	-122.4223	-387.83	265.4077	1.73598	2.017441
30852	-113.4273	-379.8244	266.3971	2.385506	0.5226375
30858	-108.4048	-374.6932	266.2884	2.494981	0.4907703
30864	-118.8661	-385.1222	266.2561	2.508858	0.4095592
30870	-111.91	-378.1847	266.2747	2.508858	0.5030414
30876	-123.2679	-389.8755	266.6076	2.174701	0.5258325
30882	-107.0586	-373.6357	266.5771	2.172838	0.6412066
30888	-108.059	-374.563	266.504	2.172838	0.7678479
30894	-121.3298	-387.9349	266.6051	2.093171	0.735959
30900	-122.9293	-389.5388	266.6095	2.025959	0.8236251
30906	-109.4815	-375.9134	266.4319	2.340261	0.5794729
30912	-107.6071	-374.0572	266.4501	2.330851	0.4643556
30918	-120.7686	-387.1983	266.4296	2.307715	0.6678924
30924	-110.4738	-377.1162	266.6424	2.101992	0.653371
30930	-118.0664	-384.5421	266.4758	2.307325	0.5159783
30936	-109.5004	-376.1529	266.6525	2.081438	0.6745415
30942	-112.8081	-379.2152	266.4071	2.017675	1.050751
30948	-112.5508	-378.2884	265.7377	1.72006	1.804699
30954	-120.8236	-387.1638	266.3401	1.714799	1.367339
30960	-114.0712	-380.4863	266.4151	1.493341	1.480289
30966	-106.7672	-372.8593	266.0921	1.484307	1.721902
30972	-102.6921	-367.9838	265.2918	1.592691	2.187536
30978	-114.575	-379.4736	264.8986	1.245132	2.654659
30984	-110.3423	-374.6241	264.2818	1.062101	3.138244
30990	-126.8727	-393.124	266.2513	1.73459	1.421185
30996	-121.796	-388.1123	266.3162	1.965368	1.180576
31002	-121.359	-387.2544	265.8954	1.815153	1.626207
31008	-117.4828	-383.4803	265.9976	1.999112	1.41284
31014	-129.1965	-393.6906	264.4941	1.476885	2.76061
31020	-120.8849	-387.1267	266.2418	1.871746	1.32065
31026	-110.982	-377.2539	266.2719	1.776422	1.372561
31032	-110.7779	-377.1635	266.3857	2.171985	0.9152929
31038	-113.703	-380.1946	266.4916	2.100222	0.8766209
31044	-122.5272	-388.3236	265.7963	1.703313	1.775614
31050	-103.8491	-370.175	266.326	1.99996	1.141647
31056	-117.0909	-383.547	266.4561	1.785512	1.214902
31062	-135.5857	-401.7831	266.1974	1.85638	1.368271
31068	-128.6096	-394.9408	266.3313	1.680887	1.40084
31074	-132.4042	-398.1715	265.7673	1.830248	1.706936
31080	-118.6892	-384.6482	265.959	1.616496	1.72254
31086	-122.8752	-389.2067	266.3315	1.625586	1.443312
31092	-130.3977	-396.1019	265.7042	1.680362	1.855059
31098	-120.9664	-386.7676	265.8013	1.853413	1.666355
31104	-120.475	-386.0818	265.6068	1.798301	1.840982
31110	-125.7389	-392.4015	266.6626	2.004839	0.7811827
31116	-132.0896	-398.5894	266.4998	2.041262	0.9334033
31122	-120.6104	-386.4676	265.8571	1.435148	1.917828
31128	-113.5251	-379.1892	265.6641	1.595848	1.939677
31134	-114.8057	-380.216	265.4103	1.218741	2.351353
31140	-119.0919	-383.2302	264.1382	1.189229	3.148031
31146	-117.4571	-382.2116	264.7544	1.576045	2.539015
31152	-114.6541	-380.6791	266.025	1.766196	1.567493
31158	-110.5819	-375.7868	265.2049	1.79035	2.115381
31164	-100.6131	-366.5673	265.9542	1.709723	1.659737
31170	-99.1847	-364.2058	265.0211	1.696915	2.294655
31176	-107.3899	-373.6838	266.2939	1.593572	1.496047
31182	-108.5885	-374.354	265.7655	1.316322	2.05842
31188	-104.3969	-370.5412	266.1442	1.50852	1.667727
31194	-114.4545	-380.8599	266.4053	1.957027	1.10886
31200	-118.426	-384.8554	266.4294	1.731518	1.282168
31206	-105.7865	-372.0767	266.2902	1.617956	1.480508
31212	-111.6035	-377.7813	266.1777	1.730384	1.480508
31218	-121.618	-388.1662	266.5483	1.898909	1.029145
31224	-119.1712	-385.6026	266.4314	2.03493	1.010345
31230	-121.5691	-385.6693	264.1002	1.291535	3.109787
31236	-119.0518	-382.5935	263.5417	1.180685	3.504152
31242	-116.6519	-381.2883	264.6363	1.150261	2.872701
31248	-106.7903	-372.0636	265.2734	1.370304	2.34204
31254	-107.003	-372.1536	265.1506	1.493066	2.34204
31260	-118.2934	-383.6917	265.3984	1.488105	2.186234
31266	-130.2405	-395.9697	265.7292	2.128983	1.518001
31272	-132.7731	-399.2455	266.4723	2.146723	0.8441333
31278	-122.0331	-388.6403	266.6071	2.037424	0.8119458
31284	-128.2638	-394.6061	266.3423	1.382742	1.615766
31290	-118.8962	-385.4758	266.5795	2.2023	0.5305526
31296	-122.684	-389.1433	266.4593	2.309907	0.5895607
31302	-115.8952	-382.2642	266.3691	2.41397	0.5169484
31308	-118.069	-384.4848	266.4158	2.362563	0.5528249
31314	-115.6481	-382.1598	266.5117	2.240432	0.6360586
31320	-111.3316	-377.8055	266.474	2.290809	0.6033781
31326	-112.8443	-379.3572	266.5128	2.139118	0.8022087
31332	-103.591	-370.1821	266.5911	2.167786	0.6195382
31338	-106.733	-373.0911	266.3582	2.423773	0.4718238
31344	-116.2845	-382.746	266.4615	2.320739	0.5265303
31350	-115.14	-381.2962	266.1562	2.61641	0.4294453
31356	-112.1072	-378.2631	266.156	2.589295	0.3740155
31362	-107.5349	-373.5058	265.9709	2.731083	0.3242369
31368	-103.5707	-369.5554	265.9848	2.694063	0.3046303
31374	-98.92837	-364.596	265.6676	2.915643	0.2464472
31380	-124.4842	-390.8593	266.3751	2.40578	0.463921
31386	-125.615	-391.6363	266.0213	2.726066	0.3771434
31392	-111.5232	-377.9026	266.3794	2.402863	0.4741748
31398	-120.2594	-386.6165	266.3571	2.404973	0.4033262
31404	-124.1494	-390.3163	266.1669	2.616653	0.4952756
31410	-120.1908	-385.9921	265.8013	2.894034	0.3182812
31416	-127.1232	-393.0771	265.9538	2.810987	0.4092754
31422	-125.1112	-391.4589	266.3476	2.428117	0.5652574
31428	-114.6538	-380.8002	266.1464	2.629372	0.4400671
31434	-123.8008	-390.2428	266.442	2.109696	0.9217763
31440	-101.0406	-367.3469	266.3063	2.428492	0.6729296
31446	-94.60203	-360.9856	266.3835	2.351243	0.6729296
31452	-106.6395	-373.0554	266.4159	2.352198	0.5932392
31458	-107.5511	-374.0986	266.5475	2.135252	0.7594048
31464	-110.9874	-377.6207	266.6333	1.807794	1.035083
31470	-113.1871	-379.783	266.5959	2.096465	0.7450746
31476	-102.1129	-368.4556	266.3427	2.433692	0.4425248
31482	-93.78053	-360.1568	266.3763	2.403506	0.4578051
31488	-101.1013	-367.6898	266.5885	2.159197	0.6462071
31494	-87.53422	-353.9407	266.4065	1.955627	1.109066
31500	-93.76967	-359.5828	265.8132	1.912581	1.615252
31506	-108.9029	-373.4843	264.5813	1.928731	2.426596
31512	-122.4261	-387.6496	265.2235	1.590723	2.23294
31518	-123.4764	-389.2185	265.7421	1.796917	1.748136
31524	-118.2812	-384.5669	266.2857	2.279655	0.9067125
31530	-104.3819	-370.5814	266.1995	2.006035	1.245329
31536	-98.28483	-364.7449	266.4601	2.246929	0.7219492
31542	-118.6638	-384.9599	266.2961	2.410952	0.7219492
31548	-126.2645	-392.5173	266.2529	2.388252	0.8163321
31554	-136.5973	-402.6641	266.0668	1.986239	1.368801
31560	-111.4001	-377.9252	266.5251	2.226278	0.6378446
31566	-117.9909	-384.6181	266.6272	1.98072	0.8575752
31572	-103.3745	-369.814	266.4395	2.108637	0.9257155
31578	-112.9909	-379.411	266.4201	2.029969	1.026336
31584	-106.2071	-372.5829	266.3758	2.083263	1.017536
31590	-114.6737	-380.9104	266.2367	1.910438	1.293452
31596	-107.6182	-372.9995	265.3814	1.586711	2.133132
31602	-99.8065	-364.4134	264.6069	1.3747	2.754131
31608	-106.4396	-372.1303	265.6907	1.539262	1.959806
31614	-106.771	-371.3187	264.5477	1.606182	2.648426
31620	-109.2979	-375.5366	266.2387	1.589458	1.540289
31626	-96.6823	-361.8522	265.1699	1.649836	2.229356
31632	-97.38938	-363.4618	266.0724	1.908204	1.425216
31638	-93.60923	-360.1759	266.5667	2.192008	0.6199689
31644	-103.116	-369.6549	266.5389	2.070653	0.8556855
31650	-100.6517	-366.9729	266.3212	2.439902	0.6137563
31656	-101.6692	-367.6163	265.9471	2.796205	0.3712165
31662	-98.39266	-363.7174	265.3247	3.140082	0.1991774
31668	-101.6284	-367.0632	265.4348	3.036719	0.2014045
31674	-98.01316	-363.5518	265.5386	3.016547	0.2334878
31680	-102.8856	-368.5521	265.6665	2.920672	0.2483585
31686	-103.5418	-369.0459	265.5042	3.018686	0.2200868
31692	-102.3784	-367.7413	265.3629	3.214651	0.2436892
31698	-100.1776	-365.2396	265.062	3.26928	0.16169
31704	-99.23023	-364.2767	265.0465	3.312239	0.1684556
31710	-108.3244	-373.1981	264.8737	3.355889	0.139807
31716	-99.82424	-365.0133	265.1891	3.10576	0.1533182
31722	-100.7742	-365.7835	265.0094	3.252154	0.1461898
31728	-109.0548	-373.9146	264.8597	3.384269	0.1426322
31734	-90.48518	-355.3517	264.8665	3.393913	0.1459669
31740	-87.0015	-352.1132	265.1117	3.177783	0.1521432
31746	-95.34131	-360.3867	265.0454	3.230871	0.1492885
31752	-86.78166	-351.9778	265.1962	3.148495	0.1649311
31758	-96.34165	-361.5259	265.1842	3.092105	0.149297
31764	-98.01558	-362.3194	264.3038	3.596553	0.09128376
31770	-102.0871	-366.3274	264.2403	3.516674	0.07683775
31776	-105.4831	-369.5859	264.1028	3.654167	0.07683775
31782	-105.2091	-369.3526	264.1434	3.654167	0.08063104
31788	-109.6289	-373.6551	264.0262	3.77139	0.08063104
31794	-131.5782	-397.8746	266.2964	2.485376	0.5305575
31800	-116.0216	-380.6316	264.61	3.511075	0.1207349
31806	-132.4804	-397.4734	264.993	3.204139	0.1336901
31812	-130.5301	-395.4268	264.8968	3.332957	0.1398252
31818	-119.4038	-384.3282	264.9244	3.305315	0.1398252
31824	-124.97	-389.7571	264.7871	3.42596	0.1366451
31830	-125.2183	-389.9133	264.695	3.518069	0.1366451
31836	-121.8502	-386.0332	264.183	3.670381	0.08621057
31842	-113.3175	-377.9124	264.5949	3.44912	0.1092404
31848	-105.013	-369.8829	264.8698	3.376098	0.1430182
31854	-106.3845	-371.2357	264.8512	3.381601	0.1404142
31860	-102.7947	-367.5837	264.7889	3.381601	0.1289527
31866	-109.9026	-374.7637	264.8611	3.381601	0.1423796
31872	-104.7325	-369.8175	265.0851	3.242614	0.160828
31878	-103.3456	-368.1763	264.8307	3.345785	0.1299852
31884	-105.086	-369.9927	264.9067	3.345785	0.1443492
31890	-105.3581	-370.5411	265.183	3.105348	0.1518908
31896	-107.6959	-373.5228	265.8269	2.741849	0.2395815
31902	-97.94581	-363.7407	265.7949	2.842214	0.2758249
31908	-107.1595	-372.9805	265.821	2.862995	0.3087634
31914	-106.8627	-372.6451	265.7823	2.855928	0.2765205
31920	-103.0699	-368.5305	265.4605	3.042169	0.2124193
31926	-106.1757	-371.5374	265.3618	3.006978	0.1710219
31932	-105.832	-371.0303	265.1983	3.08303	0.1503703
31938	-101.9442	-367.6452	265.701	2.847365	0.2305568
31944	-96.13188	-361.655	265.5231	2.961831	0.206035
31950	-97.79742	-363.1796	265.3822	3.0336	0.1839578
31956	-102.6327	-368.4697	265.837	2.816103	0.28608
31962	-100.5459	-366.5414	265.9954	2.724521	0.3421611
31968	-110.1111	-375.8991	265.7881	2.871947	0.2907855
31974	-112.7913	-378.937	266.1456	2.59645	0.3693937
31980	-114.0383	-380.4325	266.3941	2.387267	0.5337586
31986	-101.5477	-367.9419	266.3941	2.387267	0.5337586
31992	-105.0922	-371.373	266.2808	2.490191	0.4248554
31998	-109.8342	-376.2373	266.4031	2.298283	0.7310505
32004	-114.0819	-380.2433	266.1614	2.596395	0.3948155
32010	-112.7854	-379.0839	266.2985	2.241255	0.9348028
32016	-103.5991	-370.1088	266.5097	2.037021	0.9272925
32022	-103.3322	-369.9012	266.5691	1.927764	0.9796779
32028	-106.9185	-373.4128	266.4943	2.149352	0.8130691
32034	-107.2124	-373.8542	266.6419	2.075707	0.7043237
32040	-127.0112	-393.5737	266.5625	2.18297	0.651014
32046	-116.5154	-383.0224	266.507	2.238522	0.651014
32052	-119.2579	-385.7681	266.5102	2.234862	0.6519322
32058	-108.335	-374.9429	266.6078	2.146124	0.6317744
32064	-113.9624	-380.5593	266.5969	2.102308	0.7344164
32070	-109.8277	-375.9441	266.1164	1.412148	1.755472
32076	-108.9169	-374.7623	265.8454	1.530627	1.860874
32082	-102.7568	-369.2786	266.5218	2.192807	0.7093254
32088	-106.2866	-372.8516	266.565	2.161514	0.6884333
32094	-111.5384	-378.133	266.5945	1.960355	0.918347
32100	-101.3756	-367.7911	266.4155	2.365521	0.5367617
32106	-110.4228	-376.8715	266.4486	2.334966	0.4999731
32112	-112.7774	-379.1814	266.404	2.368136	0.4281116
32118	-108.5594	-374.8768	266.3175	2.449713	0.596206
32124	-106.2797	-372.8569	266.5772	2.065867	0.8138071
32130	-121.81	-388.5737	266.7638	1.917738	0.7611879
32136	-122.0935	-388.7346	266.641	2.122684	0.6064724
32142	-118.5612	-385.1693	266.6081	2.153505	0.612196
32148	-123.0734	-389.425	266.3516	2.414327	0.5998562
32154	-124.8317	-391.159	266.3272	2.446902	0.4343212
32160	-112.3449	-378.638	266.2931	2.486618	0.4573173
32166	-114.9551	-380.9342	265.9791	2.76221	0.3683362
32172	-119.6318	-386.1632	266.5314	2.252054	0.5076724
32178	-123.3311	-389.6753	266.3442	2.341471	0.7551055
32184	-124.0714	-390.3227	266.2512	2.119725	1.101018
32190	-135.1982	-401.8001	266.6019	1.971223	0.898093
32196	-125.5879	-392.0618	266.4739	1.981468	1.021202
32202	-120.4747	-386.3837	265.909	2.768824	0.3038268
32208	-122.0266	-387.8837	265.857	2.832901	0.3136267
32214	-123.2259	-389.5587	266.3327	2.432767	0.6012238
32220	-115.0124	-381.3597	266.3473	2.396702	0.6542185
32226	-118.7444	-385.1463	266.4019	2.343721	0.6507033
32232	-122.7119	-388.1966	265.4847	3.057336	0.2278782
32238	-122.728	-388.7132	265.9852	2.777998	0.4057004
32244	-99.05247	-365.1943	266.1418	2.623603	0.4106921
32250	-97.99432	-364.1819	266.1876	2.591054	0.4517444
32256	-106.9764	-372.9529	265.9765	2.765388	0.3691651
32262	-115.26	-381.3311	266.0711	2.649055	0.3424066
32268	-110.3235	-376.6141	266.2906	2.491395	0.5284693
32274	-107.2412	-372.4127	265.1715	3.170588	0.1642913
32280	-100.6162	-365.8509	265.2347	3.170588	0.1809508
32286	-108.7857	-373.9133	265.1276	3.249534	0.1732178
32292	-117.5754	-382.5025	264.9271	3.315556	0.1423654
32298	-101.5289	-366.4796	264.9507	3.315556	0.1471796
32304	-105.4987	-369.9111	264.4124	3.539105	0.09721931
32310	-104.3765	-370.6139	266.2374	2.5461	0.508374
32316	-101.6877	-367.9576	266.2698	2.492199	0.4032142
32322	-102.8187	-368.4621	265.6434	2.905952	0.2309626
32328	-113.7074	-379.7474	266.04	2.700426	0.3671434
32334	-116.6241	-382.6611	266.037	2.703439	0.3671434
32340	-115.4169	-381.4284	266.0115	2.737688	0.3800005
32346	-117.3964	-383.0662	265.6698	2.949684	0.2654542
32352	-113.3588	-379.2136	265.8548	2.788511	0.2796729
32358	-112.2261	-378.1243	265.8983	2.818006	0.3382652
32364	-109.96	-375.5401	265.5802	3.05388	0.2739744
32370	-117.7411	-383.5369	265.7958	2.838289	0.2739744
32376	-122.3167	-388.0467	265.73	2.915432	0.2810452
32382	-130.3376	-395.7492	265.4116	3.206373	0.2646054
32388	-108.3243	-373.509	265.1848	3.206373	0.1770061
32394	-108.1393	-373.2253	265.0859	3.206373	0.1527509
32400	-101.5504	-366.7393	265.189	3.162111	0.1665234
32406	-105.9179	-370.6235	264.7056	3.46999	0.1298429
32412	-96.0519	-360.7575	264.7056	3.46999	0.1298429
32418	-107.9949	-372.2122	264.2172	3.716432	0.09509209
32424	-106.4332	-370.5913	264.1581	3.716432	0.08845047
32430	-106.1522	-370.6193	264.4671	3.546078	0.1050297
32436	-106.7465	-371.2177	264.4712	3.597167	0.1127062
32442	-93.45682	-357.8841	264.4273	3.493795	0.09362688
32448	-103.0759	-367.1435	264.0675	3.656714	0.07393068
32454	-104.279	-368.1698	263.8908	3.745194	0.06671277
32460	-107.6521	-370.8576	263.2055	4.076559	0.04482104
32466	-113.6518	-376.9918	263.34	3.942045	0.04482104
32472	-100.9924	-365.0119	264.0195	3.737952	0.07687914
32478	-98.43176	-362.3985	263.9667	3.790776	0.07687914
32484	-97.93212	-361.8321	263.9	3.782114	0.07037934
32490	-109.0161	-373.1087	264.0926	3.710983	0.08120628
32496	-122.3814	-386.5612	264.1798	3.623762	0.08120628
32502	-114.8063	-381.2922	266.4859	1.832014	1.148734
32508	-102.0867	-368.8636	266.7769	1.859078	0.8229369
32514	-140.4873	-404.85	264.3627	1.14604	3.039916
32520	-109.2814	-375.8471	266.5657	2.170744	0.6695936
32526	-117.1684	-383.6143	266.4459	2.32646	0.4287151
32532	-104.9691	-371.3141	266.345	2.427334	0.4287151
32538	-97.8125	-364.0656	266.2531	2.519262	0.4287151
32544	-98.05431	-364.3878	266.3335	2.450029	0.4938706
32550	-97.88979	-364.1801	266.2903	2.492858	0.4852727
32556	-102.6471	-368.9211	266.274	2.497585	0.4264879
32562	-96.47734	-362.7779	266.3006	2.482951	0.4943709
32568	-97.54544	-364.1284	266.5829	2.129831	0.7124948
32574	-93.25028	-359.8637	266.6134	2.052613	0.7831715
32580	-90.72837	-357.3836	266.6552	2.050193	0.724607
32586	-88.94837	-355.3858	266.4374	2.328559	0.5999225
32592	-92.02336	-358.5834	266.5601	2.205893	0.5999225
32598	-96.13146	-362.5728	266.4413	2.341949	0.5123878
32604	-103.8095	-370.4248	266.6154	2.131221	0.6486423
32610	-103.7501	-370.2772	266.5271	2.071718	0.8684703
32616	-108.3365	-374.8819	266.5453	2.018007	0.9090053
32622	-104.4449	-371.038	266.5931	2.178754	0.5804745
32628	-104.3487	-370.6869	266.3383	2.435744	0.5725103
32634	-99.96621	-366.0532	266.087	2.665387	0.3851968
32640	-107.6566	-373.8021	266.1455	2.613225	0.3965294
32646	-113.9435	-380.1065	266.163	2.610328	0.4318058
32652	-118.6519	-384.9895	266.3376	2.438076	0.5654969
32658	-111.1034	-377.6418	266.5384	2.197186	0.6714134
32664	-107.3334	-373.9815	266.6481	1.967513	0.8482677
32670	-105.4573	-371.9418	266.4845	2.271453	0.6269548
32676	-114.3318	-380.675	266.3432	2.402102	0.6514616
32682	-108.65	-373.3469	264.6969	3.374757	0.1131872
32688	-114.0042	-378.4208	264.4166	3.65503	0.1131872
32694	-124.3309	-388.8417	264.5108	3.563303	0.1135446
32700	-124.9051	-389.3914	264.4863	3.53158	0.1056582
32706	-118.1489	-382.7746	264.6257	3.53158	0.126685
32712	-105.7522	-370.7592	265.007	3.389294	0.178428
32718	-113.4267	-378.3164	264.8897	3.389294	0.1498713
32724	-102.9761	-367.802	264.8259	3.381705	0.1356265
32730	-96.41103	-361.2197	264.8086	3.40608	0.1369542
32736	-103.0864	-367.8999	264.8135	3.401243	0.1369542
32742	-95.13448	-360.1474	265.0129	3.238528	0.1441245
32748	-101.7787	-366.7415	264.9628	3.301066	0.1466721
32754	-110.1549	-375.1342	264.9794	3.236939	0.1372496
32760	-124.0521	-388.0958	264.0437	3.751053	0.08035837
32766	-119.8223	-383.8032	263.9809	3.813918	0.08035837
32772	-111.2205	-376.3781	265.1575	3.215691	0.1721947
32778	-108.7262	-374.0806	265.3544	3.131116	0.2062423
32784	-126.3361	-390.686	264.3499	3.697899	0.1097588
32790	-95.79237	-361.0247	265.2323	3.056592	0.1520044
32796	-98.66444	-363.4825	264.818	3.367528	0.1315975
32802	-113.9708	-378.5131	264.5423	3.58702	0.1220505
32808	-119.8328	-384.7775	264.9448	3.409678	0.1673655
32814	-118.7929	-383.9077	265.1148	1.864589	2.125712
32820	-113.3643	-378.1963	264.832	1.789704	2.356025
32826	-112.4437	-377.6324	265.1887	1.96249	2.012427
32832	-123.2156	-389.0029	265.7873	2.871539	0.2899695
32838	-123.0367	-388.9411	265.9044	2.798223	0.3248226
32844	-124.6435	-389.7201	265.0767	1.87204	2.145775
32850	-109.3654	-373.7552	264.3898	1.718148	2.676688
32856	-114.6194	-380	265.3807	1.948983	1.892504
32862	-98.35706	-363.5633	265.2062	2.053505	1.939823
32868	-105.3707	-370.7873	265.4166	2.062215	1.790135
32874	-107.1441	-372.9876	265.8434	1.961674	1.5573
32880	-106.2966	-371.9756	265.679	2.068268	1.599633
32886	-107.5949	-373.1004	265.5054	2.383058	1.495281
32892	-116.0199	-381.8309	265.811	2.383102	1.254808
32898	-119.2832	-385.1274	265.8442	2.136793	1.424917
32904	-111.2909	-376.6779	265.387	1.948516	1.888479
32910	-106.936	-372.3741	265.4381	2.267459	1.629844
32916	-103.0004	-368.069	265.0686	2.040038	2.040697
32922	-127.9426	-394.5343	266.5916	2.169128	0.6145592
32928	-127.1977	-393.5668	266.3691	2.414491	0.4959962
32934	-119.2474	-383.3057	264.0583	1.674057	2.905515
32940	-110.2249	-374.9208	264.6959	1.608918	2.554995
32946	-106.5499	-371.3201	264.7702	1.534649	2.554995
32952	-118.4844	-384.2593	265.7749	1.827555	1.703458
32958	-114.8414	-380.9072	266.0659	1.914099	1.425742
32964	-114.5965	-380.8148	266.2183	1.686219	1.483214
32970	-114.2576	-380.4795	266.2219	1.674803	1.489105
32976	-111.7672	-376.8377	265.0705	1.660111	2.28661
32982	-119.7846	-385.2112	265.4266	1.980018	1.83993
32988	-117.1546	-382.7275	265.5729	2.126831	1.634054
32994	-110.0409	-374.4898	264.449	1.223968	2.941344
33000	-114.4893	-379.5991	265.1098	1.554283	2.32907
33006	-112.9808	-379.0983	266.1175	1.41408	1.753376
33012	-107.8033	-374.0298	266.2265	1.337095	1.730914
33018	-104.3972	-370.4592	266.062	1.384555	1.812401
33024	-106.1595	-372.7172	266.5577	1.475904	1.384086
33030	-98.75959	-365.4436	266.6841	1.703796	1.085437
33036	-98.52512	-364.5081	265.983	1.522823	1.771313
33042	-100.987	-367.4713	266.4844	1.645798	1.307257
33048	-90.42257	-356.8255	266.4029	1.775683	1.26765
33054	-85.87878	-351.8557	265.9769	1.527042	1.772604
33060	-96.46987	-362.5928	266.1229	1.379799	1.773472
33066	-92.9169	-358.9378	266.0209	1.344778	1.867942
33072	-97.92029	-364.4074	266.4871	1.399088	1.497015
33078	-97.75432	-363.6368	265.8825	1.365682	1.947563
33084	-97.04343	-363.1116	266.0682	1.363235	1.822877
33090	-91.28666	-357.5868	266.3001	1.677408	1.427607
33096	-105.5924	-372.0868	266.4943	1.82342	1.148912
33102	-91.07286	-355.7301	264.6572	1.337969	2.745825
33108	-95.89374	-361.4011	265.5074	1.196909	2.30342
33114	-94.30169	-359.4628	265.1611	0.9817056	2.655249
33120	-94.46447	-358.9778	264.5134	1.165158	2.937968
33126	-89.49675	-354.9636	265.4668	1.095659	2.393526
33132	-89.54615	-355.2525	265.7064	1.039259	2.276975
33138	-97.00208	-363.0195	266.0175	1.734928	1.595892
33144	-99.43139	-365.1512	265.7198	1.45058	1.999704
33150	-94.20537	-360.3445	266.1392	1.62784	1.585242
33156	-99.66166	-364.9189	265.2572	1.651773	2.171602
33162	-103.2216	-366.4445	263.2229	1.740654	3.36299
33168	-104.3279	-370.5975	266.2696	1.665586	1.459963
33174	-116.296	-382.2996	266.0036	2.735154	0.364819
33180	-105.8869	-371.9285	266.0416	2.626444	0.296494
33186	-109.4531	-375.7348	266.2816	2.458614	0.3668787
33192	-101.2532	-367.5619	266.3087	1.875014	1.263423
33198	-109.7652	-375.9574	266.1922	1.499029	1.640159
33204	-111.7816	-377.0513	265.2697	1.834275	2.043809
33210	-108.3592	-375.0175	266.6583	1.709349	1.104068
33216	-108.2757	-375.1936	266.9179	1.449697	1.104068
33222	-111.8328	-378.7029	266.8701	1.663911	0.9409279
33228	-111.1354	-377.8807	266.7453	1.966073	0.7147916
33234	-113.1669	-379.7627	266.5959	2.122684	0.7026017
33240	-106.3373	-373.2285	266.8912	1.739615	0.8294887
33246	-109.8214	-376.0461	266.2246	1.833096	1.365127
33252	-105.7005	-372.3704	266.6699	1.814158	0.9926538
33258	-107.1323	-373.8398	266.7076	1.844534	0.921377
33264	-98.93505	-365.6346	266.6995	1.953316	0.8009885
33270	-95.62749	-362.3352	266.7077	2.018844	0.6884875
33276	-86.27969	-352.8691	266.5894	2.175744	0.6022565
33282	-86.3354	-352.8111	266.4757	2.288145	0.4070801
33288	-109.0198	-375.4069	266.3871	2.396477	0.4948496
33294	-107.7497	-374.1469	266.3972	2.354959	0.3848175
33300	-133.468	-399.8107	266.3426	2.115284	1.018663
33306	-117.1029	-383.4169	266.314	2.461982	0.5640557
33312	-104.269	-369.9628	265.6937	2.826378	0.2190146
33318	-108.6127	-374.5885	265.9758	2.656125	0.272689
33324	-108.7746	-375.2111	266.4364	2.341819	0.5535707
33330	-95.38651	-361.5793	266.1928	2.53446	0.3503364
33336	-87.94985	-354.4669	266.517	2.263223	0.4600243
33342	-83.68296	-350.2825	266.5996	2.183457	0.5170037
33348	-91.57227	-358.051	266.4787	2.3043	0.517458
33354	-88.69352	-355.3042	266.6107	2.135178	0.6502595
33360	-85.21989	-351.9746	266.7547	2.003396	0.6215441
33366	-101.6778	-368.1015	266.4237	2.312362	0.3612462
33372	-104.8561	-371.1607	266.3046	2.450055	0.3892
33378	-110.4224	-376.7317	266.3092	2.474014	0.51367
33384	-99.0606	-365.5367	266.4761	2.301117	0.4456617
33390	-100.785	-367.2997	266.5146	2.22849	0.6560997
33396	-117.9188	-384.4682	266.5494	2.23349	0.5183623
33402	-108.3701	-374.8828	266.5127	2.254123	0.5973943
33408	-110.202	-376.6021	266.4001	2.378815	0.5498803
33414	-103.9916	-370.3246	266.333	2.403568	0.3619013
33420	-100.034	-366.4079	266.3739	2.409668	0.4981424
33426	-104.5598	-370.9836	266.4239	2.350807	0.4361011
33432	-111.5697	-378.1327	266.563	1.862081	1.05047
33438	-106.702	-373.3935	266.6915	1.922131	0.8507632
33444	-112.7073	-379.1197	266.4124	2.369558	0.4722398
33450	-106.4484	-372.5995	266.151	2.627335	0.4505686
33456	-97.956	-364.1465	266.1905	2.548111	0.3646585
33462	-95.21944	-361.4429	266.2235	2.539033	0.4042334
33468	-97.24129	-363.8976	266.6563	2.126175	0.523823
33474	-102.7376	-369.231	266.4934	2.269586	0.6086118
33480	-109.3375	-375.8688	266.5313	2.20545	0.669066
33486	-117.6845	-384.3281	266.6436	1.955192	0.8684365
33492	-118.8058	-384.3308	265.525	1.329982	2.206604
33498	-125.8575	-390.678	264.8205	1.103423	2.789305
33504	-127.8571	-393.8744	266.0173	2.08871	1.326701
33510	-116.0708	-382.5554	266.4846	2.067643	0.9212103
33516	-129.2225	-395.4336	266.2111	2.032277	1.213436
33522	-127.6999	-394.0677	266.3678	2.024418	1.081409
33528	-117.9883	-384.5576	266.5693	1.986089	0.9177855
33534	-115.5492	-382.0643	266.5151	2.266768	0.5299227
33540	-137.1007	-403.5454	266.4447	2.201259	0.8100801
33546	-128.7067	-395.1745	266.4678	2.068036	0.9389889
33552	-117.5083	-383.9121	266.4038	2.068036	1.004913
33558	-126.1541	-392.4689	266.3148	1.99379	1.156986
33564	-115.7861	-382.023	266.2369	2.092474	1.138615
33570	-115.5649	-381.2616	265.6967	1.740922	1.818615
33576	-114.1207	-378.6464	264.5257	1.519714	2.71506
33582	-109.9777	-374.6843	264.7065	1.484997	2.625182
33588	-118.501	-382.7785	264.2775	1.383112	2.948751
33594	-136.6345	-402.9275	266.293	1.900757	1.255114
33600	-125.0686	-391.2124	266.1438	1.786485	1.46375
33606	-123.844	-388.9027	265.0586	1.65944	2.294631
33612	-120.3673	-386.3387	265.9714	1.983323	1.445064
33618	-117.1926	-383.3654	266.1728	2.327443	0.9762402
33624	-125.1523	-391.8795	266.7272	2.019271	0.6489167
33630	-130.2552	-396.6831	266.4279	2.204863	0.8270597
33636	-129.9613	-396.2502	266.289	2.251636	0.9338552
33642	-131.3512	-397.713	266.3617	1.613265	1.429554
33648	-118.7318	-385.0493	266.3175	1.705993	1.392008
33654	-130.3942	-396.3667	265.9725	2.066625	1.379733
33660	-124.522	-389.43	264.908	1.799759	2.301212
33666	-121.4326	-387.2915	265.8589	1.797072	1.665404
33672	-127.874	-392.4057	264.5316	1.808455	2.533037
33678	-131.7857	-398.0833	266.2975	1.969852	1.192862
33684	-128.2261	-394.134	265.9079	2.823342	0.3552138
33690	-128.6782	-394.9131	266.2349	2.522341	0.3939084
33696	-132.3461	-398.6248	266.2787	2.500094	0.4527556
33702	-126.4297	-392.425	265.9953	2.74576	0.3679404
33708	-128.995	-394.9328	265.9378	2.778812	0.3385551
33714	-138.8541	-404.9161	266.062	2.658477	0.342695
33720	-134.9654	-401.4305	266.465	1.963411	1.047213
33726	-121.9623	-388.4395	266.4773	1.854773	1.136171
33732	-121.2781	-387.1245	265.8464	1.710222	1.735783
33738	-124.4406	-390.214	265.7734	1.985708	1.591012
33744	-116.9865	-383.281	266.2945	1.96066	1.20337
33750	-119.588	-385.8734	266.2854	1.774372	1.363508
33756	-109.02	-375.1582	266.1382	1.921613	1.363508
33762	-95.68542	-361.8868	266.2014	1.617495	1.547111
33768	-93.57393	-360.0515	266.4775	1.633348	1.322817
33774	-94.10742	-360.2135	266.1061	1.651613	1.592005
33780	-98.58458	-364.7564	266.1718	1.588805	1.589911
33786	-101.1284	-367.6355	266.5071	1.819105	1.141413
33792	-109.7209	-376.3516	266.6307	2.121616	0.6356405
33798	-113.3015	-379.8225	266.521	2.236384	0.6233878
33804	-117.1579	-383.6866	266.5287	2.217652	0.6492182
33810	-113.9212	-380.4712	266.55	2.175721	0.6898865
33816	-118.0293	-384.8016	266.7723	1.900103	0.7741902
33822	-105.6972	-372.5719	266.8747	1.703361	0.8924982
33828	-104.9052	-371.5188	266.6135	2.04747	0.7900222
33834	-99.80129	-366.3681	266.5668	2.159632	0.6885509
33840	-121.2973	-387.1964	265.8991	1.485749	1.85485
33846	-123.6329	-389.9446	266.3117	1.611144	1.469334
33852	-100.555	-366.9779	266.4229	2.360401	0.487192
33858	-97.67032	-364.0531	266.3828	2.39751	0.4605032
33864	-103.3303	-369.5874	266.2571	2.523192	0.4605032
33870	-100.9968	-367.2576	266.2608	2.512188	0.4307814
33876	-96.2334	-362.3686	266.1352	2.543562	0.3045451
33882	-102.936	-368.9515	266.0155	2.679617	0.3180645
33888	-108.7901	-374.8546	266.0645	2.650886	0.3372935
33894	-110.6772	-376.7459	266.0687	2.63252	0.3235344
33900	-127.9738	-394.3056	266.3318	1.944886	1.184816
33906	-128.9119	-395.5444	266.6324	2.081261	0.7109552
33912	-108.8614	-375.3223	266.4609	2.31028	0.5831097
33918	-105.7468	-372.1893	266.4425	2.281146	0.693633
33924	-97.20928	-363.774	266.5647	2.189803	0.6303976
33930	-106.7267	-373.0967	266.3701	2.350276	0.6995021
33936	-98.38603	-364.8423	266.4563	2.246256	0.7292247
33942	-107.555	-374.1636	266.6086	2.167959	0.5618097
33948	-107.3724	-373.7639	266.3915	2.355904	0.6468526
33954	-108.706	-375.027	266.321	2.417546	0.6654164
33960	-113.9522	-380.3457	266.3935	2.308464	0.7300978
33966	-111.7292	-378.0789	266.3497	2.430966	0.5392837
33972	-106.6631	-372.7174	266.0543	2.68669	0.367911
33978	-103.9584	-370.126	266.1676	2.603985	0.4265277
33984	-103.9103	-370.0799	266.1696	2.593554	0.4056501
33990	-111.6736	-377.3396	265.666	2.93889	0.2574124
33996	-113.5592	-379.2258	265.6666	2.93889	0.2577712
34002	-112.8456	-378.1771	265.3315	3.07559	0.1814638
34008	-111.3952	-376.2793	264.884	3.373292	0.1453294
34014	-119.4626	-380.7271	261.2645	0.9910423	4.905825
34020	-111.4681	-376.5234	265.0553	3.275301	0.1615161
34026	-115.4643	-380.3299	264.8657	3.275301	0.1239478
34032	-103.89	-368.8391	264.9492	3.275301	0.1388064
34038	-111.0093	-375.9629	264.9536	3.304202	0.1454179
34044	-109.2612	-374.4441	265.1829	3.200396	0.1748639
34050	-104.953	-370.1477	265.1947	3.112929	0.1561763
34056	-107.9144	-373.6076	265.6932	2.804491	0.2105738
34062	-105.313	-370.7493	265.4363	3.046917	0.2054259
34068	-106.6382	-372.2163	265.5782	2.953579	0.2236484
34074	-114.9276	-380.1395	265.2118	3.272393	0.2057738
34080	-107.599	-372.5384	264.9394	3.315483	0.1448244
34086	-107.0749	-372.1407	265.0659	3.278736	0.1649201
34092	-128.6707	-393.6892	265.0185	1.149364	2.63979
34098	-119.1187	-385.3267	266.208	1.490137	1.635207
34104	-118.9994	-383.8018	264.8023	3.470325	0.1485166
34110	-103.9303	-368.6395	264.7092	3.470325	0.1305291
34116	-97.79155	-362.3548	264.5632	3.506674	0.112931
34122	-107.4346	-372.3299	264.8953	3.361682	0.1452513
34128	-110.7261	-375.3926	264.6664	3.515287	0.1309189
34134	-114.0929	-378.6246	264.5317	3.560928	0.1163126
34140	-101.6934	-366.1644	264.471	3.540253	0.1047743
34146	-104.4924	-369.8502	265.3577	3.141052	0.2109824
34152	-121.2541	-386.5475	265.2934	1.653791	2.146775
34158	-129.7964	-394.6298	264.8334	1.400998	2.598649
34164	-93.61044	-358.8831	265.2726	3.207138	0.2042241
34170	-88.86969	-353.9716	265.1019	3.207138	0.1565021
34176	-95.05394	-360.1799	265.1259	3.176248	0.1549453
34182	-95.51972	-360.6672	265.1475	3.153445	0.1546713
34188	-104.1958	-369.7969	265.6011	3.003029	0.25703
34194	-115.4845	-381.139	265.6545	2.949645	0.25703
34200	-96.63236	-363.4634	266.831	1.831789	0.7875454
34206	-92.91911	-358.2951	265.376	1.529012	2.174225
34212	-99.21923	-364.2498	265.0306	1.460147	2.438753
34218	-99.66052	-364.794	265.1335	1.588733	2.29199
34224	-116.8999	-382.2813	265.3813	2.99819	0.1738654
34230	-116.2802	-381.436	265.1558	3.147782	0.1552681
34236	-113.2877	-379.132	265.8443	2.820716	0.2943213
34242	-109.5499	-375.6618	266.1119	2.635717	0.3775956
34248	-114.7058	-381.0487	266.3429	2.440642	0.494681
34254	-111.1718	-376.3677	265.1959	1.261636	2.45958
34260	-118.5749	-384.5432	265.9683	2.754256	0.3450227
34266	-123.4684	-389.4367	265.9683	2.754256	0.3450227
34272	-102.7233	-368.5963	265.873	1.581886	1.806656
34278	-114.9994	-381.2979	266.2985	1.537039	1.534783
34284	-104.0205	-370.4141	266.3936	1.685583	1.348152
34290	-102.0116	-367.9163	265.9047	1.615333	1.761386
34296	-95.45579	-361.8458	266.39	1.743318	1.3047
34302	-96.44643	-362.7962	266.3498	2.185715	0.9393372
34308	-103.4629	-370.0996	266.6366	2.06869	0.724736
34314	-118.4665	-384.6326	266.1661	2.591381	0.3942578
34320	-118.1821	-384.36	266.1779	2.543878	0.3441288
34326	-115.5993	-381.8862	266.287	2.465604	0.635064
34332	-108.502	-374.797	266.295	2.475388	0.4230689
34338	-103.3251	-369.8368	266.5117	2.266127	0.5555011
34344	-108.7862	-375.5117	266.7255	1.956932	0.7598106
34350	-107.5499	-374.1008	266.5509	2.22457	0.5665453
34356	-114.9552	-381.4505	266.4953	2.270627	0.60005
34362	-115.3519	-381.9132	266.5613	2.197517	0.6197111
34368	-109.9198	-376.2428	266.323	2.449651	0.429699
34374	-112.5244	-378.9786	266.4542	2.226656	0.7620847
34380	-112.453	-378.8914	266.4384	2.109896	0.9255108
34386	-115.1953	-381.8004	266.6051	2.093729	0.7349786
34392	-99.77861	-366.4094	266.6308	2.071163	0.730053
34398	-92.15749	-358.5381	266.3806	2.327388	0.7203315
34404	-89.56339	-356.0593	266.4959	2.280079	0.5642239
34410	-91.06216	-357.2356	266.1734	2.602593	0.5642239
34416	-86.16216	-352.5898	266.4277	2.332209	0.6169097
34422	-91.47909	-357.8338	266.3547	2.427105	0.4709485
34428	-88.72857	-354.9762	266.2477	2.527999	0.5656605
34434	-92.62081	-358.9858	266.365	2.418542	0.4929148
34440	-107.3802	-373.1812	265.801	2.810131	0.2608148
34446	-106.1078	-371.7483	265.6405	2.879794	0.2191039
34452	-106.0981	-372.2382	266.1401	2.629882	0.4218819
34458	-111.9256	-377.9851	266.0595	2.710444	0.4218819
34464	-106.2914	-372.6431	266.3517	2.426996	0.5511006
34470	-101.7769	-368.0235	266.2467	2.531273	0.4486381
34476	-93.63722	-359.8664	266.2292	2.553043	0.4743243
34482	-93.94144	-360.3	266.3586	2.424656	0.5129978
34488	-102.8378	-369.2468	266.4089	2.284617	0.7432175
34494	-113.6727	-379.9286	266.2559	2.508512	0.408351
34500	-108.339	-374.7302	266.3912	2.376843	0.5934342
34506	-118.8583	-385.1845	266.3262	2.44182	0.5934342
34512	-116.327	-382.9005	266.5734	2.113167	0.7537017
34518	-112.3393	-378.9989	266.6596	2.026952	0.7537017
34524	-110.4196	-376.995	266.5754	2.163267	0.6652007
34530	-132.1002	-394.3408	262.2406	2.058817	3.749472
34536	-118.6022	-380.8933	262.291	1.8504	3.840462
34542	-112.5856	-378.8897	266.3041	2.464799	0.5905593
34548	-117.0959	-383.4631	266.3673	2.416311	0.4986842
34554	-123.1304	-389.6766	266.5462	2.197635	0.6545117
34560	-121.1471	-386.8131	265.6659	1.394094	2.072808
34566	-128.19	-394.0063	265.8163	1.714033	1.754194
34572	-118.9391	-384.7549	265.8157	1.683742	1.775737
34578	-119.9487	-385.9222	265.9735	1.822704	1.563815
34584	-122.6399	-388.0906	265.4506	1.799781	1.946071
34590	-117.7082	-383.7184	266.0102	1.856349	1.511724
34596	-124.5645	-390.749	266.1845	1.630026	1.550376
34602	-127.6106	-393.5375	265.9269	2.771083	0.3205733
34608	-125.192	-391.4635	266.2714	2.498799	0.422638
34614	-110.4899	-377.0769	266.587	2.071855	0.7929507
34620	-109.5431	-376.0492	266.5061	2.260512	0.5979392
34626	-103.3885	-369.8207	266.4321	2.215926	0.807343
34632	-114.8985	-381.4472	266.5487	1.858815	1.067057
34638	-115.1551	-381.2553	266.1003	1.710691	1.552975
34644	-123.6322	-390.1828	266.5506	1.720704	1.189447
34650	-126.2797	-392.6145	266.3348	1.906206	1.215412
34656	-126.9209	-393.3505	266.4297	2.111991	0.9327172
34662	-116.5002	-383.0616	266.5614	1.95124	0.9634143
34668	-120.8968	-387.3753	266.4784	2.034212	0.9634143
34674	-121.5122	-387.7832	266.2711	1.707724	1.426643
34680	-109.6231	-375.9539	266.3307	2.166283	0.9795134
34686	-108.7958	-375.2371	266.4413	2.057969	0.9772078
34692	-112.2105	-378.7302	266.5197	2.136899	0.7959823
34698	-105.7417	-372.274	266.5323	2.184491	0.7056204
34704	-108.9342	-375.2887	266.3545	2.394812	0.6425329
34710	-115.0055	-381.3338	266.3283	1.697452	1.390249
34716	-119.7917	-386.088	266.2964	1.637364	1.461115
34722	-104.4902	-370.4675	265.9773	2.715417	0.3159887
34728	-106.6214	-372.1231	265.5017	3.099022	0.2552491
34734	-106.6043	-371.957	265.3527	3.13784	0.2080108
34740	-112.1729	-377.5259	265.353	3.112446	0.1993675
34746	-126.2684	-391.8223	265.5539	3.001068	0.2333911
34752	-121.2246	-387.7368	266.5122	2.069561	0.8882287
34758	-119.4513	-385.7605	266.3092	1.983115	1.171234
34764	-130.2455	-395.8069	265.5614	1.477711	2.086559
34770	-131.869	-396.9356	265.0666	1.518798	2.379047
34776	-128.2979	-394.3155	266.0176	1.607128	1.687665
34782	-133.2353	-399.5968	266.3615	1.772958	1.303746
34788	-138.763	-405.385	266.622	1.883169	0.9711239
34794	-131.1468	-396.5947	265.4478	3.030969	0.2038917
34800	-112.8804	-378.8683	265.9879	2.729843	0.3398401
34806	-105.3985	-371.5284	266.1299	2.648877	0.4522916
34812	-97.4622	-363.5064	266.0442	2.65563	0.3222498
34818	-101.4754	-367.7257	266.2503	2.505549	0.391356
34824	-104.5267	-370.7787	266.252	2.505549	0.3943791
34830	-104.5254	-370.7609	266.2356	2.527045	0.4044303
34836	-110.8402	-377.2091	266.3688	2.414043	0.4813529
34842	-120.9614	-387.2765	266.3151	2.459525	0.4361386
34848	-123.9699	-390.1487	266.1787	2.590132	0.4189527
34854	-121.4126	-387.6858	266.2732	2.496842	0.4220012
34860	-126.5565	-392.691	266.1344	2.63557	0.4220012
34866	-103.6809	-369.8995	266.2187	2.527332	0.3751219
34872	-103.9546	-370.2687	266.3141	2.454691	0.4187282
34878	-116.0938	-382.3965	266.3027	2.451318	0.3880734
34884	-121.9554	-387.7611	265.8057	2.242963	1.372264
34890	-123.7351	-390.0525	266.3174	1.883942	1.248799
34896	-122.5442	-388.7289	266.1848	2.26508	1.026554
34902	-127.5091	-393.3135	265.8045	2.037917	1.529727
34908	-124.1471	-389.783	265.6359	1.960531	1.707712
34914	-119.6795	-385.9497	266.2702	2.508115	0.450255
34920	-127.4824	-393.4059	265.9235	1.832339	1.593366
34926	-127.7608	-392.8414	265.0805	2.159126	1.953314
34932	-120.4734	-387.1266	266.6532	2.105602	0.6197953
34938	-115.523	-382.1798	266.6568	2.07192	0.6844664
34944	-120.4549	-384.4855	264.0307	1.57164	2.983828
34950	-119.0006	-384.6585	265.6579	2.002771	1.662086
34956	-112.8535	-378.6251	265.7715	2.303223	1.351656
34962	-126.7755	-393.1687	266.3933	1.701148	1.336021
34968	-134.4956	-401.1808	266.6852	2.001208	0.7539357
34974	-99.70421	-365.9065	266.2022	2.539191	0.3685146
34980	-100.6321	-367.0093	266.3771	2.406248	0.4897997
34986	-102.1678	-368.7211	266.5533	2.227986	0.5349888
34992	-102.9664	-369.4465	266.48	2.192409	0.7741901
34998	-110.7458	-377.2194	266.4736	2.280826	0.630703
35004	-103.7924	-370.2895	266.4971	2.25731	0.630703
35010	-101.5841	-368.0718	266.4877	2.152225	0.8178674
35016	-103.4396	-369.9831	266.5435	1.869514	1.061911
35022	-99.69859	-365.537	265.8384	1.603255	1.815818
35028	-105.2773	-371.6002	266.3229	2.176267	0.9773643
35034	-112.6798	-377.5176	264.8378	1.918986	2.269852
35040	-117.8541	-384.3979	266.5438	1.713892	1.201187
35046	-116.3263	-382.8951	266.5688	2.018867	0.8814805
35052	-128.2292	-394.0791	265.8499	1.694328	1.744462
35058	-120.8181	-385.5966	264.7785	1.620063	2.496557
35064	-135.3235	-401.6705	266.3471	2.280041	0.8341541
35070	-103.8432	-370.2112	266.3679	2.415668	0.4966374
35076	-104.9935	-371.3547	266.3612	2.422337	0.4966374
35082	-110.5549	-376.8554	266.3005	2.402873	0.7279391
35088	-110.7583	-377.0945	266.3362	2.438491	0.5697726
35094	-106.2395	-372.5576	266.3182	2.465291	0.5083619
35100	-103.6085	-369.7225	266.114	2.665874	0.5443647
35106	-101.5179	-367.5574	266.0394	2.665874	0.3273283
35112	-104.2572	-370.271	266.0138	2.742834	0.3926405
35118	-108.7971	-374.8769	266.0798	2.670678	0.3821694
35124	-115.3232	-381.3866	266.0634	2.720096	0.4939693
35130	-112.2545	-378.1242	265.8697	2.876408	0.3753139
35136	-104.8821	-370.5121	265.63	3.053701	0.3085215
35142	-118.0521	-383.9945	265.9424	2.755512	0.3205187
35148	-107.867	-373.9227	266.0557	2.678229	0.3584849
35154	-111.8024	-377.9001	266.0977	2.659947	0.3945678
35160	-118.7057	-384.644	265.9382	2.70225	0.2779269
35166	-101.9653	-367.747	265.7817	2.892714	0.3012275
35172	-110.7658	-376.9858	266.22	2.538693	0.396587
35178	-115.2743	-381.3533	266.079	2.679758	0.396587
35184	-116.4998	-382.6758	266.1761	2.601722	0.5558826
35190	-106.4092	-372.5622	266.153	2.60697	0.3991142
35196	-118.1057	-383.9979	265.8922	2.867826	0.3991142
35202	-125.7605	-392.0917	266.3312	1.829035	1.282727
35208	-129.3249	-395.9304	266.6055	1.824943	1.045307
35214	-114.8205	-380.4327	265.6121	3.019842	0.2726965
35220	-112.4017	-378.5975	266.1958	2.576379	0.4281611
35226	-112.0716	-378.2683	266.1967	2.581266	0.5548089
35232	-124.0439	-390.5108	266.4669	2.316603	0.5067645
35238	-107.8733	-374.1633	266.29	2.492861	0.5195026
35244	-111.6318	-378.173	266.5412	2.163736	0.7253006
35250	-102.5412	-369.0299	266.4887	2.093176	0.8880473
35256	-106.3831	-372.8409	266.4578	2.188324	0.809854
35262	-105.2753	-371.0755	265.8002	2.413827	1.238175
35268	-101.8902	-363.7	261.8098	2.738176	3.605606
35274	-103.2344	-367.3183	264.0839	2.255452	2.533496
35280	-109.276	-374.6833	265.4073	2.254016	1.661573
35286	-99.64819	-364.8644	265.2162	2.21429	1.82348
35292	-110.577	-375.4785	264.9015	1.87448	2.257499
35298	-102.4466	-367.7631	265.3165	2.682309	1.411186
35304	-111.6504	-376.2298	264.5794	2.388161	2.133471
35310	-102.3375	-369.0145	266.677	1.958624	0.8233648
35316	-107.8278	-374.3497	266.5219	1.990756	0.9634029
35322	-102.2946	-369.0464	266.7517	1.908861	0.7906128
35328	-101.4094	-367.9288	266.5194	2.242641	0.6111606
35334	-96.51132	-363.0452	266.5339	2.204174	0.6663652
35340	-92.85051	-359.391	266.5404	1.937326	0.998979
35346	-92.76686	-358.7642	265.9974	1.539358	1.749741
35352	-101.9869	-368.4956	266.5087	1.735145	1.213018
35358	-105.332	-372.0623	266.7302	1.770651	0.9755559
35364	-108.5195	-375.1005	266.5811	1.616493	1.251949
35370	-94.48994	-361.1055	266.6155	1.884387	0.9765352
35376	-105.8105	-372.2815	266.471	2.046606	0.9582385
35382	-98.87983	-365.56	266.6801	1.927865	0.8575169
35388	-96.45196	-362.6421	266.1901	1.563617	1.59491
35394	-98.42834	-364.5713	266.143	1.610745	1.59491
35400	-104.787	-371.0366	266.2496	1.686159	1.459542
35406	-93.04598	-359.1462	266.1002	1.624895	1.615685
35412	-118.9456	-385.0803	266.1347	1.816035	1.448117
35418	-119.1156	-385.0251	265.9095	1.754055	1.660032
35424	-129.21	-394.1522	264.9423	1.39417	2.535301
35430	-116.5828	-383.0399	266.4571	1.89577	1.117473
35436	-113.599	-380.1655	266.5664	1.773741	1.128906
35442	-110.0468	-375.1232	265.0765	2.095424	1.998675
35448	-124.9075	-389.4372	264.5297	1.593791	2.667113
35454	-119.9095	-385.0121	265.1026	1.967088	2.066458
35460	-112.3416	-377.1421	264.8005	1.778821	2.382849
35466	-109.6187	-373.4315	263.8128	1.487897	3.163907
35472	-93.48608	-358.0334	264.5474	1.50289	2.712115
35478	-94.57515	-359.6739	265.0988	1.669094	2.262734
35484	-99.43887	-364.8364	265.3976	1.20731	2.36667
35490	-101.5865	-365.5064	263.9199	1.352463	3.180764
35496	-103.6618	-368.1472	264.4854	1.240947	2.909136
35502	-107.0574	-369.8353	262.7779	1.278418	3.889343
35508	-122.1408	-384.98	262.8392	1.217081	3.889343
35514	-121.5048	-382.8615	261.3567	1.507109	4.565784
35520	-130.6764	-396.6927	266.0163	1.238187	1.943301
35526	-116.5762	-382.2803	265.7041	1.219719	2.162005
35532	-107.7856	-372.9926	265.207	1.612197	2.229713
35538	-95.95054	-361.4911	265.5406	1.867214	1.839106
35544	-105.1899	-370.7229	265.5329	1.643808	1.995424
35550	-109.2503	-373.7515	264.5012	1.535554	2.72039
35556	-110.8756	-376.3348	265.4592	1.725145	1.990324
35562	-103.2676	-368.4133	265.1457	1.512524	2.332807
35568	-106.8505	-373.0854	266.2349	1.449678	1.64491
35574	-95.32731	-361.249	265.9217	2.017048	1.457297
35580	-97.0806	-362.539	265.4584	1.811942	1.932622
35586	-97.38104	-362.2067	264.8257	1.529553	2.52359
35592	-105.4459	-371.4766	266.0307	1.759515	1.568228
35598	-104.8077	-369.2174	264.4096	1.547302	2.769175
35604	-102.8788	-368.9456	266.0667	1.393343	1.803074
35610	-134.867	-401.2708	266.4039	2.128423	0.9427569
35616	-118.3188	-384.6627	266.3439	2.00283	1.122973
35622	-121.9868	-388.432	266.4452	1.797196	1.21423
35628	-123.4623	-390.0429	266.5806	2.151828	0.6775352
35634	-123.864	-389.417	265.553	1.385789	2.152242
35640	-134.3598	-400.8948	266.535	2.078265	0.851144
35646	-127.7343	-394.0629	266.3287	2.364971	0.7430496
35652	-132.8403	-399.3066	266.4663	2.210047	0.7686524
35658	-119.6424	-385.9674	266.325	2.371031	0.739372
35664	-116.6497	-382.8242	266.1745	2.521541	0.739372
35670	-126.4121	-392.7615	266.3494	2.4043	0.6324896
35676	-124.2834	-390.5801	266.2968	2.467682	0.6042546
35682	-104.9576	-371.224	266.2664	1.962333	1.225802
35688	-102.3541	-368.1677	265.8137	1.96654	1.57559
35694	-119.8667	-386.1607	266.294	2.486764	0.5386679
35700	-120.0807	-385.8239	265.7432	2.958515	0.3240046
35706	-107.4871	-373.8444	266.3573	2.42059	0.5553165
35712	-117.7191	-384.307	266.5879	2.142753	0.6807892
35718	-112.5104	-378.9249	266.4145	2.235224	0.8051599
35724	-109.8685	-376.4814	266.6129	2.050031	0.7873303
35730	-98.86652	-365.4668	266.6003	2.062449	0.7876952
35736	-116.5876	-382.7204	266.1328	2.122782	1.202971
35742	-107.891	-374.1804	266.2894	1.786919	1.350414
35748	-117.7932	-384.1925	266.3994	2.169598	0.9027079
35754	-119.6707	-386.2241	266.5534	2.089447	0.8141872
35760	-112.511	-378.3817	265.8707	1.910815	1.574588
35766	-114.9683	-380.9951	266.0268	2.030864	1.365182
35772	-128.3652	-394.7103	266.3451	1.535582	1.501134
35778	-131.863	-394.797	262.934	1.311344	3.780621
35784	-120.5132	-386.6227	266.1095	1.988729	1.332979
35790	-107.022	-372.5313	265.5093	1.852847	1.870389
35796	-99.69295	-365.7084	266.0154	1.705697	1.618595
35802	-115.9304	-381.9185	265.9881	1.748944	1.607016
35808	-113.1082	-378.5854	265.4772	1.841545	1.899895
35814	-102.1886	-368.1195	265.9309	2.130316	1.362381
35820	-117.9886	-384.3897	266.4012	2.233223	0.8249805
35826	-113.5919	-379.4208	265.8288	2.373383	1.248054
35832	-119.2185	-385.3077	266.0892	2.261208	1.119725
35838	-132.9745	-398.2116	265.2371	2.227967	1.799595
35844	-110.1422	-373.073	262.9308	1.753632	3.526257
35850	-107.7829	-372.1553	264.3724	1.806894	2.632765
35856	-111.9019	-377.1361	265.2342	2.172448	1.839908
35862	-115.9963	-381.72	265.7237	2.233304	1.443367
35868	-117.9524	-383.3837	265.4313	1.874218	1.908837
35874	-124.2075	-390.7158	266.5083	2.078235	0.88278
35880	-105.3121	-370.73	265.4178	2.082389	1.775225
35886	-95.19804	-361.1775	265.9795	2.237956	1.235342
35892	-103.6652	-369.4569	265.7917	2.293017	1.343745
35898	-99.03483	-365.1614	266.1265	2.082182	1.242628
35904	-96.69639	-362.2671	265.5707	1.931585	1.773813
35910	-107.7081	-372.9157	265.2077	1.628929	2.218482
35916	-98.41281	-362.8065	264.3937	1.469208	2.826447
35922	-91.83477	-357.0527	265.218	1.712643	2.157562
35928	-106.3722	-369.6945	263.3222	1.570749	3.404415
35934	-106.0877	-369.9853	263.8976	1.721134	2.973967
35940	-96.03911	-361.0673	265.0282	1.801085	2.223227
35946	-95.19143	-360.1039	264.9124	1.889652	2.24073
35952	-103.849	-369.2806	265.4316	1.477623	2.171488
35958	-101.8247	-367.5579	265.7332	1.794135	1.756289
35964	-117.126	-383.2451	266.119	1.740352	1.51706
35970	-110.7963	-376.5328	265.7365	1.924298	1.661983
35976	-110.7619	-376.6351	265.8731	2.265167	1.300654
35982	-111.9166	-378.1035	266.1869	2.224095	1.063802
35988	-109.9775	-376.296	266.3184	2.303064	0.8411315
35994	-108.0975	-372.6243	264.5268	1.844402	2.513651
36000	-119.0135	-382.4767	263.4632	1.65053	3.274607
36006	-125.4479	-389.265	263.8171	1.82407	2.96048
36012	-136.9731	-402.1354	265.1623	1.681935	2.213581
36018	-142.1603	-405.3275	263.1672	1.559863	3.501398
36024	-111.1476	-376.2144	265.0669	1.557034	2.354614
36030	-118.2224	-383.5372	265.3149	1.735756	2.078987
36036	-108.9526	-374.6965	265.7439	1.641096	1.854749
36042	-100.7809	-367.112	266.3311	1.837542	1.275856
36048	-102.0727	-368.3813	266.3086	2.166446	1.00172
36054	-94.67265	-361.0749	266.4022	2.150997	0.9201683
36060	-103.3072	-369.4263	266.1191	2.434078	0.9201683
36066	-98.68227	-364.2813	265.599	2.023713	1.689122
36072	-96.85451	-363.3294	266.4749	1.858237	1.135233
36078	-105.9318	-372.2504	266.3186	2.012905	1.136688
36084	-106.3577	-372.3479	265.9902	1.78473	1.579448
36090	-108.5336	-374.374	265.8404	1.9037	1.601892
36096	-107.2976	-373.3135	266.0158	2.014412	1.386715
36102	-109.7931	-375.4255	265.6324	2.254555	1.496412
36108	-105.3847	-371.7356	266.3509	1.767999	1.316376
36114	-102.8006	-368.2148	265.4142	2.099249	1.766019
36120	-91.96277	-358.0155	266.0528	1.766427	1.546903
36126	-86.9244	-352.937	266.0126	1.978931	1.416837
36132	-89.4229	-355.1251	265.7022	1.980676	1.646139
36138	-92.3123	-357.5793	265.267	1.722722	2.118975
36144	-89.96137	-355.2634	265.3021	1.410033	2.298433
36150	-80.87581	-347.0065	266.1307	1.645032	1.578876
36156	-94.44867	-359.9068	265.4581	1.77353	1.958701
36162	-89.55154	-355.9504	266.3988	1.817303	1.236397
36168	-94.50467	-359.8485	265.3438	1.61851	2.136865
36174	-94.48957	-359.5947	265.1051	1.758223	2.201218
36180	-93.12641	-357.7519	264.6255	1.715146	2.532682
36186	-106.5947	-371.6741	265.0794	1.563283	2.342701
36192	-95.31257	-360.9548	265.6422	1.788264	1.823511
36198	-109.9458	-374.3441	264.3982	1.795036	2.624108
36204	-105.0683	-370.2268	265.1585	1.809339	2.133305
36210	-103.1819	-368.1233	264.9414	1.898945	2.216091
36216	-102.0954	-367.1783	265.083	2.024311	2.041609
36222	-103.9855	-369.2575	265.2719	2.227962	1.775448
36228	-100.388	-365.8778	265.4897	2.010178	1.775448
36234	-103.0719	-368.6289	265.557	1.521471	2.060664
36240	-107.745	-373.2062	265.4611	1.617297	2.060664
36246	-109.3612	-374.9278	265.5666	1.690154	1.941817
36252	-116.1722	-381.8428	265.6706	1.639634	1.905692
36258	-121.0479	-386.7302	265.6823	1.83197	1.765434
36264	-115.4435	-381.8571	266.4136	1.758735	1.272844
36270	-123.8694	-390.0682	266.1988	1.592246	1.567615
36276	-126.8436	-393.146	266.3023	1.909247	1.240228
36282	-116.2874	-382.7784	266.4909	1.802446	1.170329
36288	-102.8741	-369.1927	266.3187	2.048732	1.104258
36294	-107.912	-374.2596	266.3477	2.215512	0.9091463
36300	-101.4871	-367.936	266.4488	2.174763	0.8384902
36306	-94.72916	-361.3842	266.655	2.043873	0.7349694
36312	-91.71772	-358.1161	266.3983	2.174989	0.897814
36318	-104.2683	-370.8032	266.5349	2.038405	0.897814
36324	-95.89183	-362.362	266.4701	2.266604	0.6690416
36330	-95.26868	-361.6067	266.338	2.409306	0.6471168
36336	-95.93433	-362.4829	266.5486	2.181286	0.6822822
36342	-99.82619	-366.424	266.5978	2.093125	0.7471472
36348	-105.2601	-371.2194	265.9593	1.865593	1.542717
36354	-95.45377	-361.5646	266.1109	1.848998	1.441166
36360	-91.6079	-358.0789	266.471	1.762561	1.221691
36366	-92.10395	-358.5454	266.4414	1.891128	1.135723
36372	-89.74252	-356.2893	266.5468	2.033642	0.8897662
36378	-94.68011	-361.2687	266.5886	2.093672	0.7600131
36384	-89.29092	-355.6439	266.353	1.8348	1.260025
36390	-94.10999	-360.4752	266.3652	2.242306	0.8581045
36396	-96.78262	-363.3506	266.5679	2.203851	0.5807889
36402	-104.7438	-371.0498	266.306	2.20961	0.9603682
36408	-105.7555	-372.2252	266.4698	2.25885	0.684634
36414	-119.0575	-385.2674	266.2099	2.57374	0.5012285
36420	-109.5235	-375.7528	266.2293	2.380524	0.8553136
36426	-110.3637	-376.594	266.2302	2.546735	0.5597753
36432	-123.2875	-388.4339	265.1465	1.566691	2.297763
36438	-124.8922	-390.594	265.7018	1.584717	1.921722
36444	-102.8028	-368.54	265.7373	2.901386	0.2767938
36450	-107.1429	-373.4378	266.2948	1.616674	1.477951
36456	-109.3876	-375.8247	266.4371	1.655718	1.337311
36462	-96.06933	-361.3536	265.2843	3.202761	0.2067725
36468	-106.1779	-372.0548	265.8769	2.87057	0.3772862
36474	-95.20458	-361.6301	266.4255	2.35193	0.5577469
36480	-98.20073	-364.3757	266.175	2.602417	0.5577469
36486	-100.5348	-366.7116	266.1768	2.602417	0.4546141
36492	-96.4182	-362.7097	266.2915	2.474748	0.4124655
36498	-101.7845	-367.9363	266.1518	2.58609	0.3637224
36504	-107.5092	-373.6934	266.1842	2.58609	0.586024
36510	-100.5108	-367.0007	266.4899	2.279112	0.5903926
36516	-112.912	-378.8225	265.9105	2.849018	0.3981803
36522	-114.5544	-380.3597	265.8052	2.841665	0.2820024
36528	-114.6834	-380.5418	265.8584	2.746363	0.2573503
36534	-112.4914	-378.6116	266.1202	2.644088	0.4081276
36540	-111.1336	-377.4547	266.3211	2.459117	0.4599372
36546	-106.2556	-372.5025	266.2469	2.535399	0.4747941
36552	-109.4069	-375.8259	266.419	2.214902	0.8255558
36558	-101.7143	-368.0656	266.3513	2.210782	0.9103793
36564	-109.8546	-376.2378	266.3832	1.978485	1.109448
36570	-102.4071	-368.6561	266.2491	1.893616	1.297081
36576	-99.71979	-366.3351	266.6153	1.923417	0.9358492
36582	-101.4897	-367.8406	266.3509	1.813882	1.279001
36588	-106.1522	-372.7918	266.6395	2.060615	0.7329884
36594	-100.6803	-367.0222	266.3419	2.252707	0.8733763
36600	-85.64361	-352.1504	266.5068	2.219924	0.6881823
36606	-104.4813	-371.003	266.5217	2.219924	0.6591472
36612	-96.55599	-362.9451	266.3892	2.394389	0.494897
36618	-109.4276	-375.8024	266.3748	2.394389	0.4197357
36624	-112.5474	-378.9109	266.3635	2.394389	0.6221808
36630	-131.9524	-397.9761	266.0238	2.709198	0.3572795
36636	-123.3181	-389.4857	266.1676	2.595332	0.4050662
36642	-118.9524	-384.8837	265.9313	2.809904	0.3682288
36648	-110.9734	-376.9319	265.9586	2.77859	0.3627016
36654	-116.0802	-382.4548	266.3745	2.369779	0.6535193
36660	-113.2514	-379.9483	266.6968	2.047493	0.6535193
36666	-108.8617	-375.2511	266.3893	2.334226	0.6938384
36672	-123.7423	-390.1945	266.4522	1.698127	1.290837
36678	-111.5843	-378.2657	266.6813	1.755319	1.039324
36684	-112.7174	-379.4544	266.737	2.031944	0.5906613
36690	-94.39766	-360.8451	266.4474	2.25332	0.7320029
36696	-92.10677	-358.6347	266.5279	2.252094	0.5437773
36702	-88.33764	-354.9987	266.661	2.107212	0.5927696
36708	-103.3814	-369.9128	266.5315	2.073952	0.8606079
36714	-118.5516	-384.972	266.4205	2.029212	1.026729
36720	-117.6411	-384.1162	266.4751	2.068014	0.9311637
36726	-112.6598	-379.1579	266.4981	2.171085	0.7787208
36732	-127.0611	-393.8137	266.7526	1.797497	0.9235175
36738	-109.9696	-376.5746	266.6051	1.871959	0.9997196
36744	-108.9377	-375.5354	266.5977	1.817561	1.059759
36750	-113.6058	-380.1424	266.5366	1.614356	1.290352
36756	-122.1902	-388.3139	266.1237	1.857839	1.424529
36762	-135.1574	-401.1651	266.0077	1.90151	1.479678
36768	-124.1085	-390.6149	266.5064	1.878301	1.088365
36774	-113.3133	-379.7393	266.426	1.958721	1.088365
36780	-123.5452	-389.9134	266.3682	2.026883	1.078761
36786	-124.1049	-390.3439	266.2389	1.783339	1.392937
36792	-125.307	-391.7495	266.4425	1.763228	1.2451
36798	-122.6178	-388.7789	266.1611	1.752103	1.476648
36804	-127.6853	-391.703	264.0177	1.371971	3.111016
36810	-136.8163	-403.4348	266.6185	1.694007	1.153568
36816	-129.5237	-395.7762	266.2525	1.99682	1.208309
36822	-126.4238	-392.912	266.4882	1.841142	1.138629
36828	-112.5488	-379.0503	266.5015	2.120806	0.8401046
36834	-104.4784	-371.0374	266.559	1.795204	1.116288
36840	-98.59366	-365.2447	266.651	1.964421	0.848512
36846	-100.9106	-367.5543	266.6437	2.053529	0.7374887
36852	-109.8672	-376.4291	266.5619	2.073512	0.8236839
36858	-113.4895	-380.013	266.5234	2.22391	0.6469636
36864	-106.6058	-373.1688	266.563	2.19451	0.6231878
36870	-108.0747	-374.6492	266.5745	2.19451	0.5903809
36876	-110.9109	-377.4503	266.5394	2.192944	0.6775796
36882	-112.8915	-379.4131	266.5216	2.120943	0.8145226
36888	-108.352	-374.8482	266.4961	2.211597	0.7208605
36894	-119.7874	-386.1171	266.3297	1.769297	1.332369
36900	-109.1011	-375.6238	266.5227	1.682946	1.245203
36906	-102.5844	-369.2584	266.674	1.847683	0.9539529
36912	-104.3562	-370.4638	266.1076	1.920104	1.388702
36918	-96.69516	-362.9723	266.2771	2.046384	1.143821
36924	-102.1891	-368.5268	266.3377	1.867435	1.24561
36930	-104.1529	-370.2704	266.1174	1.721417	1.532338
36936	-110.42	-375.9492	265.5293	1.498411	2.094095
36942	-104.4929	-370.9914	266.4985	2.2343	0.6768244
36948	-103.7808	-370.5535	266.7727	1.999197	0.5803974
36954	-109.229	-375.5477	266.3187	2.464385	0.4847129
36960	-110.5537	-376.9089	266.3552	2.403937	0.3974935
36966	-117.765	-384.2352	266.4702	2.295534	0.4113606
36972	-99.12186	-365.6636	266.5417	2.221547	0.6076552
36978	-93.0215	-359.5407	266.5192	2.191994	0.715113
36984	-109.8429	-376.4124	266.5695	2.191994	0.6125048
36990	-107.7968	-374.3513	266.5545	2.207009	0.6125048
36996	-115.3138	-381.9628	266.6491	1.986114	0.8239803
37002	-111.8769	-378.5908	266.7138	1.780617	0.9821516
37008	-109.0562	-375.6066	266.5504	1.832355	1.090143
37014	-116.5433	-383.1844	266.6411	1.762178	1.071065
37020	-102.0991	-368.7792	266.6801	1.838558	0.9571586
37026	-94.84798	-361.4783	266.6303	2.104461	0.6729398
37032	-92.79232	-359.2438	266.4515	2.326007	0.5572821
37038	-94.3094	-360.8839	266.5745	2.182859	0.6234863
37044	-90.58776	-357.283	266.6952	1.997812	0.7440074
37050	-98.43285	-365.1813	266.7484	1.944597	0.7440074
37056	-111.3595	-377.956	266.5965	1.682686	1.182657
37062	-112.1168	-378.7624	266.6456	1.847219	0.9837995
37068	-114.0888	-380.7514	266.6626	1.781662	1.032019
37074	-113.9469	-379.3738	265.4269	1.92761	1.875581
37080	-102.4721	-368.9456	266.4736	2.205429	0.7648101
37086	-97.12063	-363.6124	266.4917	2.277452	0.5897316
37092	-114.1577	-380.1716	266.014	2.091354	1.327275
37098	-125.2314	-390.4086	265.1772	1.680208	2.20503
37104	-97.89034	-364.4559	266.5655	2.175642	0.6601213
37110	-109.8679	-375.0179	265.15	1.590761	2.280124
37116	-114.5572	-378.6577	264.1005	1.388137	3.051935
37122	-121.1376	-387.6672	266.5296	2.250533	0.5425597
37128	-125.9376	-392.2857	266.3481	2.428402	0.5619267
37134	-120.0214	-386.4117	266.3903	2.393086	0.5097323
37140	-116.2118	-382.2553	266.0435	2.732407	0.4405526
37146	-112.2273	-378.2063	265.979	2.732407	0.3332555
37152	-122.3335	-388.2989	265.9653	2.732407	0.3203762
37158	-119.884	-386.1707	266.2867	2.496876	0.4993465
37164	-120.2293	-386.5462	266.3169	2.461789	0.5511442
37170	-111.9309	-375.8506	263.9197	1.278436	3.224701
37176	-111.0161	-374.2557	263.2396	1.500948	3.493535
37182	-115.6043	-378.7785	263.1743	1.329196	3.631455
37188	-114.8798	-378.9739	264.0941	1.478876	3.001427
37194	-127.5876	-393.5011	265.9134	1.859436	1.580967
37200	-134.1716	-400.4278	266.2561	1.71516	1.432402
37206	-122.2652	-388.4628	266.1975	2.04508	1.214035
37212	-121.9112	-388.3292	266.4179	1.978734	1.077237
37218	-111.3756	-377.8111	266.4355	1.679235	1.319717
37224	-117.8534	-384.0127	266.1593	1.463542	1.689044
37230	-117.38	-382.0619	264.6819	1.454309	2.659315
37236	-123.252	-389.1017	265.8497	1.572099	1.829514
37242	-130.9514	-397.2303	266.2789	2.504589	0.5062783
37248	-133.9405	-400.1581	266.2176	2.563266	0.4640449
37254	-130.6567	-396.694	266.0374	1.919498	1.443453
37260	-118.319	-384.4609	266.1419	1.656281	1.562386
37266	-119.8077	-386.3884	266.5807	1.838396	1.056151
37272	-137.8701	-404.1695	266.2994	2.095629	1.07878
37278	-137.7598	-404.0754	266.3156	2.140416	1.020555
37284	-115.9865	-382.5272	266.5406	1.651856	1.256156
37290	-119.476	-386.1806	266.7046	1.878318	0.8868928
37296	-123.7894	-390.0943	266.305	1.821782	1.310024
37302	-115.8877	-382.6196	266.7319	1.855433	0.8818415
37308	-112.3872	-379.0183	266.631	1.850632	0.9950678
37314	-115.3195	-381.2376	265.9181	2.732155	0.2841686
37320	-110.4875	-376.4718	265.9843	2.769524	0.3877507
37326	-115.0424	-381.4285	266.386	2.397163	0.4861363
37332	-105.8011	-372.3044	266.5033	2.188543	0.7457457
37338	-109.2331	-375.7515	266.5185	2.199274	0.7040715
37344	-101.2807	-367.8007	266.5199	2.117046	0.8216862
37350	-107.0082	-373.7627	266.7545	1.882495	0.8216862
37356	-108.8827	-375.4015	266.5188	2.16972	0.750843
37362	-105.6292	-371.6168	265.9876	1.352176	1.885576
37368	-117.7711	-383.3121	265.541	1.623979	2.003244
37374	-108.0699	-374.6173	266.5475	2.062356	0.8553379
37380	-100.7937	-367.3359	266.5422	1.995541	0.9369089
37386	-108.8616	-375.3873	266.5257	2.076726	0.8641349
37392	-106.2751	-372.7867	266.5116	2.06432	0.8948408
37398	-101.1836	-367.6588	266.4751	2.274822	0.6411276
37404	-100.5002	-366.7237	266.2235	2.537359	0.4007776
37410	-112.5821	-378.9539	266.3718	2.404299	0.5639596
37416	-112.4649	-378.8666	266.4017	2.058994	1.015918
37422	-110.3913	-376.8351	266.4438	1.910765	1.115892
37428	-115.0754	-381.4055	266.3301	1.97665	1.158633
37434	-116.2744	-382.7504	266.476	2.026891	0.9735095
37440	-119.8562	-385.7068	265.8506	1.551449	1.843054
37446	-123.7873	-389.03	265.2427	1.364911	2.364928
37452	-127.53	-392.1862	264.6562	1.190427	2.836315
37458	-125.102	-389.7181	264.6161	1.230541	2.836315
37464	-122.6093	-387.7677	265.1584	1.040239	2.620762
37470	-122.3564	-385.5206	263.1641	1.232431	3.693355
37476	-114.8892	-376.9878	262.0987	0.7565239	4.570606
37482	-100.9233	-363.2377	262.3143	0.7901236	4.430381
37488	-115.2139	-378.6303	263.4164	0.7536321	3.82402
37494	-104.05	-367.2922	263.2422	1.007682	3.778037
37500	-102.4702	-368.8163	266.3461	1.870069	1.236385
37506	-106.8993	-373.1008	266.2015	1.961086	1.280854
37512	-108.014	-373.6687	265.6547	1.437667	2.051496
37518	-101.8712	-366.3527	264.4815	1.192812	2.940495
37524	-112.7044	-373.2417	260.5373	0.985982	5.311688
37530	-108.0727	-374.412	266.3393	2.215219	0.9187539
37536	-110.8993	-377.3656	266.4663	2.136301	0.8639497
37542	-117.6451	-382.0747	264.4297	1.315998	2.897457
37548	-121.927	-387.1386	265.2115	1.724977	2.153733
37554	-114.6124	-381.076	266.4636	2.091032	0.9186164
37560	-119.6294	-386.1934	266.5639	1.834822	1.075282
37566	-125.4278	-391.9261	266.4983	1.817143	1.150905
37572	-133.3024	-399.5434	266.2411	1.686044	1.466116
37578	-139.0441	-405.381	266.3369	2.002048	1.130041
37584	-134.4435	-395.788	261.3444	1.245346	4.719308
37590	-145.2615	-409.0588	263.7973	1.559783	3.130417
37596	-125.9774	-390.6489	264.6714	1.539723	2.613062
37602	-131.7547	-398.1222	266.3675	2.291138	0.7932823
37608	-122.9183	-389.5233	266.605	2.042419	0.8081159
37614	-135.9289	-402.334	266.4051	2.372406	0.5573813
37620	-121.5691	-387.9908	266.4217	2.345097	0.5973004
37626	-125.2895	-391.7749	266.4854	2.261595	0.6478474
37632	-122.9995	-389.3869	266.3874	2.372893	0.6157692
37638	-118.2504	-384.5167	266.2663	2.508688	0.4372101
37644	-111.6459	-378.1209	266.475	2.303067	0.5545194
37650	-118.4527	-384.5974	266.1447	2.608994	0.3874188
37656	-122.5312	-388.3872	265.856	2.789284	0.2809457
37662	-119.3516	-385.0829	265.7313	2.878151	0.2598624
37668	-106.4281	-372.214	265.7859	2.823538	0.2598624
37674	-117.2204	-382.7968	265.5764	2.917384	0.2091735
37680	-106.9987	-372.5475	265.5487	2.984332	0.2241696
37686	-107.9468	-373.7752	265.8284	2.809795	0.2764773
37692	-110.5263	-376.1886	265.6623	2.913642	0.2429623
37698	-108.7762	-374.3325	265.5564	2.93907	0.2097612
37704	-122.8017	-388.0863	265.2847	3.122008	0.1813418
37710	-105.0912	-370.405	265.3138	3.122008	0.1899371
37716	-106.4625	-371.7431	265.2806	3.122008	0.1801751
37722	-103.5442	-368.797	265.2528	3.149813	0.1801751
37728	-104.6583	-369.8143	265.1559	3.207952	0.1697716
37734	-114.3329	-379.7907	265.4578	2.96884	0.1871655
37740	-118.4912	-384.0659	265.5748	2.999282	0.2420528
37746	-117.4431	-383.3196	265.8765	2.77528	0.285219
37752	-122.4221	-388.2523	265.8301	2.821661	0.285219
37758	-110.3223	-376.0349	265.7126	2.917557	0.2716519
37764	-115.0271	-380.8926	265.8655	2.778805	0.2803414
37770	-111.8202	-377.9206	266.1004	2.652836	0.3866355
37776	-119.8715	-385.8444	265.9729	2.727409	0.322715
37782	-109.9256	-376.0722	266.1467	2.609336	0.3915465
37788	-114.5764	-380.8655	266.2891	2.444088	0.3576217
37794	-131.9763	-398.2811	266.3048	2.477827	0.4786906
37800	-119.0751	-385.3715	266.2964	2.458127	0.3888871
37806	-106.8931	-373.3889	266.4958	2.223283	0.7016882
37812	-110.9536	-377.5729	266.6193	1.920714	0.9344591
37818	-121.5158	-388.0704	266.5546	2.113909	0.7797299
37824	-118.3552	-384.9227	266.5675	2.21603	0.5048108
37830	-100.0968	-366.4314	266.3346	2.448961	0.5036012
37836	-112.7223	-379.2495	266.5273	2.21702	0.6536317
37842	-111.4499	-377.8958	266.4459	2.188437	0.8250613
37848	-121.1003	-387.5679	266.4676	1.908732	1.096041
37854	-124.76	-390.1906	265.4305	1.628869	2.073217
37860	-122.8437	-389.2199	266.3762	2.317185	0.7434968
37866	-121.5494	-388.108	266.5586	2.10014	0.793163
37872	-116.6269	-382.0235	265.3966	1.574424	2.131223
37878	-117.6641	-383.7354	266.0713	1.572496	1.674083
37884	-118.5513	-384.1582	265.6069	1.172906	2.255056
37890	-105.169	-371.026	265.857	1.489744	1.880887
37896	-107.5711	-373.4802	265.9091	1.443071	1.877167
37902	-104.756	-370.0801	265.3241	1.403777	2.288376
37908	-102.6816	-367.4384	264.7568	1.241492	2.74391
37914	-102.8204	-368.4516	265.6313	1.36195	2.116701
37920	-111.5311	-374.5579	263.0268	1.116732	3.839232
37926	-113.8844	-378.5745	264.6901	1.304957	2.745905
37932	-106.2668	-371.068	264.8012	0.9919459	2.868749
37938	-106.2496	-370.9666	264.717	1.020095	2.90265
37944	-104.5648	-367.1782	262.6134	1.010425	4.136374
37950	-105.1804	-369.7749	264.5945	1.038475	2.965416
37956	-107.8411	-372.8382	264.9971	0.9996446	2.744867
37962	-101.8043	-367.0504	265.246	0.938593	2.629437
37968	-88.69626	-353.5814	264.8851	1.089986	2.758101
37974	-102.4969	-368.8717	266.3747	1.871926	1.210608
37980	-93.97596	-359.2013	265.2253	1.444286	2.325545
37986	-102.4694	-367.4015	264.9322	1.297742	2.601463
37992	-106.2523	-372.5569	266.3046	2.362931	0.7809958
37998	-99.91261	-365.9537	266.0411	2.73128	0.4287018
38004	-112.3561	-378.9676	266.6115	2.14624	0.6223689
38010	-102.8517	-368.5477	265.696	2.996366	0.3157226
38016	-102.5519	-368.4761	265.9242	2.768244	0.3157226
38022	-94.87036	-360.7149	265.8445	2.79541	0.2775918
38028	-97.10845	-363.2319	266.1235	2.611638	0.3599996
38034	-91.1963	-357.1628	265.9665	2.768568	0.3599996
38040	-94.01406	-359.5834	265.5693	2.941682	0.215519
38046	-102.1314	-367.7007	265.5693	2.941682	0.215519
38052	-103.9304	-370.0985	266.1681	2.59263	0.4006234
38058	-99.00741	-365.045	266.0375	2.674548	0.3339633
38064	-103.0002	-369.1331	266.1329	2.623169	0.3917217
38070	-98.62768	-364.9967	266.3691	2.401715	0.4241213
38076	-94.99991	-361.481	266.4811	2.301714	0.5206168
38082	-101.8195	-368.4582	266.6387	2.098204	0.6688238
38088	-94.8274	-361.3741	266.5467	2.070522	0.8463119
38094	-99.19485	-365.757	266.5622	2.140873	0.7283846
38100	-105.2864	-371.7026	266.4161	2.272026	0.7513859
38106	-104.9591	-371.6901	266.731	2.024481	0.6282078
38112	-96.30235	-362.9347	266.6323	2.009227	0.8158117
38118	-92.81142	-359.7719	266.9605	1.681027	0.8158117
38124	-88.11277	-354.8096	266.6968	1.930274	0.8341268
38130	-95.58232	-362.0096	266.4273	1.945003	1.099755
38136	-98.92538	-365.5935	266.6681	1.735907	1.070332
38142	-95.98132	-362.5464	266.565	1.671778	1.218963
38148	-100.5005	-367.1299	266.6294	1.531302	1.282388
38154	-96.21711	-362.7688	266.5517	1.747495	1.165249
38160	-101.3015	-367.8633	266.5617	1.737457	1.165249
38166	-98.11567	-364.4944	266.3787	1.577558	1.443943
38172	-101.8013	-367.2956	265.4942	1.414131	2.172021
38178	-108.6994	-374.5588	265.8594	1.419207	1.92707
38184	-112.6465	-376.6919	264.0453	1.542753	2.992364
38190	-117.914	-383.192	265.2779	1.492597	2.261033
38196	-113.0888	-379.0516	265.9628	1.408157	1.864339
38202	-118.0321	-383.1385	265.1065	1.427326	2.411637
38208	-121.6302	-385.6085	263.9782	1.091654	3.300458
38214	-102.3445	-368.1462	265.8017	1.716968	1.762377
38220	-94.36769	-361.0072	266.6395	2.045357	0.7562097
38226	-94.8399	-361.4304	266.5905	2.103547	0.7424358
38232	-95.92009	-362.4376	266.5175	2.199348	0.7055471
38238	-99.20118	-365.5793	266.3781	2.086111	1.012481
38244	-117.8044	-383.817	266.0126	1.766894	1.576119
38250	-111.3529	-377.7946	266.4418	2.039683	0.9952751
38256	-114.2785	-380.6913	266.4129	2.029798	1.033516
38262	-114.4564	-380.1357	265.6792	2.261119	1.456064
38268	-104.138	-370.5882	266.4501	2.125922	0.8947151
38274	-102.4858	-368.873	266.3872	2.298559	0.7549231
38280	-96.77304	-363.2212	266.4481	1.998518	1.029646
38286	-102.9021	-369.3692	266.4671	1.935136	1.072034
38292	-100.383	-366.889	266.506	2.277379	0.5105973
38298	-92.54268	-358.5077	265.965	2.70954	0.3013634
38304	-95.59488	-361.6639	266.069	2.675206	0.3724881
38310	-93.70106	-359.6307	265.9296	2.778807	0.3303327
38316	-103.1606	-369.0264	265.8658	2.837332	0.3253121
38322	-100.3968	-366.15	265.7532	2.911525	0.2941008
38328	-103.4392	-369.1415	265.7023	2.862033	0.2375965
38334	-112.2562	-378.0632	265.807	2.825477	0.2730284
38340	-112.716	-378.6562	265.9403	2.785078	0.3481858
38346	-105.4524	-371.9498	266.4974	2.284691	0.5275349
38352	-100.7115	-367.2205	266.509	2.190845	0.7334692
38358	-90.19698	-356.7183	266.5213	2.225272	0.6485875
38364	-100.567	-367.3829	266.8159	1.844146	0.7913665
38370	-100.3506	-367.0686	266.718	1.753178	1.005593
38376	-118.2477	-384.6026	266.3548	1.873331	1.22629
38382	-109.9198	-376.3573	266.4375	1.790626	1.22629
38388	-112.7339	-379.0664	266.3325	2.095942	1.047212
38394	-110.8881	-377.5529	266.6648	2.049054	0.7106047
38400	-112.0648	-378.593	266.5282	2.214632	0.6567135
38406	-115.8352	-382.1373	266.3021	2.434209	0.6698375
38412	-113.2394	-379.8159	266.5765	2.080438	0.7955383
38418	-110.3286	-376.7514	266.4227	2.094169	0.95898
38424	-115.3674	-381.8551	266.4877	2.074999	0.9097603
38430	-113.7872	-379.6211	265.8339	2.787187	0.2663386
38436	-122.2359	-387.9916	265.7558	2.915026	0.2985421
38442	-103.1446	-369.2304	266.0857	2.644337	0.3537101
38448	-100.985	-367.4608	266.4758	2.307739	0.5060813
38454	-106.6705	-373.2794	266.6089	2.076523	0.7554232
38460	-108.8085	-375.2538	266.4453	2.321457	0.5974982
38466	-113.5762	-380.1263	266.55	2.187382	0.6677334
38472	-101.4076	-368.0962	266.6886	1.878016	0.9053788
38478	-96.25978	-362.8865	266.6267	1.585586	1.239608
38484	-107.1414	-373.5314	266.39	1.641358	1.385865
38490	-106.6896	-373.3481	266.6586	2.105076	0.6066183
38496	-109.8454	-376.6887	266.8433	1.912925	0.6263288
38502	-105.6825	-372.388	266.7055	2.014214	0.7006644
38508	-110.4945	-377.1141	266.6196	2.148943	0.5917255
38514	-111.1061	-377.5366	266.4305	2.35258	0.5168015
38520	-111.9694	-378.4154	266.446	2.337454	0.5096362
38526	-116.3842	-382.7822	266.398	2.385438	0.5096362
38532	-113.7862	-380.3218	266.5355	2.223805	0.6183652
38538	-116.5215	-383.0028	266.4813	2.272674	0.6316844
38544	-103.0062	-369.0934	266.0872	2.613674	0.3232484
38550	-96.30614	-362.5459	266.2398	2.477638	0.3394814
38556	-107.3371	-373.845	266.5079	2.264736	0.4294808
38562	-113.6946	-380.3097	266.6152	2.161742	0.5599916
38568	-116.8298	-383.4866	266.6568	2.050656	0.7213123
38574	-105.0037	-370.0702	265.0664	1.315347	2.507037
38580	-104.5546	-370.2885	265.7339	1.42324	2.008519
38586	-105.744	-371.238	265.494	1.418251	2.169474
38592	-111.6554	-376.4513	264.7959	1.483719	2.570627
38598	-115.8984	-380.8437	264.9452	1.334393	2.570627
38604	-112.606	-378.8565	266.2505	2.515049	0.4108261
38610	-111.174	-377.3356	266.1616	2.526875	0.3123956
38616	-111.2471	-377.2118	265.9647	2.715763	0.3058923
38622	-111.0861	-377.1175	266.0313	1.704466	1.607963
38628	-109.0093	-374.6553	265.646	1.397502	2.083687
38634	-115.1193	-381.0173	265.8979	2.719843	0.2644578
38640	-120.7426	-387.0363	266.2937	1.872316	1.278014
38646	-102.3861	-368.9971	266.611	2.073915	0.7562154
38652	-104.925	-371.4915	266.5665	2.118205	0.7564685
38658	-101.263	-367.8064	266.5435	2.107779	0.8031263
38664	-109.645	-376.1896	266.5446	2.066839	0.8533491
38670	-100.0505	-366.8214	266.7709	1.777311	0.9255779
38676	-92.58061	-359.1927	266.6121	1.618567	1.224184
38682	-80.01433	-346.7981	266.7838	1.446892	1.224184
38688	-87.75609	-354.3742	266.6181	1.646973	1.194862
38694	-96.941	-363.0663	266.1253	1.550633	1.651155
38700	-89.48586	-355.2754	265.7896	1.394342	1.990644
38706	-95.20151	-360.1035	264.9019	1.447722	2.52707
38712	-98.18636	-363.9963	265.8099	1.496011	1.908575
38718	-98.16163	-364.5922	266.4306	1.609465	1.37905
38724	-107.0739	-373.7634	266.6895	1.968669	0.7938659
38730	-103.6134	-370.1523	266.5389	1.945289	0.992511
38736	-100.0632	-366.6437	266.5804	1.799008	1.093197
38742	-98.64528	-364.6451	265.9998	1.707388	1.628623
38748	-100.4662	-365.9978	265.5317	1.5866	2.034298
38754	-101.5164	-367.5575	266.041	1.855069	1.489556
38760	-108.1998	-374.3089	266.1091	2.096337	1.245354
38766	-104.2723	-370.7606	266.4883	2.180927	0.7786584
38772	-102.8189	-369.3936	266.5747	2.201378	0.5639325
38778	-93.73192	-360.1225	266.3906	2.362062	0.6349042
38784	-89.10941	-355.6562	266.5468	2.162439	0.7183224
38790	-90.77291	-357.2011	266.4282	2.326753	0.62945
38796	-112.3294	-378.4953	266.1659	2.617543	0.5085645
38802	-121.3336	-387.0851	265.7515	2.920022	0.2990777
38808	-111.2481	-377.0648	265.8168	2.864117	0.3062374
38814	-111.4467	-377.6456	266.1989	2.562116	0.4011597
38820	-115.0677	-381.5134	266.4456	2.337962	0.4976981
38826	-104.5142	-370.4755	265.9613	2.775198	0.3618102
38832	-111.3696	-377.6393	266.2697	2.494633	0.4081347
38838	-116.544	-382.9008	266.3568	2.424958	0.5313205
38844	-122.2633	-388.6468	266.3835	2.383786	0.4149345
38850	-106.9982	-373.4508	266.4526	2.164008	0.8470915
38856	-102.701	-369.2875	266.5865	2.09797	0.7568123
38862	-102.1671	-368.6921	266.525	1.810451	1.133182
38868	-100.2367	-366.8906	266.654	1.878148	0.9429511
38874	-101.707	-368.1736	266.4666	2.286792	0.6331282
38880	-95.81837	-362.3176	266.4992	2.27821	0.5576144
38886	-105.4808	-371.8983	266.4175	2.364206	0.5312632
38892	-110.2608	-376.7634	266.5027	2.26629	0.5904999
38898	-110.2483	-376.7567	266.5084	1.956343	1.011912
38904	-111.3068	-377.8658	266.5591	1.905707	1.011912
38910	-115.3569	-382.0413	266.6844	1.87194	0.9167203
38916	-125.9777	-392.5264	266.5487	2.10407	0.8011021
38922	-116.1196	-382.6494	266.5298	2.13307	0.787506
38928	-122.6237	-389.0524	266.4287	1.903833	1.135754
38934	-115.4766	-381.6116	266.1351	1.689483	1.54294
38940	-117.9139	-384.1859	266.272	1.85354	1.310999
38946	-120.2099	-386.6555	266.4456	2.019848	1.011184
38952	-101.0479	-367.5374	266.4894	2.258757	0.6451232
38958	-111.1021	-377.627	266.5249	2.223294	0.6451232
38964	-119.5065	-385.8445	266.3381	2.427805	0.6001481
38970	-118.4513	-384.8271	266.3758	2.39005	0.6001481
38976	-119.1646	-385.8031	266.6385	2.123879	0.6100908
38982	-117.2547	-383.5332	266.2785	2.468935	0.6466782
38988	-117.8666	-383.9807	266.1141	2.650772	0.4094218
38994	-102.0643	-368.1595	266.0952	2.669956	0.4100165
39000	-97.34005	-363.4945	266.1544	2.610709	0.4100165
39006	-105.758	-372.2355	266.4775	2.3033	0.5384569
39012	-111.6016	-378.0944	266.4928	2.28151	0.5713685
39018	-104.4084	-370.7794	266.371	2.412439	0.4916299
39024	-104.4748	-370.8233	266.3485	2.434916	0.4916299
39030	-106.8821	-373.0989	266.2168	2.565486	0.4746288
39036	-99.70459	-365.9192	266.2146	2.544723	0.6183789
39042	-94.31388	-360.8171	266.5032	2.193972	0.7375792
39048	-90.72928	-357.1777	266.4485	2.179856	0.8326262
39054	-86.08325	-352.783	266.6998	2.00944	0.718362
39060	-91.29935	-358.0522	266.7528	1.757745	0.9655725
39066	-93.29104	-359.7748	266.4837	2.026669	0.9657401
39072	-97.19101	-363.9281	266.7371	1.920138	0.7951249
39078	-98.16664	-364.7252	266.5586	1.919546	0.9985901
39084	-105.7186	-372.389	266.6704	1.905374	0.895042
39090	-103.7691	-370.3066	266.5375	1.947245	0.9919724
39096	-94.57911	-361.3125	266.7334	2.02561	0.6192392
39102	-98.43859	-365.0364	266.5978	2.055001	0.8010591
39108	-93.34307	-360.1716	266.8285	1.941295	0.5877413
39114	-90.52465	-357.3713	266.8467	1.883026	0.6826132
39120	-96.64738	-363.1889	266.5415	2.231868	0.5749654
39126	-99.57557	-366.2335	266.6579	2.102923	0.614471
39132	-103.0896	-369.6595	266.5699	2.19278	0.6092811
39138	-106.365	-372.8686	266.5036	2.203187	0.7224207
39144	-121.6416	-388.0143	266.3727	2.334052	0.7224207
39150	-108.4188	-374.7414	266.3227	2.455709	0.5528355
39156	-121.5807	-387.9954	266.4147	2.368673	0.4886137
39162	-115.2633	-381.1317	265.8684	1.916263	1.572286
39168	-106.491	-372.5546	266.0636	1.723488	1.570535
39174	-127.8555	-393.4276	265.5721	2.98056	0.2324075
39180	-104.623	-371.0123	266.3894	2.077711	1.009637
39186	-94.06103	-360.7562	266.6952	1.952004	0.8085081
39192	-95.38388	-361.9594	266.5755	2.201527	0.559303
39198	-99.41629	-365.8601	266.4438	2.213078	0.7955855
39204	-105.6363	-372.2089	266.5726	2.092277	0.784718
39210	-102.0944	-368.628	266.5337	2.248064	0.5312743
39216	-97.86844	-364.4093	266.5408	2.240889	0.5312743
39222	-104.9164	-371.3735	266.4571	2.324826	0.5297928
39228	-94.08133	-360.5659	266.4846	2.265367	0.6411598
39234	-90.01154	-356.3277	266.3162	2.466456	0.4785606
39240	-100.1919	-366.4967	266.3048	2.467347	0.4281855
39246	-92.01347	-358.5062	266.4927	2.287643	0.5413774
39252	-98.30449	-364.7318	266.4273	2.30293	0.6816524
39258	-104.1691	-370.7222	266.5531	2.078976	0.8278996
39264	-106.9883	-373.4284	266.4401	2.197238	0.8212053
39270	-108.2452	-374.8815	266.6363	1.926625	0.9094247
39276	-111.1826	-377.7943	266.6118	1.87989	0.9849905
39282	-115.9428	-382.622	266.6792	1.999574	0.7651758
39288	-111.3593	-377.8464	266.4872	2.269698	0.6247068
39294	-111.7377	-375.9929	264.2551	3.709198	0.0987824
39300	-118.6635	-382.9994	264.3359	3.628425	0.0987824
39306	-112.4607	-376.1692	263.7085	3.968585	0.06996633
39312	-110.9964	-375.4021	264.4057	3.613451	0.1058335
39318	-128.3548	-392.6767	264.3219	3.726204	0.1098022
39324	-120.3928	-384.8901	264.4973	3.592871	0.1159408
39330	-102.9385	-369.4575	266.519	2.136272	0.7977399
39336	-106.2772	-372.8029	266.5257	2.230426	0.6265457
39342	-113.368	-379.9515	266.5835	2.171952	0.6281171
39348	-112.99	-379.5909	266.6009	1.980357	0.8888148
39354	-112.3649	-378.9616	266.5967	1.969181	0.9061922
39360	-122.8462	-389.6112	266.765	1.944274	0.7183445
39366	-129.374	-395.8796	266.5055	2.275027	0.5398749
39372	-129.6873	-394.68	264.9928	3.404205	0.1786069
39378	-115.87	-381.0004	265.1305	3.266477	0.1786069
39384	-127.0787	-392.0628	264.9841	3.409379	0.1776303
39390	-125.6388	-391.3233	265.6845	2.961646	0.2815039
39396	-132.8429	-398.3711	265.5282	3.117946	0.2815039
39402	-125.6136	-391.091	265.4775	3.117946	0.2524983
39408	-117.8446	-383.2428	265.3982	3.077658	0.202884
39414	-127.5865	-393.3354	265.7489	2.934619	0.3083752
39420	-118.6645	-384.3647	265.7003	2.923496	0.2678809
39426	-116.5374	-382.3239	265.7865	2.921378	0.3297808
39432	-117.2294	-382.9509	265.7215	1.613672	1.88875
39438	-141.3407	-406.9207	265.58	1.507362	2.054759
39444	-121.6098	-387.3616	265.7517	2.888472	0.2777311
39450	-116.0976	-382.0078	265.9102	2.848731	0.3970545
39456	-117.6786	-383.717	266.0384	2.668097	0.3284512
39462	-112.8547	-378.9668	266.112	2.608207	0.3424629
39468	-100.2444	-366.3112	266.0667	2.655579	0.3447477
39474	-111.3562	-377.4316	266.0754	2.697573	0.4304894
39480	-116.0015	-382.5061	266.5045	2.051448	0.9171098
39486	-113.423	-380.0188	266.5958	2.132552	0.6850322
39492	-117.4764	-383.0849	265.6084	2.933683	0.2279057
39498	-106.787	-372.4321	265.6451	2.923777	0.2396383
39504	-105.5757	-371.3114	265.7357	2.934137	0.2978147
39510	-108.1472	-374.2567	266.1095	2.673504	0.4831733
39516	-104.0703	-370.1096	266.0394	2.700606	0.3665051
39522	-112.3356	-378.265	265.9293	2.769624	0.3214715
39528	-107.8881	-373.8186	265.9305	2.769624	0.322566
39534	-111.095	-376.9233	265.8283	2.815986	0.2803134
39540	-100.5749	-366.614	266.0392	2.722613	0.4026839
39546	-96.82399	-363.0552	266.2312	2.544296	0.4391647
39552	-108.0512	-374.4793	266.4281	1.726216	1.287612
39558	-108.9653	-375.5243	266.559	1.91946	0.9983241
39564	-110.7992	-377.229	266.4297	1.757253	1.260724
39570	-109.0943	-375.4216	266.3273	1.621363	1.44975
39576	-105.4668	-372.0287	266.5619	1.884199	1.030246
39582	-98.94009	-365.4482	266.5081	1.96395	1.004701
39588	-99.34346	-365.8494	266.5059	1.802729	1.156923
39594	-102.837	-369.514	266.677	1.833426	0.9656781
39600	-112.2412	-378.7377	266.4965	2.279716	0.5630249
39606	-112.4044	-378.8914	266.487	2.294939	0.5292517
39612	-113.456	-379.6486	266.1926	2.515686	0.330218
39618	-114.5904	-381.0004	266.4101	2.332908	0.3707009
39624	-106.1468	-372.6022	266.4554	2.184866	0.8174034
39630	-102.2709	-368.7733	266.5024	2.222592	0.6912366
39636	-106.6931	-373.2426	266.5495	2.17549	0.6912366
39642	-112.8427	-379.3355	266.4928	2.261113	0.6320163
39648	-106.435	-372.6811	266.2461	2.336317	0.8874919
39654	-103.3654	-369.6615	266.2961	2.286284	0.8874919
39660	-97.6254	-363.9351	266.3097	2.142257	1.024452
39666	-95.38648	-361.6316	266.2451	2.359445	0.8616406
39672	-96.49349	-362.6938	266.2003	2.566529	0.5971585
39678	-95.76527	-361.8671	266.1018	2.64562	0.6468409
39684	-93.71075	-360.1678	266.457	2.085467	0.9318174
39690	-89.45637	-356.0749	266.6186	2.088318	0.7221935
39696	-88.70478	-355.0322	266.3274	2.363613	0.747053
39702	-91.79734	-357.9716	266.1742	2.061621	1.219796
39708	-94.72889	-360.9444	266.2155	2.047441	1.196635
39714	-107.7012	-374.0723	266.3711	2.173299	0.9297651
39720	-102.5227	-368.8045	266.2818	1.803445	1.343297
39726	-97.68749	-363.9604	266.2729	1.785709	1.364446
39732	-88.45448	-353.3914	264.9369	1.548403	2.442163
39738	-97.73346	-362.1566	264.4231	1.553906	2.756928
39744	-100.7172	-365.1379	264.4207	1.881389	2.556678
39750	-100.6787	-366.4476	265.769	2.104574	1.506484
39756	-100.8128	-367.3439	266.5311	1.768879	1.164533
39762	-103.8317	-370.2425	266.4108	1.620048	1.386285
39768	-119.9311	-386.1044	266.1732	1.808799	1.424132
39774	-112.7479	-378.8278	266.0799	2.629466	0.3312665
39780	-110.5715	-376.3981	265.8266	1.92325	1.597761
39786	-105.3267	-369.41	264.0833	1.599075	2.935678
39792	-128.4506	-393.3617	264.911	1.615537	2.41619
39798	-140.2095	-406.637	266.4275	1.833018	1.198788
39804	-117.2065	-383.1087	265.9022	2.840855	0.3707975
39810	-109.4108	-375.2663	265.8555	2.840855	0.3191429
39816	-107.1375	-373.3883	266.2508	2.520051	0.4242827
39822	-98.08711	-364.0978	266.0107	2.721611	0.3564358
39828	-112.0348	-378.1972	266.1624	2.59094	0.3868325
39834	-120.2465	-386.318	266.0715	2.69409	0.4110535
39840	-117.2292	-383.6089	266.3797	1.862293	1.214541
39846	-119.5154	-385.3417	265.8263	1.761973	1.713531
39852	-125.6325	-391.4538	265.8213	1.663171	1.786203
39858	-122.7074	-388.3354	265.628	1.856455	1.786203
39864	-118.8733	-385.0494	266.1761	2.601877	0.4489138
39870	-110.9759	-377.2002	266.2243	2.553641	0.5548927
39876	-108.1682	-374.5637	266.3955	2.347025	0.6573987
39882	-108.0346	-374.5531	266.5186	2.167855	0.7539337
39888	-99.86353	-366.2388	266.3753	1.939492	1.151529
39894	-93.79706	-360.1449	266.3479	1.87741	1.228734
39900	-93.47899	-360.1924	266.7134	1.914677	0.8329643
39906	-94.90621	-361.4477	266.5415	2.157467	0.7347866
39912	-98.96133	-365.4483	266.4869	2.155004	0.8153056
39918	-107.0645	-373.4705	266.4059	2.229315	0.8238886
39924	-108.1368	-374.357	266.2203	2.414993	0.8238886
39930	-107.4584	-373.6217	266.1633	2.505882	0.7786906
39936	-110.952	-377.4388	266.4867	2.296042	0.520341
39942	-114.3836	-380.7718	266.3881	2.347279	0.671646
39948	-117.0997	-383.4042	266.3045	2.408744	0.7117044
39954	-122.247	-388.7202	266.4732	2.297033	0.5863088
39960	-116.7555	-382.8719	266.1164	2.104193	1.232695
39966	-101.8633	-368.4135	266.5502	1.797556	1.122133
39972	-101.6031	-366.0239	264.4209	2.211124	2.349476
39978	-98.48392	-360.9458	262.4619	2.167087	3.558546
39984	-118.3578	-384.4363	266.0785	1.644544	1.617163
39990	-105.4484	-372.0415	266.593	1.678205	1.189521
39996	-111.5864	-378.0055	266.4191	1.914718	1.134628
40002	-115.6632	-382.1553	266.4921	2.011477	0.9727883
40008	-111.9788	-378.588	266.6092	2.077171	0.754068
40014	-106.6552	-373.2967	266.6415	1.991172	0.8271147
40020	-108.0758	-374.3953	266.3194	2.457868	0.558253
40026	-107.4425	-373.6394	266.1969	2.58635	0.5132993
40032	-102.4396	-368.7597	266.3201	2.462076	0.4741794
40038	-102.8695	-369.1775	266.308	2.474231	0.4741794
40044	-105.61	-371.6217	266.0117	2.703827	0.3375094
40050	-119.5313	-385.639	266.1077	2.650977	0.3965169
40056	-113.8857	-379.4812	265.5955	2.990667	0.2478532
40062	-103.4795	-368.9373	265.4578	3.059318	0.2178672
40068	-121.3339	-386.7983	265.4644	3.034115	0.2108746
40074	-120.4556	-386.0911	265.6355	2.9683	0.2568417
40080	-120.7158	-386.8082	266.0923	2.642671	0.3599011
40086	-117.2119	-383.572	266.3601	2.415061	0.4378717
40092	-107.8163	-374.2815	266.4652	2.316457	0.4694697
40098	-103.64	-370.1359	266.496	2.276951	0.5766292
40104	-105.2875	-371.6942	266.4066	2.370157	0.5605943
40110	-101.9605	-367.8842	265.9237	2.779095	0.3249894
40116	-95.52059	-361.9706	266.45	2.317018	0.4143563
40122	-92.90344	-359.3029	266.3994	2.384119	0.5042465
40128	-110.5558	-376.9334	266.3776	2.375788	0.6331481
40134	-108.6839	-375.0741	266.3902	2.392499	0.5210313
40140	-104.2332	-370.528	266.2948	2.487931	0.5210313
40146	-94.08355	-360.4682	266.3847	2.397391	0.4726684
40152	-103.5041	-369.7512	266.2471	2.534991	0.4726684
40158	-100.4883	-366.3465	265.8583	2.816254	0.3013089
40164	-95.72726	-361.9293	266.202	2.498561	0.3229443
40170	-97.75159	-363.2399	265.4884	2.955868	0.192542
40176	-91.43947	-356.9278	265.4884	2.955868	0.192542
40182	-103.0337	-368.555	265.5213	2.955868	0.20332
40188	-101.0084	-366.3548	265.3464	3.094363	0.191471
40194	-109.2856	-374.8096	265.524	2.984174	0.2144345
40200	-115.6383	-380.888	265.2497	3.164823	0.1835957
40206	-110.1842	-375.499	265.3148	3.125275	0.1912528
40212	-121.1512	-387.6968	266.5457	1.911941	1.01897
40218	-115.0932	-381.5988	266.5056	2.099285	0.8612216
40224	-109.6926	-376.2355	266.5429	2.225459	0.5923858
40230	-126.0403	-391.2188	265.1785	3.130968	0.1565996
40236	-107.1216	-372.2217	265.1001	3.229811	0.1613528
40242	-110.8382	-376.2899	265.4517	3.021363	0.2019396
40248	-116.8015	-382.3917	265.5903	2.990333	0.2451766
40254	-129.6139	-396.0882	266.4744	2.158472	0.8269639
40260	-132.6494	-398.3854	265.736	2.833746	0.2400368
40266	-119.7077	-385.5006	265.7929	2.776832	0.2400368
40272	-114.1386	-379.9125	265.7739	2.776832	0.2315709
40278	-101.4066	-367.4557	266.0491	2.603928	0.2860479
40284	-105.3507	-371.4352	266.0845	2.560047	0.2804761
40290	-95.92851	-362.0534	266.1249	2.56512	0.3137258
40296	-100.3929	-366.4238	266.0309	2.665005	0.3187242
40302	-116.4907	-382.5077	266.0169	2.683371	0.3227052
40308	-113.2569	-379.1838	265.9269	2.727083	0.2866821
40314	-112.9475	-379.1499	266.2024	2.538495	0.3677398
40320	-109.7853	-376.0807	266.2954	2.478984	0.4351035
40326	-126.249	-392.7585	266.5095	2.255402	0.6030623
40332	-125.7679	-392.2871	266.5192	2.138753	0.7942124
40338	-131.1949	-397.5494	266.3545	2.267554	0.8404439
40344	-131.2205	-397.6202	266.3997	2.162067	0.9107549
40350	-132.6129	-399.0466	266.4337	2.117237	0.9226407
40356	-118.3834	-384.9084	266.525	2.077788	0.863768
40362	-118.1254	-384.6448	266.5193	1.952578	1.004817
40368	-108.4682	-375.1337	266.6655	2.020909	0.7539724
40374	-110.3639	-376.7906	266.4268	1.635996	1.361145
40380	-104.7384	-371.4838	266.7454	1.593953	1.129673
40386	-104.6289	-370.5099	265.881	1.814428	1.637163
40392	-134.0396	-398.957	264.9174	1.292853	2.613596
40398	-126.9411	-393.3324	266.3913	1.570494	1.439663
40404	-106.6214	-372.5472	265.9258	1.372349	1.913844
40410	-97.68703	-363.5656	265.8786	1.568173	1.812286
40416	-106.6445	-372.3709	265.7265	1.482178	1.974098
40422	-108.6998	-374.251	265.5513	1.482538	2.090063
40428	-110.3635	-376.4967	266.1332	1.623291	1.592913
40434	-102.3317	-368.6703	266.3387	2.008341	1.122776
40440	-104.6181	-371.0297	266.4116	2.027214	1.03723
40446	-106.4203	-373.1098	266.6895	1.933786	0.8389367
40452	-111.3379	-377.7729	266.4349	2.198831	0.8257949
40458	-107.0286	-373.5633	266.5347	2.188091	0.6951892
40464	-116.4459	-382.8141	266.3682	2.391881	0.6164667
40470	-104.0496	-370.5766	266.527	2.253482	0.5402532
40476	-111.0477	-377.7039	266.6563	2.124254	0.5402532
40482	-114.5453	-380.6475	266.1022	2.665804	0.4168429
40488	-110.8427	-376.9874	266.1446	2.545012	0.3133802
40494	-102.6778	-368.8923	266.2146	2.530926	0.374397
40500	-105.7725	-372.2828	266.5103	2.257445	0.4162154
40506	-107.4359	-374.0402	266.6043	2.169673	0.5727947
40512	-132.1294	-398.6952	266.5658	1.807972	1.098399
40518	-130.5228	-396.9448	266.422	2.00597	1.047656
40524	-118.5212	-384.9874	266.4663	1.630458	1.334159
40530	-111.5876	-377.8791	266.2915	1.668734	1.440879
40536	-107.2929	-373.7213	266.4284	1.662968	1.338417
40542	-103.1971	-369.6875	266.4905	1.579069	1.355804
40548	-100.1697	-366.7461	266.5763	1.901399	0.9990091
40554	-101.3913	-367.9252	266.5338	2.020686	0.9187155
40560	-101.0095	-367.3139	266.3044	1.958255	1.196899
40566	-94.03957	-360.6296	266.5901	1.834193	1.051203
40572	-94.5499	-361.0965	266.5466	1.694568	1.215287
40578	-100.0049	-366.4508	266.4459	1.641014	1.341983
40584	-99.32193	-365.7903	266.4684	1.617959	1.342425
40590	-109.0598	-375.5229	266.4631	1.688802	1.289608
40596	-106.558	-373.2694	266.7114	1.688802	1.073968
40602	-116.2922	-382.725	266.4329	1.722476	1.286772
40608	-100.5111	-367.1382	266.6272	1.641634	1.191636
40614	-109.3371	-375.6946	266.3575	1.591388	1.44954
40620	-123.2192	-389.2974	266.0782	1.759657	1.533049
40626	-113.7564	-380.1876	266.4313	1.70639	1.301179
40632	-123.305	-389.8812	266.5762	2.165191	0.6596061
40638	-114.1758	-380.567	266.3913	2.289784	0.7618513
40644	-114.5176	-380.9831	266.4655	1.93158	1.076859
40650	-107.6713	-374.2684	266.5971	1.853096	1.026247
40656	-105.1927	-371.9823	266.7896	1.878013	0.7809474
40662	-100.6908	-367.4443	266.7535	1.914108	0.7809474
40668	-107.7709	-374.4712	266.7003	1.860974	0.9112343
40674	-114.0707	-380.7258	266.6551	1.687787	1.126474
40680	-110.2148	-376.6456	266.4308	1.604031	1.383105
40686	-113.5919	-380.0925	266.5006	1.592972	1.336671
40692	-104.8441	-371.3837	266.5395	1.748983	1.174551
40698	-110.3083	-376.8928	266.5845	2.113466	0.7364206
40704	-103.3001	-369.8914	266.5913	2.16208	0.6332501
40710	-103.4463	-369.9816	266.5353	2.228492	0.6061582
40716	-98.14321	-364.6425	266.4993	2.237986	0.667906
40722	-93.88384	-360.3916	266.5078	2.273134	0.5373662
40728	-96.66268	-363.125	266.4623	2.310867	0.5755483
40734	-100.1228	-366.5695	266.4467	2.335588	0.4748661
40740	-132.0883	-398.108	266.0198	1.503841	1.758917
40746	-125.4745	-390.8017	265.3271	1.524533	2.208743
40752	-120.3741	-384.8392	264.4651	1.490942	2.769725
40758	-118.9354	-383.9597	265.0244	1.758758	2.252927
40764	-106.5274	-372.4762	265.9488	2.779096	0.3511729
40770	-100.361	-366.5626	266.2016	2.526283	0.3511729
40776	-98.57139	-365.0244	266.453	2.309413	0.4041173
40782	-100.8869	-367.3216	266.4347	2.335103	0.5876411
40788	-125.3099	-391.7006	266.3907	2.390186	0.4639108
40794	-126.5476	-392.3811	265.8336	2.319477	1.288649
40800	-142.3045	-408.5952	266.2907	2.446573	0.6679701
40806	-127.792	-394.1136	266.3216	2.367862	0.7493655
40812	-104.7467	-371.3925	266.6458	2.119309	0.6024796
40818	-103.9765	-370.3653	266.3888	2.369081	0.3949689
40824	-111.0501	-377.2717	266.2216	2.467304	0.3127435
40830	-116.4704	-382.8711	266.4008	2.33966	0.6616406
40836	-116.0057	-382.5359	266.5301	2.252001	0.5274318
40842	-120.1763	-386.3698	266.1935	2.577369	0.4243247
40848	-120.5204	-386.8638	266.3434	2.407248	0.3824066
40854	-118.6466	-384.9358	266.2892	2.486966	0.4416324
40860	-123.612	-390.2428	266.6308	2.132342	0.6080835
40866	-106.9433	-373.5078	266.5645	1.92762	0.9845072
40872	-110.2276	-376.6265	266.3989	2.150088	0.9247978
40878	-109.7162	-376.1	266.3838	2.165196	0.9247978
40884	-104.225	-370.5155	266.2905	2.442796	0.3577128
40890	-102.0333	-367.9827	265.9495	2.714019	0.2932235
40896	-102.9798	-368.7522	265.7724	2.75846	0.2232807
40902	-114.5395	-380.541	266.0015	2.74316	0.3731325
40908	-104.6272	-370.8486	266.2214	2.517738	0.3653537
40914	-105.7849	-371.7903	266.0054	2.667439	0.3000329
40920	-100.4814	-366.6466	266.1652	2.581312	0.3758868
40926	-105.9507	-372.5642	266.6135	2.139884	0.6332276
40932	-102.2628	-369.0583	266.7955	1.939631	0.6722931
40938	-98.42629	-365.075	266.6487	2.052415	0.7314799
40944	-100.0247	-366.6332	266.6085	2.130139	0.6652784
40950	-92.47209	-359.2042	266.7321	2.026744	0.6197493
40956	-97.19432	-363.7257	266.5314	2.237148	0.5918577
40962	-116.3618	-382.8741	266.5123	2.237148	0.6422123
40968	-115.2684	-381.58	266.3115	2.471872	0.5097114
40974	-108.1837	-374.3008	266.1172	2.650874	0.4169043
40980	-108.5903	-374.5195	265.9292	2.705424	0.274311
40986	-101.6947	-367.6004	265.9056	2.781523	0.3113103
40992	-114.0517	-380.1688	266.1171	2.627227	0.372599
40998	-107.9222	-374.2097	266.2875	2.495835	0.5103809
41004	-101.5677	-367.6611	266.0935	2.673114	0.4133479
41010	-105.5237	-371.9389	266.4152	2.367372	0.4779778
41016	-109.8275	-376.0988	266.2713	2.51231	0.4991227
41022	-96.95027	-363.3282	266.3779	2.394178	0.5796598
41028	-101.82	-368.3273	266.5074	2.270486	0.5555653
41034	-90.18637	-356.4492	266.2629	2.513288	0.4414372
41040	-94.07058	-360.5717	266.5011	2.28247	0.4967404
41046	-93.459	-359.586	266.127	2.626285	0.3868181
41052	-90.79271	-357.1058	266.3131	1.958055	1.189585
41058	-96.47186	-361.8938	265.4219	1.966861	1.852144
41064	-96.99675	-363.0585	266.0618	2.248772	1.155283
41070	-102.2721	-368.7721	266.5	2.244965	0.6521548
41076	-99.09064	-365.3575	266.2669	2.515822	0.4794971
41082	-93.99213	-360.1515	266.1594	2.566043	0.3482928
41088	-102.7164	-368.9328	266.2164	2.566043	0.4761607
41094	-114.2986	-380.4061	266.1075	2.63163	0.3653803
41100	-104.3681	-370.4877	266.1197	2.631011	0.3824188
41106	-101.5056	-367.8878	266.3822	2.400074	0.4749247
41112	-107.8853	-374.2959	266.4106	2.354993	0.4110849
41118	-91.21201	-357.6681	266.4561	2.281635	0.6670118
41124	-95.35378	-361.9981	266.6443	2.121658	0.5999183
41130	-97.46973	-364.0006	266.5309	1.899279	1.045551
41136	-101.7609	-368.5038	266.7429	1.963537	0.7229158
41142	-99.96063	-366.423	266.4624	2.012713	1.001659
41148	-108.7965	-375.0683	266.2718	1.637636	1.479526
41154	-100.475	-367.0466	266.5716	1.51325	1.343643
41160	-101.9958	-367.363	265.3672	1.323896	2.311821
41166	-107.8858	-370.3839	262.4981	1.260479	4.059608
41172	-111.1646	-374.5651	263.4005	1.145576	3.606756
41178	-109.8708	-374.7406	264.8698	1.087894	2.768716
41184	-102.9144	-366.8395	263.9251	1.28557	3.217329
41190	-109.4291	-373.4032	263.9741	1.64361	2.974593
41196	-103.8552	-369.0317	265.1765	1.388807	2.3917
41202	-121.4518	-387.8466	266.3947	1.675188	1.355516
41208	-117.6713	-383.3614	265.6901	1.618245	1.90696
41214	-105.2443	-369.3922	264.1479	1.880148	2.72572
41220	-120.6988	-386.1835	265.4847	1.398976	2.188059
41226	-120.8967	-387.207	266.3103	1.467289	1.577478
41232	-113.9217	-379.7427	265.821	1.482815	1.910018
41238	-114.7178	-381.2421	266.5242	1.715588	1.216411
41244	-115.2665	-381.0306	265.7641	1.519733	1.923565
41250	-115.5808	-381.8284	266.2476	2.209763	1.019152
41256	-123.0837	-389.1234	266.0397	2.042555	1.345725
41262	-114.2545	-377.1887	262.9342	2.793342	2.908401
41268	-112.4382	-378.2463	265.8081	2.058808	1.511418
41274	-131.6984	-397.5487	265.8503	1.786087	1.679406
41280	-109.314	-373.9585	264.6445	1.752324	2.49761
41286	-85.969	-351.9151	265.9461	1.500438	1.81246
41292	-81.78256	-347.806	266.0234	1.628231	1.668519
41298	-89.77571	-355.1504	265.3746	1.438811	2.233409
41304	-96.07516	-361.8131	265.7379	1.140888	2.191193
41310	-102.8743	-368.638	265.7636	1.33852	2.044986
41316	-97.5688	-362.9958	265.4271	1.453431	2.190105
41322	-93.16613	-359.1165	265.9504	1.362533	1.903842
41328	-92.75124	-358.0565	265.3052	1.415874	2.292675
41334	-91.17762	-356.1216	264.944	1.206252	2.650663
41340	-84.69612	-349.9125	265.2164	1.47576	2.311166
41346	-83.45687	-349.6695	266.2126	1.572153	1.572261
41352	-79.14761	-344.8201	265.6725	1.904729	1.721309
41358	-86.56027	-353.0069	266.4466	2.182339	0.8318241
41364	-76.75618	-343.226	266.4698	2.101156	0.9004519
41370	-84.8741	-351.4743	266.6002	2.044839	0.8112371
41376	-97.94112	-364.426	266.4849	1.982639	1.00919
41382	-102.9236	-369.051	266.1274	1.448191	1.722424
41388	-106.6955	-372.4449	265.7494	1.779984	1.754909
41394	-104.3551	-370.1069	265.7518	1.491832	1.950632
41400	-104.0718	-368.2557	264.1838	1.500624	2.934406
41406	-100.8695	-366.0733	265.2038	1.533176	2.282549
41412	-95.92017	-362.1178	266.1976	1.773123	1.43285
41418	-111.9006	-378.1279	266.2273	1.828823	1.366386
41424	-98.79542	-363.9959	265.2004	1.892391	2.051157
41430	-102.3823	-367.8584	265.4761	1.297421	2.259075
41436	-102.4008	-368.5436	266.1427	1.605	1.599293
41442	-93.20827	-359.5664	266.3582	1.787422	1.294731
41448	-91.82641	-358.0508	266.2244	1.921175	1.294731
41454	-90.68787	-356.8707	266.1828	1.691871	1.505626
41460	-126.5794	-391.6463	265.0669	1.777528	2.21345
41466	-114.2637	-379.0351	264.7714	2.073014	2.21345
41472	-114.7584	-379.8234	265.065	1.458976	2.417815
41478	-100.0954	-365.7584	265.663	1.529731	1.984733
41484	-106.0009	-369.9173	263.9163	1.564346	3.056694
41490	-107.7668	-373.3823	265.6156	1.901818	1.763263
41496	-101.787	-368.4791	266.6921	1.693073	1.087919
41502	-95.60496	-362.0001	266.3951	1.990037	1.087919
41508	-96.02694	-362.636	266.609	1.734204	1.126161
41514	-97.23991	-362.8142	265.5743	2.129927	1.630827
41520	-103.9623	-369.7426	265.7804	1.989187	1.583363
41526	-103.9349	-370.6352	266.7003	1.834749	0.9398238
41532	-106.3557	-372.7398	266.3841	1.911371	1.168503
41538	-114.2291	-379.3046	265.0755	1.483235	2.395857
41544	-106.4038	-371.9744	265.5705	1.638102	1.974124
41550	-107.128	-372.9503	265.8223	1.759174	1.718322
41556	-111.5019	-377.015	265.5131	1.851694	1.86858
41562	-99.30446	-364.252	264.9475	1.627112	2.385814
41568	-113.1826	-377.9041	264.7215	1.774843	2.43523
41574	-115.4673	-379.0265	263.5592	1.638404	3.225052
41580	-112.559	-378.5897	266.0307	1.950716	1.42464
41586	-106.989	-373.1581	266.1691	1.477704	1.671937
41592	-101.5896	-367.0707	265.4811	1.343633	2.22614
41598	-101.5643	-365.3609	263.7966	1.359314	3.249717
41604	-102.142	-367.0765	264.9346	1.688326	2.355256
41610	-100.957	-366.9897	266.0326	1.668008	1.633376
41616	-85.73679	-351.7755	266.0387	1.532345	1.725641
41622	-95.16291	-359.9884	264.8255	1.682573	2.427823
41628	-100.3818	-365.7685	265.3867	2.079782	1.798624
41634	-103.7731	-369.5788	265.8057	1.919106	1.615949
41640	-103.1603	-368.4269	265.2666	1.635929	2.175809
41646	-98.85994	-363.9717	265.1118	1.525703	2.345992
41652	-109.4844	-374.6843	265.1999	1.277749	2.44697
41658	-113.4116	-377.8349	264.4233	1.524352	2.774864
41664	-108.1529	-374.238	266.0851	2.553261	0.8199337
41670	-107.2419	-372.3411	265.0992	1.654753	2.271646
41676	-108.0874	-373.4425	265.3552	1.669864	2.095841
41682	-117.3749	-382.707	265.3321	1.885231	1.968299
41688	-112.0359	-378.0226	265.9867	1.940931	1.465758
41694	-105.3929	-370.6814	265.2884	1.869262	2.008133
41700	-106.2782	-371.944	265.6657	2.044957	1.626149
41706	-87.86269	-352.9469	265.0842	1.688914	2.259374
41712	-94.37384	-357.831	263.4571	1.466726	3.386316
41718	-98.54241	-361.7611	263.2187	1.325426	3.607858
41724	-117.3294	-383.7203	266.3909	2.388331	0.4547671
41730	-107.894	-374.4139	266.5199	2.259143	0.5492944
41736	-112.5364	-378.8233	266.2869	2.485969	0.4303945
41742	-121.329	-387.6785	266.3495	2.432734	0.5265373
41748	-123.4088	-389.7805	266.3717	2.381365	0.3864395
41754	-111.0336	-374.4471	263.4135	0.7540114	3.825452
41760	-107.6378	-372.0578	264.4199	1.326846	2.896783
41766	-96.33399	-360.0715	263.7375	1.196859	3.380171
41772	-102.2593	-367.8447	265.5853	1.719136	1.909582
41778	-97.93721	-363.7806	265.8434	1.749338	1.710384
41784	-93.03775	-359.6386	266.6008	1.640256	1.215366
41790	-104.6359	-371.094	266.4581	1.909269	1.104287
41796	-104.1826	-370.6061	266.4235	2.103873	0.9480091
41802	-105.4215	-371.8143	266.3928	2.09372	0.9901622
41808	-111.023	-377.2696	266.2467	2.38081	0.8336943
41814	-115.7392	-382.2103	266.4711	2.035199	0.970012
41820	-107.2951	-373.7779	266.4828	1.928854	1.063147
41826	-107.447	-373.3445	265.8976	2.041101	1.457341
41832	-112.1489	-378.4894	266.3405	2.136193	1.000086
41838	-115.9071	-382.3377	266.4306	2.289402	0.7001091
41844	-119.488	-385.2799	265.7919	2.863792	0.2878262
41850	-106.8526	-373.2377	266.3852	2.311537	0.7383625
41856	-107.0511	-373.315	266.2639	2.43478	0.7352109
41862	-107.6401	-373.1177	265.4776	2.928493	0.1811802
41868	-105.5633	-370.7382	265.1748	3.125922	0.154627
41874	-97.43677	-363.3549	265.9181	1.626923	1.743902
41880	-113.6117	-378.477	264.8653	3.293837	0.126992
41886	-117.5185	-382.2932	264.7747	3.227679	0.1036029
41892	-112.5676	-377.2638	264.6962	3.306105	0.1036029
41898	-119.8627	-384.655	264.7923	3.307023	0.1173308
41904	-115.3353	-380.8498	265.5145	1.745361	1.939703
41910	-108.8588	-373.8122	264.9534	1.613931	2.390432
41916	-104.862	-371.0832	266.2212	1.890851	1.321866
41922	-102.9108	-367.0578	264.147	1.693304	2.840131
41928	-111.8324	-375.808	263.9757	1.43351	3.099391
41934	-105.2728	-368.4644	263.1916	1.378586	3.592732
41940	-117.7552	-382.9412	265.186	3.049299	0.1409135
41946	-117.3699	-381.1737	263.8038	3.80289	0.06450441
41952	-100.0013	-365.6102	265.6089	1.469114	2.060956
41958	-100.1559	-365.8355	265.6796	1.476407	2.009274
41964	-109.193	-374.2358	265.0427	1.623923	2.327442
41970	-108.791	-373.6421	264.8512	1.411368	2.581242
41976	-104.3047	-369.7292	265.4245	1.421742	2.212267
41982	-100.3005	-365.0624	264.7619	1.397072	2.645253
41988	-104.8692	-370.4213	265.5521	1.198148	2.274001
41994	-94.56032	-356.3911	261.8308	0.9681257	4.602184
42000	-99.80565	-364.3909	264.5852	1.485981	2.699262
42006	-88.25371	-352.4649	264.2112	1.245532	3.070996
42012	-104.7424	-367.7998	263.0574	1.280346	3.727363
42018	-100.2704	-364.9676	264.6972	1.170838	2.823291
42024	-104.3868	-368.1573	263.7704	1.550963	3.151627
42030	-106.2087	-371.4595	265.2508	1.70442	2.14153
42036	-109.7762	-373.4826	263.7064	1.497816	3.221128
42042	-117.3451	-382.8839	265.5389	3.02992	0.2396082
42048	-101.6648	-366.9552	265.2904	3.070525	0.1690184
42054	-102.7701	-366.5819	263.8118	1.365798	3.236892
42060	-98.7588	-364.5648	265.806	1.790617	1.707604
42066	-109.1277	-375.6213	266.4936	1.980352	1.002826
42072	-98.39608	-364.6073	266.2112	1.673746	1.497914
42078	-110.5598	-375.9307	265.3709	1.639626	2.105318
42084	-108.6238	-373.6175	264.9937	1.428214	2.481963
42090	-122.8632	-387.6731	264.8099	3.344568	0.1262023
42096	-113.6776	-378.2716	264.594	3.40387	0.1030223
42102	-120.2552	-386.4924	266.2372	2.519615	0.3930174
42108	-116.988	-383.582	266.5941	1.923103	0.9587131
42114	-110.5453	-376.6988	266.1535	1.914809	1.356751
42120	-108.5969	-374.2651	265.6683	1.922297	1.711895
42126	-110.4436	-376.2547	265.8111	1.810124	1.690194
42132	-109.8848	-375.493	265.6082	1.780697	1.852094
42138	-119.3857	-383.4735	264.0878	1.720006	2.859859
42144	-126.0302	-390.1996	264.1694	1.638415	2.859859
42150	-119.192	-384.0592	264.8672	1.582951	2.464238
42156	-109.0044	-373.2008	264.1964	1.671908	2.823143
42162	-110.2672	-374.8742	264.6069	1.825804	2.475147
42168	-108.9058	-374.6712	265.7655	1.651471	1.832822
42174	-112.3654	-377.2083	264.8429	1.671039	2.424127
42180	-115.7379	-380.5679	264.83	3.330431	0.1272146
42186	-119.1106	-383.5328	264.4222	3.452293	0.08844296
42192	-116.6876	-381.497	264.8095	3.312266	0.120833
42198	-110.3829	-375.0344	264.6515	3.377937	0.1072213
42204	-116.7876	-381.4171	264.6295	3.399907	0.1072213
42210	-127.3365	-392.0037	264.6672	3.362257	0.1072213
42216	-124.3242	-389.3111	264.9869	3.248539	0.1409342
42222	-121.4693	-385.2213	263.7519	0.9994268	3.487243
42228	-116.9287	-380.3377	263.409	1.595736	3.338794
42234	-120.6167	-384.3274	263.7107	1.298303	3.336314
42240	-114.669	-378.7026	264.0336	1.450932	3.054379
42246	-107.7522	-372.6718	264.9196	1.629943	2.401687
42252	-127.0261	-392.0438	265.0177	3.212928	0.1400033
42258	-120.8386	-385.6916	264.8531	3.275867	0.1219912
42264	-112.0497	-377.1206	265.0709	1.932489	2.110022
42270	-110.3987	-376.6281	266.2294	1.932489	1.281402
42276	-108.8432	-373.67	264.8268	2.069325	2.179972
42282	-106.4763	-370.5068	264.0306	1.703308	2.904569
42288	-108.9149	-372.6283	263.7134	2.022956	2.90306
42294	-120.3769	-384.7584	264.3815	2.156888	2.408737
42300	-114.1693	-378.5834	264.4141	2.124304	2.408737
42306	-104.4434	-368.9957	264.5523	2.111135	2.329485
42312	-106.9814	-370.7927	263.8112	1.900292	2.918079
42318	-116.6767	-380.6734	263.9967	2.166791	2.642518
42324	-122.423	-388.0244	265.6014	1.982801	1.716358
42330	-126.9177	-393.299	266.3813	2.402112	0.5105748
42336	-117.7266	-383.8815	266.1549	2.614567	0.4204753
42342	-120.5931	-386.6667	266.0736	2.665097	0.3647606
42348	-122.5557	-388.8302	266.2745	2.47591	0.381977
42354	-120.6761	-386.6257	265.9496	2.709827	0.2903717
42360	-125.9724	-391.8633	265.8908	2.617509	0.9678676
42366	-130.7453	-396.933	266.1877	2.202122	1.083579
42372	-109.5511	-375.6725	266.1214	2.650222	0.4265439
42378	-107.2376	-373.3704	266.1328	2.633859	0.4134953
42384	-110.8173	-376.7727	265.9554	2.725014	0.305884
42390	-107.4933	-373.5163	266.023	2.677382	0.3227415
42396	-107.5949	-373.5226	265.9277	2.77528	0.3251794
42402	-104.2656	-370.1939	265.9283	2.77528	0.3256916
42408	-99.14897	-365.1792	266.0302	2.691153	0.3437427
42414	-112.4125	-378.3099	265.8974	2.829976	0.3505351
42420	-113.1517	-379.1642	266.0125	2.72373	0.3614279
42426	-109.9437	-375.7492	265.8055	2.865746	0.2988948
42432	-113.4445	-379.1974	265.7528	2.875447	0.2705199
42438	-125.9086	-391.4142	265.5057	2.951886	0.1967897
42444	-117.7062	-382.539	264.8328	3.404703	0.1413408
42450	-109.4433	-374.6124	265.1691	3.156619	0.1603554
42456	-119.3733	-384.3994	265.0261	3.325195	0.1665796
42462	-120.3678	-385.4485	265.0808	3.217728	0.1541279
42468	-113.0318	-378.3271	265.2953	3.124895	0.1852558
42474	-105.7911	-371.0312	265.2402	3.221283	0.1980631
42480	-105.2171	-370.4963	265.2792	3.127873	0.1814596
42486	-106.1206	-371.8475	265.7269	2.90792	0.2744069
42492	-105.0584	-370.7337	265.6753	2.90792	0.2464325
42498	-109.5011	-375.0652	265.564	2.959397	0.2203125
42504	-103.065	-368.5854	265.5204	2.915126	0.1898522
42510	-97.43679	-362.8541	265.4173	2.973632	0.1769499
42516	-104.1157	-369.5429	265.4272	3.073171	0.2115508
42522	-128.4369	-393.4489	265.012	1.820545	2.221101
42528	-119.4405	-384.9372	265.4967	1.922758	1.831085
42534	-124.8438	-391.1248	266.2811	2.502208	0.4871303
42540	-128.5577	-394.458	265.9004	2.293009	1.25541
42546	-121.1628	-387.1382	265.9754	2.44223	1.057541
42552	-115.6557	-381.5002	265.8445	2.805364	0.283921
42558	-108.5283	-374.4065	265.8782	2.771648	0.283921
42564	-104.3544	-369.7986	265.4442	3.078316	0.2199452
42570	-96.77169	-362.1445	265.3728	3.149707	0.2199452
42576	-105.6913	-371.0983	265.407	3.115476	0.2199452
42582	-103.8709	-369.4615	265.5906	2.993985	0.2471039
42588	-110.1347	-375.3853	265.2506	3.203495	0.1956732
42594	-129.0837	-394.8997	265.816	2.46166	1.183989
42600	-119.3759	-384.6015	265.2255	2.489183	1.623217
42606	-123.5925	-388.7394	265.1468	2.806831	1.445911
42612	-114.4162	-379.6357	265.2194	3.265738	0.2061117
42618	-118.5855	-383.0707	264.4851	3.571516	0.111019
42624	-111.5085	-376.6565	265.148	2.230414	1.859256
42630	-89.81308	-354.82	265.0069	3.28768	0.1532552
42636	-103.0214	-368.2019	265.1805	3.114109	0.1532552
42642	-106.5289	-371.6026	265.0737	3.275838	0.1661298
42648	-111.1287	-376.0367	264.908	3.380075	0.1518212
42654	-122.7992	-387.3767	264.5775	1.830947	2.490383
42660	-107.0758	-372.6701	265.5942	2.961674	0.2338196
42666	-113.4738	-379.1307	265.6569	2.939085	0.2527897
42672	-104.2732	-370.1075	265.8343	2.855068	0.3131614
42678	-99.24153	-365.2509	266.0094	2.731486	0.3677557
42684	-102.2853	-368.337	266.0517	2.680556	0.3564204
42690	-100.207	-366.2575	266.0505	2.681741	0.3564204
42696	-91.49154	-357.5668	266.0753	2.66449	0.3661669
42702	-96.57064	-362.6388	266.0682	2.654481	0.3451411
42708	-98.85371	-365.0202	266.1665	2.572172	0.3646787
42714	-103.9934	-369.9426	265.9492	2.719764	0.2971974
42720	-121.8585	-388.2436	266.3851	1.923699	1.156809
42726	-110.2212	-376.373	266.1518	2.020829	1.272601
42732	-103.9116	-369.9024	265.9908	2.743201	0.3585814
42738	-108.566	-374.5456	265.9796	2.744473	0.346748
42744	-115.5019	-381.687	266.1851	1.80364	1.418929
42750	-118.6612	-384.9316	266.2704	1.972672	1.213641
42756	-111.6754	-378.2846	266.6092	1.733816	1.126321
42762	-100.3978	-366.7258	266.3279	1.790252	1.316943
42768	-110.0947	-376.2969	266.2022	2.03583	1.21791
42774	-117.5284	-383.8363	266.308	2.45161	0.3982843
42780	-113.3805	-379.4297	266.0492	2.68599	0.3600774
42786	-111.3681	-377.2962	265.9281	2.779377	0.3294149
42792	-115.0856	-381.6996	266.614	2.13442	0.6445372
42798	-114.9461	-381.0547	266.1085	1.870291	1.426606
42804	-118.1915	-384.4581	266.2667	1.517375	1.572777
42810	-112.8429	-378.8038	265.9609	1.596594	1.735193
42816	-115.8332	-380.965	265.1318	1.632766	2.264862
42822	-108.507	-371.3684	262.8614	1.06302	3.964923
42828	-107.4781	-371.1197	263.6417	1.271124	3.392811
42834	-131.59	-398.0121	266.4221	2.360706	0.5207321
42840	-114.8324	-379.9971	265.1647	1.405335	2.388721
42846	-115.2769	-380.8112	265.5344	1.405536	2.151496
42852	-120.513	-386.0748	265.5617	1.415927	2.126865
42858	-107.189	-372.5944	265.4054	1.522884	2.15906
42864	-108.0486	-373.995	265.9464	1.707971	1.666597
42870	-109.7378	-375.2674	265.5297	1.51064	2.085803
42876	-98.45155	-363.7058	265.2542	1.351884	2.365898
42882	-95.63094	-361.0643	265.4333	1.413085	2.212159
42888	-99.18581	-364.6635	265.4777	1.242097	2.293514
42894	-99.97795	-365.2194	265.2415	1.331527	2.386863
42900	-98.14388	-363.9425	265.7986	1.279909	2.060621
42906	-94.4945	-360.1747	265.6802	1.261342	2.150447
42912	-103.9662	-369.2688	265.3025	1.571301	2.19441
42918	-102.7416	-369.3413	266.5997	2.05787	0.7946345
42924	-98.45208	-364.8914	266.4393	2.111826	0.9224717
42930	-97.50431	-364.0189	266.5146	2.211782	0.6887971
42936	-103.1815	-369.7711	266.5896	2.114677	0.7263882
42942	-107.2335	-373.7539	266.5204	2.183852	0.7263882
42948	-120.3811	-386.9605	266.5794	2.139236	0.702449
42954	-130.0332	-393.7486	263.7153	1.551613	3.183961
42960	-118.4964	-385.059	266.5626	2.124173	0.753402
42966	-113.9223	-380.5345	266.6123	2.0515	0.7862152
42972	-113.2705	-379.7712	266.5007	2.19902	0.7336814
42978	-118.0432	-384.6382	266.5949	2.104758	0.7336814
42984	-110.3519	-376.666	266.3141	2.4692	0.4878622
42990	-105.5186	-371.981	266.4624	2.321158	0.4990225
42996	-101.162	-367.6891	266.527	2.226078	0.6338292
43002	-112.3556	-378.9167	266.5611	2.158257	0.7012104
43008	-108.6508	-375.2661	266.6152	2.104162	0.7012104
43014	-111.2112	-376.2381	265.0269	1.709428	2.282957
43020	-101.8718	-366.3956	264.5238	1.58984	2.67321
43026	-100.1635	-365.8418	265.6782	1.483732	2.005295
43032	-102.0889	-365.5607	263.4718	1.842394	3.155918
43038	-104.7255	-369.8025	265.077	1.931654	2.106568
43044	-118.3208	-382.0911	263.7703	1.959274	2.907173
43050	-106.2387	-371.3149	265.0763	1.970856	2.081316
43056	-117.2189	-382.2761	265.0572	1.943535	2.111763
43062	-122.7442	-389.0024	266.2582	2.518512	0.5611556
43068	-122.5744	-388.7007	266.1264	2.653213	0.4564786
43074	-113.9369	-379.9544	266.0176	2.693351	0.3327864
43080	-107.0391	-372.8255	265.7864	2.815352	0.2558001
43086	-110.0316	-375.6454	265.6138	2.88272	0.2101474
43092	-104.6024	-370.3832	265.7808	2.88272	0.2932541
43098	-103.8473	-369.363	265.5158	3.04122	0.2342947
43104	-129.9616	-396.0824	266.1209	2.646963	0.4163665
43110	-123.1149	-389.4133	266.2984	2.484622	0.4839197
43116	-124.1635	-390.4601	266.2966	2.486497	0.4839197
43122	-122.3023	-387.8306	265.5283	2.888164	0.1841538
43128	-129.3128	-394.7355	265.4227	2.993775	0.1841538
43134	-128.6579	-394.9395	266.2816	2.501854	0.5085934
43140	-120.7639	-387.164	266.4001	2.375433	0.5662211
43146	-121.4213	-387.8281	266.4067	2.375433	0.5274009
43152	-127.2284	-393.3166	266.0881	2.681947	0.4221982
43158	-129.4494	-395.4207	265.9713	2.674203	0.2810952
43164	-128.9685	-394.3719	265.4035	3.061536	0.1992357
43170	-133.3782	-398.2338	264.8556	3.44433	0.1544357
43176	-133.0589	-397.8314	264.7724	3.411655	0.1313358
43182	-140.2176	-405.455	265.2374	3.229335	0.1998172
43188	-128.9367	-394.1683	265.2315	3.229335	0.1978732
43194	-121.1541	-386.2018	265.0477	3.279078	0.1606266
43200	-114.1628	-379.8162	265.6534	2.908856	0.2366236
43206	-118.8779	-384.4759	265.598	2.953663	0.2319711
43212	-108.674	-373.8468	265.1728	3.22564	0.1790225
43218	-111.1526	-376.327	265.1745	3.207955	0.1746342
43224	-118.2152	-383.2267	265.0115	3.353974	0.1701807
43230	-122.3286	-388.0088	265.6803	2.839851	0.2190192
43236	-125.3516	-390.9839	265.6323	2.968193	0.2551118
43242	-118.4296	-383.5254	265.0958	3.228409	0.160018
43248	-115.4738	-380.3073	264.8335	3.345979	0.1305165
43254	-119.5153	-385.4483	265.9329	2.803643	0.3619064
43260	-138.2009	-404.0934	265.8925	2.773715	0.2951841
43266	-124.0292	-390.2061	266.1769	2.585002	0.4029886
43272	-113.5219	-379.4981	265.9763	2.751958	0.351528
43278	-111.78	-377.91	266.1299	2.620593	0.3822091
43284	-116.6103	-382.7402	266.1299	2.620593	0.3822091
43290	-115.1558	-380.4746	265.3187	3.196359	0.217083
43296	-113.2988	-378.3544	265.0556	3.274968	0.1615195
43302	-125.5769	-391.6233	266.0463	2.688896	0.3601817
43308	-120.5856	-386.632	266.0463	2.688896	0.3601817
43314	-126.5253	-391.5412	265.0158	3.260461	0.1492921
43320	-128.6046	-393.4953	264.8907	3.407683	0.1540885
43326	-124.7476	-389.5512	264.8036	3.450004	0.1445653
43332	-114.9173	-379.8386	264.9213	3.332246	0.1445653
43338	-118.9412	-384.2324	265.2911	3.17158	0.1984787
43344	-126.8093	-392.0433	265.234	3.138903	0.1721073
43350	-122.2468	-387.4585	265.2118	3.242729	0.195807
43356	-107.6522	-373.4939	265.8417	2.764309	0.2580399
43362	-109.999	-375.6822	265.6832	2.933523	0.2638622
43368	-111.929	-377.466	265.537	2.995945	0.2241204
43374	-115.4683	-380.6606	265.1923	3.288842	0.2047123
43380	-119.857	-385.7813	265.9243	2.734675	0.2900663
43386	-128.6459	-394.7598	266.1139	2.623409	0.3628863
43392	-127.4465	-393.7372	266.2907	2.472784	0.4063423
43398	-121.0027	-387.4014	266.3987	2.383223	0.5294062
43404	-127.9505	-394.306	266.3555	2.415407	0.5839622
43410	-119.6988	-385.8928	266.194	2.030755	1.229149
43416	-119.2318	-385.7458	266.5139	1.650605	1.279233
43422	-114.3824	-380.8224	266.44	1.924567	1.106848
43428	-118.4686	-384.8302	266.3615	1.931896	1.170301
43434	-127.6585	-393.9371	266.2786	1.960507	1.217018
43440	-121.7145	-388.1307	266.4163	1.935738	1.118259
43446	-120.6847	-387.0809	266.3962	2.017051	1.06167
43452	-121.3964	-387.6542	266.2578	2.469619	0.6868505
43458	-120.5901	-386.8755	266.2854	2.493738	0.5486984
43464	-113.1982	-379.7942	266.596	2.17167	0.5945358
43470	-116.1258	-382.5154	266.3897	2.318668	0.719861
43476	-107.6813	-374.1618	266.4805	2.302441	0.4816046
43482	-98.27509	-364.6989	266.4238	2.359463	0.5125808
43488	-102.751	-369.3703	266.6193	2.048457	0.7807103
43494	-105.8297	-372.3468	266.5171	2.266021	0.516154
43500	-99.4736	-366.0542	266.5806	1.999011	0.8907124
43506	-101.3912	-367.7596	266.3684	2.413017	0.4677204
43512	-109.8239	-376.4743	266.6504	2.107926	0.6210281
43518	-107.5192	-373.9486	266.4294	2.283242	0.7127254
43524	-128.1864	-394.5086	266.3221	2.432528	0.6301271
43530	-113.8601	-380.3274	266.4673	2.161028	0.8326333
43536	-122.9094	-389.4654	266.556	2.026277	0.887679
43542	-117.7654	-384.1688	266.4033	2.192125	0.872364
43548	-118.6156	-385.0045	266.3889	2.279059	0.7803999
43554	-123.5966	-389.1993	265.6027	1.741177	1.882838
43560	-134.6189	-400.3577	265.7388	1.743911	1.787398
43566	-125.8022	-392.1504	266.3482	1.709528	1.365137
43572	-121.6018	-387.8963	266.2945	1.822885	1.317558
43578	-122.6167	-389.0434	266.4268	1.993428	1.055082
43584	-112.9471	-379.5376	266.5905	2.132903	0.6940235
43590	-124.9203	-391.1696	266.2493	2.520976	0.4228663
43596	-128.0438	-394.443	266.3991	2.367845	0.5968534
43602	-123.1784	-389.4229	266.2445	2.517367	0.4028647
43608	-110.9861	-377.0398	266.0536	2.635907	0.3133011
43614	-104.1411	-370.4234	266.2822	2.479418	0.4024277
43620	-124.5588	-390.4549	265.8961	2.783854	0.3055359
43626	-113.6747	-379.5514	265.8767	2.832989	0.3315712
43632	-109.9241	-376.0007	266.0766	2.679344	0.3914025
43638	-123.3598	-389.6637	266.304	2.479475	0.4913383
43644	-115.8097	-381.8794	266.0697	2.648488	0.3402778
43650	-114.13	-378.7148	264.5847	1.450579	2.721258
43656	-118.8128	-382.5382	263.7255	1.277318	3.339967
43662	-118.1328	-381.953	263.8202	1.362316	3.23397
43668	-112.3126	-375.5172	263.2046	1.212136	3.681666
43674	-120.8464	-383.1196	262.2732	1.232759	4.203332
43680	-135.0742	-401.5772	266.503	2.09555	0.8687628
43686	-135.7131	-402.0359	266.3229	2.235365	0.9146335
43692	-122.4231	-383.2952	260.8721	0.9698101	5.135517
43698	-124.5117	-385.4724	260.9607	1.165014	4.978019
43704	-125.3115	-391.6892	266.3777	2.093789	1.005257
43710	-121.82	-385.9818	264.1618	1.135812	3.165738
43716	-119.1258	-380.4321	261.3063	1.004835	4.874863
43722	-113.019	-375.9117	262.8927	1.188781	3.874914
43728	-120.8629	-384.0119	263.149	1.221489	3.70842
43734	-123.7046	-386.5822	262.8776	1.13467	3.914601
43740	-125.5705	-386.874	261.3035	1.532813	4.581174
43746	-118.1358	-383.5014	265.3657	1.57405	2.151622
43752	-121.6097	-388.1164	266.5067	1.681843	1.259416
43758	-122.9397	-389.2273	266.2876	1.729682	1.396868
43764	-123.6763	-389.4006	265.7242	2.103129	1.540872
43770	-133.1335	-399.3172	266.1836	1.728724	1.477292
43776	-123.2061	-386.8352	263.6291	1.451104	3.294354
43782	-130.2074	-392.3785	262.1711	1.410866	4.160189
43788	-130.4172	-393.3637	262.9464	1.084437	3.90392
43794	-121.2065	-387.0072	265.8006	1.924272	1.615842
43800	-118.0324	-384.3717	266.3393	1.684255	1.391935
43806	-125.7672	-392.32	266.5528	1.951012	0.9725617
43812	-115.7018	-382.1974	266.4956	2.028079	0.9518179
43818	-125.7301	-392.0044	266.2744	2.030733	1.160064
43824	-109.392	-375.3457	265.9537	1.746608	1.633621
43830	-113.7858	-379.5137	265.7279	1.754851	1.787355
43836	-115.0649	-380.6992	265.6343	1.685771	1.899003
43842	-107.5536	-373.4784	265.9248	1.746892	1.654195
43848	-105.7776	-370.821	265.0434	1.878441	2.163291
43854	-108.188	-373.9683	265.7803	1.6574	1.818538
43860	-114.9414	-380.4899	265.5485	1.889164	1.818538
43866	-111.5951	-378.1822	266.5871	1.610218	1.252136
43872	-105.8522	-372.1882	266.3359	1.968986	1.160202
43878	-105.0888	-371.3144	266.2256	1.893263	1.316408
43884	-107.8283	-374.4936	266.6653	2.017106	0.7598516
43890	-102.7512	-369.4404	266.6893	2.040635	0.682169
43896	-111.6915	-378.1448	266.4534	1.752099	1.245335
43902	-105.5063	-371.7435	266.2372	1.63464	1.507776
43908	-103.5067	-370.1189	266.6122	1.724565	1.131986
43914	-105.4252	-371.2277	265.8025	1.627087	1.824123
43920	-110.5295	-375.7956	265.2661	1.762045	2.093799
43926	-109.1279	-374.2394	265.1115	1.54524	2.333721
43932	-112.1678	-376.5729	264.4051	1.366325	2.881865
43938	-113.0634	-378.0895	265.0261	1.45776	2.443061
43944	-115.9444	-381.1898	265.2454	1.5893	2.219709
43950	-111.831	-377.211	265.38	1.80932	1.987054
43956	-108.7695	-374.4366	265.6671	1.750957	1.832073
43962	-111.4093	-377.8592	266.4498	2.249078	0.7349196
43968	-109.6032	-376.1058	266.5027	2.200331	0.7284882
43974	-127.5849	-393.9201	266.3351	2.43254	0.5946241
43980	-117.9578	-384.27	266.3122	2.455434	0.5946241
43986	-112.1726	-378.6639	266.4913	2.276338	0.5946241
43992	-115.6302	-381.907	266.2768	2.506178	0.4819791
43998	-120.4693	-386.9105	266.4412	2.324934	0.5992469
44004	-131.2323	-397.3255	266.0933	1.451568	1.74405
44010	-124.6814	-390.6028	265.9214	1.593234	1.765194
44016	-113.552	-379.8915	266.3396	1.619042	1.442135
44022	-118.4218	-384.8101	266.3882	2.390476	0.5509992
44028	-123.6237	-389.7079	266.0842	2.663564	0.377865
44034	-116.507	-382.9094	266.4024	1.95848	1.11022
44040	-113.7419	-379.9687	266.2268	1.890261	1.317874
44046	-111.5019	-377.8823	266.3804	1.726001	1.3264
44052	-114.8212	-381.0916	266.2704	1.91012	1.266059
44058	-107.3123	-373.917	266.6048	2.003409	0.8573049
44064	-108.6687	-375.1267	266.458	2.135983	0.8741007
44070	-119.228	-383.705	264.477	1.484343	2.766499
44076	-118.0235	-382.7355	264.712	1.496084	2.614955
44082	-117.2592	-383.4536	266.1943	2.589118	0.4916822
44088	-126.2551	-392.4469	266.1918	2.582734	0.4357401
44094	-138.2731	-403.978	265.705	1.441147	2.015835
44100	-119.9344	-386.1636	266.2292	2.483556	0.7124524
44106	-118.8612	-384.9599	266.0987	2.683831	0.4773844
44112	-117.2425	-383.2646	266.0221	2.728594	0.382478
44118	-108.7346	-374.8544	266.1198	2.60894	0.3521356
44124	-122.4656	-388.6701	266.2045	2.568081	0.42943
44130	-113.612	-379.8846	266.2726	2.506985	0.4565134
44136	-108.371	-374.5986	266.2276	2.536449	0.6055224
44142	-116.6335	-382.9376	266.3041	1.685864	1.417998
44148	-131.0277	-397.0819	266.0541	1.523591	1.72094
44154	-119.6913	-385.9458	266.2545	2.519396	0.4335309
44160	-112.1677	-378.2405	266.0729	2.670664	0.3714657
44166	-122.5906	-388.7194	266.1287	2.584933	0.3355647
44172	-117.1539	-383.4887	266.3348	2.434771	0.420872
44178	-106.2804	-372.5768	266.2964	2.484554	0.4645407
44184	-102.135	-368.4973	266.3623	2.415485	0.4481415
44190	-106.2967	-372.6103	266.3136	2.468098	0.4697635
44196	-112.7101	-379.1633	266.4532	2.327547	0.538593
44202	-115.6645	-382.1139	266.4494	2.312274	0.6121059
44208	-116.2398	-382.6523	266.4125	2.370873	0.5099677
44214	-114.7338	-381.0721	266.3383	2.44141	0.4572268
44220	-125.1191	-391.5687	266.4495	1.92597	1.096841
44226	-123.8216	-390.377	266.5554	1.878734	1.041772
44232	-122.7924	-389.1646	266.3722	2.335257	0.7212112
44238	-124.7831	-390.8866	266.1035	2.089982	1.255315
44244	-119.1689	-384.471	265.3021	1.750505	2.077701
44250	-115.4306	-381.6094	266.1789	2.5983	0.4453572
44256	-107.1458	-373.4948	266.349	2.420864	0.4217106
44262	-109.0688	-375.1524	266.0836	2.6535	0.3626493
44268	-108.1035	-374.4199	266.3164	2.466062	0.4761418
44274	-109.3979	-375.6333	266.2355	2.543588	0.4538563
44280	-108.6709	-374.4516	265.7807	2.76366	0.2288442
44286	-106.0387	-371.7502	265.7115	2.936271	0.2825568
44292	-110.4259	-376.1901	265.7641	2.873279	0.2760077
44298	-107.2981	-373.2194	265.9213	2.794875	0.338171
44304	-101.4212	-367.4408	266.0195	2.666188	0.3101407
44310	-107.0806	-373.005	265.9244	2.788295	0.3345508
44316	-110.9535	-376.9085	265.955	2.70915	0.293695
44322	-118.0712	-383.4481	265.377	3.128873	0.2135807
44328	-122.7168	-388.2879	265.571	2.976415	0.2301626
44334	-122.7885	-388.5478	265.7592	2.872515	0.2725749
44340	-128.6519	-395.2117	266.5598	2.003895	0.908653
44346	-131.442	-397.4109	265.9689	1.974182	1.453963
44352	-122.0659	-387.6656	265.5998	2.959437	0.2352752
44358	-114.5595	-379.6123	265.0528	3.223892	0.1493671
44364	-126.6518	-392.9617	266.3099	1.935733	1.211457
44370	-118.9636	-383.4458	264.4822	3.607184	0.1158187
44376	-112.5219	-376.6347	264.1128	3.709408	0.08304051
44382	-120.7306	-384.8434	264.1128	3.709408	0.08304051
44388	-116.5833	-381.0641	264.4808	3.622234	0.1179053
44394	-101.2502	-365.5193	264.2691	3.622234	0.09028009
44400	-122.5961	-388.1786	265.5825	1.923496	1.771211
44406	-126.8239	-392.6399	265.816	1.830393	1.672235
44412	-120.6586	-385.4357	264.7771	3.449261	0.1391797
44418	-114.2586	-379.3964	265.1378	3.210278	0.1657656
44424	-114.4334	-379.6903	265.2568	3.209883	0.1997953
44430	-115.8011	-380.8414	265.0403	3.300655	0.1640196
44436	-114.2962	-379.3421	265.0459	3.294579	0.1639142
44442	-109.1895	-374.2546	265.0651	3.277536	0.1644469
44448	-114.7733	-380.2916	265.5183	2.963145	0.2048005
44454	-108.0397	-374.018	265.9784	2.704666	0.3079525
44460	-101.9347	-368.0868	266.1522	2.593927	0.3753178
44466	-109.9215	-375.7316	265.8101	2.821157	0.2722696
44472	-111.5227	-378.0533	266.5306	2.113695	0.8122506
44478	-110.2101	-376.7339	266.5238	2.127319	0.8033082
44484	-141.1054	-407.304	266.1986	2.408536	0.8585525
44490	-105.2431	-371.7769	266.5338	2.061995	0.8720147
44496	-108.2246	-374.8911	266.6665	1.933753	0.8667634
44502	-106.3625	-372.914	266.5515	2.091789	0.8135344
44508	-104.3433	-370.9059	266.5625	2.143694	0.7232502
44514	-108.6172	-375.1231	266.5059	2.220562	0.6886557
44520	-106.5012	-373.0164	266.5152	1.873748	1.08443
44526	-104.9307	-371.7115	266.7808	1.785565	0.9056719
44532	-117.8435	-383.8712	266.0277	2.695643	0.3459384
44538	-110.788	-377.0731	266.2851	2.492721	0.4482304
44544	-105.1376	-371.7114	266.5739	2.064652	0.8196839
44550	-98.95914	-365.3506	266.3915	2.387187	0.4518785
44556	-108.4853	-374.6352	266.1499	2.57231	0.3446552
44562	-100.017	-366.1508	266.1338	2.630734	0.4086022
44568	-108.8586	-374.7217	265.8631	2.724665	0.2486811
44574	-115.6667	-382.2169	266.5502	2.159225	0.7181101
44580	-110.1706	-376.8798	266.7092	2.047589	0.6247769
44586	-116.5158	-382.9483	266.4325	1.740524	1.272271
44592	-114.7251	-381.201	266.4759	1.863725	1.129368
44598	-115.7624	-382.2144	266.4519	1.807109	1.200014
44604	-108.1596	-374.7657	266.6061	1.936147	0.9320577
44610	-112.7229	-379.2009	266.478	2.035373	0.96265
44616	-112.6237	-379.2281	266.6044	1.908991	0.96265
44622	-125.8274	-392.3515	266.5242	1.864034	1.08509
44628	-117.56	-383.6643	266.1043	1.597094	1.632815
44634	-118.0119	-383.8831	265.8712	1.383218	1.943369
44640	-123.4771	-388.7224	265.2452	1.27995	2.417052
44646	-126.5157	-391.6787	265.1629	1.362264	2.417052
44652	-109.8763	-375.7111	265.8348	1.355452	1.986416
44658	-106.128	-371.8569	265.7289	1.461315	1.986416
44664	-104.9178	-370.5151	265.5973	1.343619	2.150826
44670	-111.7522	-377.3441	265.592	1.678741	1.932408
44676	-116.7068	-383.0912	266.3845	1.681281	1.358788
44682	-131.0843	-397.3534	266.2691	1.586065	1.520222
44688	-138.7136	-405.2555	266.5418	1.677709	1.233572
44694	-122.1261	-388.5101	266.384	1.76779	1.28969
44700	-116.9626	-383.3065	266.344	1.797193	1.298345
44706	-116.7185	-383.4736	266.7551	1.848171	0.8631972
44712	-121.7142	-386.4004	264.6862	1.58736	2.574423
44718	-119.0349	-385.0008	265.9659	1.401336	1.866922
44724	-123.079	-388.4461	265.3671	1.315638	2.317184
44730	-120.1153	-386.4409	266.3256	1.393178	1.620249
44736	-120.9756	-383.846	262.8704	1.062111	3.960276
44742	-128.3556	-392.7184	264.3628	1.005718	3.123616
44748	-120.9103	-385.6244	264.7141	1.084193	2.865617
44754	-119.3298	-385.5884	266.2586	1.428907	1.642802
44760	-119.5642	-385.9401	266.3759	1.541186	1.4737
44766	-117.8771	-384.3389	266.4618	1.376463	1.53278
44772	-125.813	-391.7596	265.9467	1.948028	1.490632
44778	-109.4833	-376.0036	266.5203	1.879979	1.073887
44784	-112.7929	-379.2434	266.4505	1.787887	1.217623
44790	-107.0501	-373.6291	266.579	1.809854	1.084493
44796	-100.7339	-367.2883	266.5544	1.839488	1.079868
44802	-107.5353	-374.3392	266.8038	1.716045	0.955881
44808	-124.8395	-391.5515	266.7121	1.807766	0.955881
44814	-119.7312	-386.3556	266.6244	2.101018	0.6904016
44820	-118.9787	-385.7506	266.7719	1.604398	1.096104
44826	-109.6988	-376.1602	266.4613	1.873296	1.133897
44832	-115.8672	-382.4818	266.6146	2.116013	0.6808944
44838	-102.102	-368.7111	266.6091	2.069792	0.76499
44844	-95.72007	-362.426	266.7059	1.972937	0.76499
44850	-96.0525	-362.7115	266.659	1.883854	0.9314682
44856	-104.8399	-371.2075	266.3677	1.600821	1.434565
44862	-106.3422	-372.8225	266.4804	1.406232	1.496691
44868	-112.0675	-377.9531	265.8856	1.559213	1.813648
44874	-114.8859	-380.6612	265.7753	1.505546	1.925535
44880	-116.3633	-382.5987	266.2354	1.770285	1.405815
44886	-117.8824	-383.4689	265.5865	1.551521	2.021218
44892	-112.2573	-377.9029	265.6456	1.603966	1.946634
44898	-118.7292	-385.4939	266.7648	1.781447	0.9278089
44904	-119.5561	-386.0126	266.4565	1.610946	1.357454
44910	-132.059	-398.7395	266.6805	1.856446	0.9377399
44916	-127.7448	-394.1997	266.455	1.822427	1.184217
44922	-116.9928	-382.9473	265.9546	1.526859	1.788298
44928	-125.0401	-390.6922	265.6521	1.417813	2.066262
44934	-112.3231	-378.4299	266.1068	1.470806	1.721033
44940	-92.51218	-359.0812	266.5691	1.807389	1.095974
44946	-106.5538	-373.1153	266.5615	1.8595	1.054307
44952	-104.2033	-370.9128	266.7095	1.907646	0.8464767
44958	-108.8499	-375.5774	266.7275	1.934352	0.788867
44964	-117.9051	-384.1558	266.2507	1.767735	1.395934
44970	-103.4666	-369.9763	266.5097	1.913747	1.051978
44976	-110.8908	-377.2586	266.3678	2.143113	0.9652256
44982	-104.465	-370.9755	266.5105	2.271461	0.5295542
44988	-109.9111	-376.3462	266.4351	2.000232	1.040642
44994	-100.5417	-366.429	265.8872	1.551566	1.817792
45000	-114.2096	-380.3547	266.145	1.587685	1.610189
45006	-109.6932	-374.9943	265.3011	1.440393	2.279619
45012	-109.5551	-374.6435	265.0884	1.172992	2.581944
45018	-120.2292	-384.1792	263.95	1.38449	3.143854
45024	-112.5851	-376.973	264.3879	1.165696	3.013044
45030	-111.9241	-377.5567	265.6326	1.379715	2.104178
45036	-105.3976	-371.6553	266.2577	1.560974	1.547279
45042	-113.55	-379.4435	265.8934	1.48309	1.860535
45048	-105.4395	-371.493	266.0535	1.495104	1.741419
45054	-123.8169	-390.0158	266.1989	1.904378	1.328891
45060	-102.5954	-366.2247	263.6293	1.342914	3.357915
45066	-110.9312	-374.5197	263.5885	1.0322	3.563388
45072	-120.2709	-384.9511	264.6801	1.110259	2.870418
45078	-124.6815	-389.5067	264.8252	1.14623	2.760328
45084	-118.4988	-383.475	264.9761	1.20211	2.633394
45090	-113.0739	-377.5489	264.4751	1.1783	2.953124
45096	-99.5917	-365.4656	265.8739	1.375666	1.946655
45102	-117.0982	-383.7064	266.6082	2.06832	0.7684252
45108	-104.1244	-370.5755	266.4511	2.330372	0.4680903
45114	-108.1391	-374.5921	266.4531	2.330372	0.5086008
45120	-115.7211	-378.5364	262.8153	1.118252	3.959693
45126	-128.7258	-391.4081	262.6823	1.257833	3.955889
45132	-106.9196	-373.3833	266.4637	2.283437	0.6474153
45138	-107.1378	-373.3222	266.1843	2.584182	0.4181035
45144	-110.5704	-376.7661	266.1957	2.574357	0.4221306
45150	-108.4154	-374.5669	266.1515	2.618559	0.4221306
45156	-106.0767	-372.2596	266.183	2.590416	0.4318925
45162	-113.6832	-380.0691	266.3859	2.397697	0.4955765
45168	-113.7163	-380.2395	266.5232	2.257791	0.5369079
45174	-124.3693	-390.0249	265.6556	1.363379	2.099809
45180	-120.8412	-386.0591	265.2179	1.501422	2.293828
45186	-110.6541	-376.1507	265.4966	1.572988	2.066493
45192	-125.6524	-391.217	265.5646	1.504982	2.066493
45198	-131.5087	-396.9448	265.4361	1.475246	2.170097
45204	-130.7928	-396.806	266.0132	1.709138	1.617715
45210	-117.6671	-384.1187	266.4516	2.331617	0.485519
45216	-120.2457	-386.652	266.4063	2.370502	0.5605553
45222	-109.2759	-375.589	266.3131	2.439854	0.6342432
45228	-99.82975	-366.1306	266.3009	2.439854	0.3675301
45234	-95.30042	-361.5201	266.2197	2.561051	0.4631673
45240	-101.4036	-367.7157	266.312	2.471588	0.4989149
45246	-98.28378	-364.4824	266.1986	2.541365	0.366516
45252	-95.52315	-361.8362	266.3131	2.443187	0.3919933
45258	-96.90291	-362.866	265.9631	2.754234	0.339397
45264	-97.91788	-363.8187	265.9008	2.731697	0.2730439
45270	-97.92396	-363.5533	265.6293	3.016637	0.28138
45276	-89.15466	-354.7902	265.6355	2.947113	0.2461649
45282	-97.91401	-363.9081	265.994	2.729889	0.3465734
45288	-97.05681	-363.3204	266.2635	2.495306	0.3968609
45294	-99.32088	-365.5731	266.2522	2.52668	0.4529062
45300	-105.0643	-371.3667	266.3025	2.480691	0.5151927
45306	-110.4274	-376.7683	266.341	2.441629	0.5223844
45312	-108.0379	-374.4347	266.3969	2.382489	0.4554681
45318	-109.6037	-376.0185	266.4148	2.368675	0.4912259
45324	-114.3883	-380.5106	266.1223	2.613868	0.3613844
45330	-102.3628	-368.5162	266.1534	2.613868	0.415061
45336	-111.0336	-377.3985	266.365	2.402327	0.415061
45342	-109.8983	-376.3321	266.4338	2.341369	0.5678401
45348	-104.332	-370.7806	266.4486	2.331922	0.5402833
45354	-109.7265	-376.1175	266.391	2.379375	0.5857877
45360	-111.6998	-377.895	266.1952	2.588199	0.4904018
45366	-118.9956	-385.2094	266.2138	2.547954	0.6119065
45372	-124.4009	-390.6752	266.2743	2.476084	0.6401683
45378	-127.7109	-394.0192	266.3083	2.47491	0.486348
45384	-107.8515	-374.235	266.3835	2.398941	0.5244271
45390	-118.3902	-384.7705	266.3804	2.398941	0.5478322
45396	-122.6427	-388.9174	266.2746	2.410238	0.7562168
45402	-110.1852	-376.4364	266.2512	2.532119	0.5116054
45408	-126.2039	-392.6553	266.4514	2.168106	0.8435753
45414	-117.8411	-384.2474	266.4063	2.246381	0.8012241
45420	-119.8449	-386.2998	266.4549	2.312999	0.5937599
45426	-112.152	-378.4025	266.2504	2.533068	0.4928869
45432	-121.9595	-388.1831	266.2236	2.552018	0.5659436
45438	-119.1492	-385.4421	266.2928	2.485042	0.5554696
45444	-111.1132	-377.2264	266.1132	2.037641	1.29044
45450	-108.4994	-374.5956	266.0963	1.882041	1.427013
45456	-107.3098	-373.0425	265.7327	1.716205	1.810814
45462	-103.2488	-369.1905	265.9417	1.558948	1.774936
45468	-102.5784	-368.3084	265.73	1.593505	1.896656
45474	-90.33713	-356.8479	266.5107	1.890817	1.072683
45480	-90.21283	-356.602	266.3891	2.009984	1.074959
45486	-95.29408	-361.3887	266.0946	1.719451	1.550669
45492	-96.7132	-362.1267	265.4135	1.416797	2.222558
45498	-99.01675	-363.8002	264.7834	1.263336	2.714238
45504	-112.336	-374.684	262.348	1.068767	4.253908
45510	-114.4222	-379.1557	264.7335	1.225274	2.768045
45516	-113.1128	-378.3849	265.2721	1.501813	2.258856
45522	-109.4797	-374.9233	265.4436	1.490085	2.155564
45528	-116.6477	-382.6259	265.9783	1.821622	1.561132
45534	-114.7023	-379.2614	264.5592	1.689196	2.590022
45540	-111.9035	-373.5327	261.6293	1.598541	4.360796
45546	-105.9498	-369.7934	263.8435	1.47818	3.151444
45552	-117.4075	-384.002	266.5945	2.156921	0.6378848
45558	-108.9458	-375.5721	266.6263	2.129873	0.6264166
45564	-104.298	-370.9828	266.6848	1.97226	0.7953238
45570	-105.0221	-371.8392	266.8171	1.747982	0.9070272
45576	-105.8707	-371.6713	265.8006	1.638412	1.817629
45582	-106.7832	-373.2145	266.4313	1.753427	1.262602
45588	-109.7211	-376.2168	266.4958	1.885971	1.091088
45594	-114.8347	-381.3163	266.4816	1.946087	1.047938
45600	-104.4978	-370.762	266.2642	1.639711	1.483711
45606	-105.9659	-372.1986	266.2327	1.58197	1.550221
45612	-107.8729	-373.831	265.9582	1.708911	1.657475
45618	-102.775	-369.0248	266.2498	1.722524	1.431596
45624	-111.9346	-377.7289	265.7944	1.675043	1.796616
45630	-100.4125	-366.5559	266.1434	1.675043	1.547483
45636	-118.1695	-384.104	265.9346	1.549194	1.786672
45642	-109.4616	-375.6044	266.1428	1.493348	1.679561
45648	-109.3757	-376.0085	266.6328	1.582038	1.237537
45654	-110.2384	-376.5046	266.2662	1.679447	1.452024
45660	-110.2149	-375.4747	265.2598	1.390126	2.338049
45666	-110.7451	-375.9572	265.2121	1.459824	2.324063
45672	-107.8326	-372.9192	265.0866	1.217651	2.555346
45678	-108.2381	-372.855	264.6169	1.283568	2.803595
45684	-109.9711	-374.713	264.742	1.317503	2.706458
45690	-115.5706	-379.894	264.3235	1.126944	3.074782
45696	-106.384	-370.8365	264.4524	1.175852	2.968205
45702	-104.6211	-367.4784	262.8573	1.286595	3.839029
45708	-100.9087	-365.5056	264.5969	1.253231	2.834174
45714	-101.39	-365.7688	264.3788	1.01226	3.110191
45720	-105.8233	-370.4246	264.6013	1.093611	2.928103
45726	-114.7964	-378.0604	263.264	1.161555	3.676588
45732	-110.6102	-376.2718	265.6616	1.346441	2.106995
45738	-103.5048	-368.5547	265.0499	1.201067	2.588399
45744	-101.5132	-366.7613	265.2481	1.492536	2.280167
45750	-105.4337	-370.8005	265.3668	1.373831	2.280167
45756	-110.2938	-375.7624	265.4686	1.160024	2.351629
45762	-115.0659	-381.0751	266.0092	1.525165	1.751406
45768	-108.0523	-374.08	266.0277	1.267717	1.915735
45774	-106.8808	-372.8157	265.9349	1.267717	1.97814
45780	-108.2838	-371.0512	262.7674	1.074758	4.011922
45786	-117.0477	-380.2592	263.2115	1.108482	3.737592
45792	-119.9888	-385.2473	265.2585	0.9911323	2.589207
45798	-104.7702	-369.4957	264.7256	0.9835888	2.919509
45804	-108.8659	-372.7461	263.8803	1.019605	3.400387
45810	-106.3867	-372.7588	266.3721	1.911418	1.178894
45816	-111.3379	-377.6446	266.3067	1.81297	1.315722
45822	-118.9502	-380.7086	261.7584	1.162288	4.533794
45828	-105.1753	-366.0503	260.875	0.8951536	5.17523
45834	-108.8062	-372.5462	263.74	0.8014013	3.609443
45840	-117.5247	-377.6744	260.1497	0.9000755	5.572406
45846	-107.1506	-371.5202	264.3696	1.176886	3.017309
45852	-113.7289	-375.9354	262.2066	1.116785	4.30678
45858	-105.7445	-370.4812	264.7367	1.324505	2.705394
45864	-108.5527	-371.226	262.6732	1.057308	4.075612
45870	-106.3663	-368.9218	262.5555	1.045972	4.149097
45876	-116.8747	-381.4446	264.5699	1.061769	2.966194
45882	-120.2875	-384.1529	263.8655	1.552038	3.09442
45888	-104.6544	-369.5547	264.9003	1.807987	2.300902
45894	-118.6209	-384.0194	265.3985	1.392785	2.247652
45900	-126.8118	-390.9818	264.1699	1.702504	2.820628
45906	-115.715	-380.5611	264.846	1.589414	2.473458
45912	-115.0491	-379.9525	264.9034	1.764614	2.326546
45918	-117.8455	-382.8006	264.9552	1.791143	2.276539
45924	-119.3869	-384.8574	265.4706	1.523965	2.11582
45930	-121.9341	-387.4293	265.4952	1.920675	1.833564
45936	-118.6473	-383.463	264.8156	2.002006	2.230707
45942	-111.1434	-376.1964	265.0531	1.863007	2.167012
45948	-118.125	-383.812	265.687	2.219432	1.481795
45954	-117.9302	-383.7401	265.8099	2.477701	1.175352
45960	-107.5368	-373.4696	265.9328	2.582589	0.9605843
45966	-123.9598	-390.1854	266.2255	2.535191	0.6147108
45972	-129.3215	-394.9271	265.6056	3.177919	0.5077096
45978	-120.0888	-386.3008	266.212	2.522553	0.6733819
45984	-114.0891	-380.2263	266.1372	2.291118	1.047371
45990	-103.4372	-369.6543	266.2171	1.838879	1.366503
45996	-99.76968	-365.4668	265.6971	1.659236	1.874304
46002	-97.11925	-361.3762	264.2569	1.582767	2.840529
46008	-107.0029	-372.4449	265.442	1.374669	2.231332
46014	-114.3781	-378.6113	264.2332	1.544974	2.877812
46020	-104.4227	-369.3463	264.9236	1.452948	2.510319
46026	-106.7194	-372.6623	265.9429	1.423375	1.867545
46032	-108.1554	-374.1013	265.9458	1.621881	1.727996
46038	-105.9236	-371.4521	265.5285	1.942149	1.795732
46044	-110.7349	-372.5844	261.8494	1.233715	4.442402
46050	-113.6314	-379.0536	265.4222	1.394207	2.23149
46056	-114.9517	-379.8642	264.9124	1.882514	2.245331
46062	-112.2047	-378.8033	266.5986	2.168928	0.595226
46068	-115.5929	-382.03	266.4371	2.330381	0.595226
46074	-112.8624	-379.3581	266.4957	2.281785	0.5572096
46080	-129.1886	-395.5251	266.3365	1.337341	1.652609
46086	-130.737	-393.769	263.032	1.151506	3.816273
46092	-115.8858	-382.3824	266.4967	2.278238	0.5688358
46098	-111.8109	-378.3076	266.4967	2.278238	0.5688358
46104	-97.08222	-363.4716	266.3894	2.384857	0.4348504
46110	-109.2824	-375.5006	266.2182	2.557434	0.439496
46116	-110.3617	-376.7452	266.3835	2.397387	0.5380178
46122	-114.1112	-376.1653	262.0542	1.012404	4.451742
46128	-112.8414	-377.2555	264.4141	1.673195	2.689369
46134	-115.2418	-381.5674	266.3256	2.449093	0.4361958
46140	-110.4608	-376.6643	266.2035	2.552444	0.3914553
46146	-120.3526	-386.5561	266.2035	2.552444	0.3914553
46152	-124.2798	-390.4715	266.1918	2.564186	0.3914553
46158	-119.6271	-385.9409	266.3137	2.466119	0.4580004
46164	-114.5399	-380.8207	266.2809	2.498975	0.4580004
46170	-117.2422	-383.8241	266.5819	2.201445	0.5120741
46176	-108.9177	-375.4659	266.5482	2.179218	0.6867363
46182	-129.2414	-395.632	266.3906	2.284281	0.770765
46188	-115.2666	-381.615	266.3483	2.091606	1.036159
46194	-118.6126	-385.1561	266.5436	1.923068	1.010072
46200	-113.9526	-380.1751	266.2225	1.672458	1.490396
46206	-118.6875	-385.1616	266.4741	1.742317	1.236171
46212	-114.9404	-381.2973	266.3569	1.742317	1.332193
46218	-114.1634	-380.3132	266.1498	1.605918	1.59348
46224	-119.8033	-385.8623	266.059	1.779194	1.532845
46230	-139.4753	-405.2173	265.742	2.937863	0.3054674
46236	-123.2339	-389.0879	265.8539	2.833412	0.3114477
46242	-133.283	-399.0235	265.7405	1.633317	1.862425
46248	-126.7777	-392.6862	265.9085	1.536198	1.813694
46254	-125.9011	-391.9023	266.0012	1.945642	1.451141
46260	-133.0103	-399.3161	266.3058	1.832431	1.300684
46266	-132.6407	-398.9827	266.3419	2.065519	1.067135
46272	-125.4156	-391.8912	266.4756	1.810102	1.177032
46278	-132.4693	-398.1914	265.7221	1.356438	2.060602
46284	-126.6551	-392.1707	265.5155	3.136836	0.285601
46290	-135.8006	-397.1977	261.3972	1.335997	4.639047
46296	-132.7584	-393.3109	260.5525	1.244919	5.160144
46302	-131.5115	-394.831	263.3195	1.255077	3.590179
46308	-127.4395	-391.5137	264.0741	1.42108	3.048005
46314	-135.5316	-400.9503	265.4187	1.460601	2.190854
46320	-133.0628	-398.0849	265.0221	1.460601	2.443793
46326	-127.2951	-391.9307	264.6356	1.61657	2.587638
46332	-125.2553	-390.457	265.2017	1.543936	2.276976
46338	-135.8072	-400.2654	264.4582	1.573025	2.723775
46344	-123.1325	-388.3783	265.2458	1.453007	2.306913
46350	-135.2663	-401.8658	266.5995	2.116285	0.7073496
46356	-119.1971	-385.6875	266.4903	2.171184	0.789356
46362	-121.3924	-387.8534	266.4611	2.119081	0.8900814
46368	-114.7207	-381.2745	266.5538	2.026321	0.8900814
46374	-119.1069	-385.5224	266.4154	1.935448	1.119275
46380	-125.4688	-391.8796	266.4109	1.994717	1.068873
46386	-130.4365	-396.9639	266.5274	1.913929	1.034835
46392	-139.5536	-405.7732	266.2197	1.874272	1.336384
46398	-136.1795	-402.3102	266.1307	2.128048	1.200236
46404	-140.8226	-407.1366	266.314	1.928758	1.213935
46410	-138.5949	-404.9306	266.3357	1.685519	1.393786
46416	-129.3887	-395.9745	266.5858	2.141105	0.6878478
46422	-127.5315	-394.0433	266.5118	2.11095	0.8396149
46428	-135.6737	-402.1186	266.4449	1.913687	1.112258
46434	-115.6404	-382.0865	266.4461	1.743081	1.258875
46440	-139.0096	-404.8416	265.8321	1.605591	1.818576
46446	-125.0962	-391.1434	266.0472	1.409955	1.805112
46452	-121.2382	-387.2896	266.0514	1.482114	1.752
46458	-128.4696	-395.1434	266.6738	1.845917	0.9560227
46464	-118.6102	-385.1462	266.5359	2.079351	0.8487008
46470	-123.72	-384.3731	260.6531	1.147701	5.158268
46476	-103.1993	-366.9623	263.763	0.9877587	3.487609
46482	-101.595	-363.1766	261.5816	0.7774335	4.848173
46488	-99.57369	-360.3145	260.7408	0.7567111	5.325917
46494	-110.3029	-370.1311	259.8282	0.8002313	5.803381
46500	-126.5911	-393.0761	266.485	2.24251	0.6867151
46506	-124.8311	-391.2715	266.4404	2.329096	0.5888707
46512	-112.7058	-379.1839	266.4781	2.296992	0.5681585
46518	-111.6677	-378.3823	266.7146	2.047752	0.610251
46524	-103.974	-370.3753	266.4013	2.361091	0.610251
46530	-104.6819	-370.9775	266.2956	2.477095	0.4298649
46536	-98.60629	-364.8401	266.2338	2.527643	0.4020534
46542	-97.77058	-363.9195	266.149	2.596522	0.3743667
46548	-95.88687	-361.9709	266.084	2.624633	0.3305501
46554	-108.4526	-374.9148	266.4622	2.313328	0.5663458
46560	-119.3392	-385.5716	266.2324	2.546978	0.5473324
46566	-128.7908	-395.0381	266.2473	2.527058	0.5712635
46572	-115.0475	-381.262	266.2145	2.56893	0.4920755
46578	-116.3769	-382.2481	265.8712	2.855906	0.3502244
46584	-115.2327	-381.9421	266.7094	1.670886	1.092464
46590	-108.9462	-375.1937	266.2475	1.500355	1.599164
46596	-119.5493	-385.4209	265.8716	1.484695	1.874342
46602	-113.0287	-378.9561	265.9274	2.799217	0.3496089
46608	-103.3679	-369.6925	266.3246	2.452509	0.4450887
46614	-121.0808	-387.1172	266.0364	2.730075	0.413102
46620	-128.657	-392.7672	264.1102	1.237481	3.136016
46626	-132.7638	-395.7938	263.03	1.014547	3.8961
46632	-103.9972	-369.5943	265.5971	1.577686	1.996708
46638	-100.862	-366.9569	266.095	1.432132	1.756488
46644	-110.1254	-373.9694	263.844	1.322157	3.243649
46650	-117.1628	-382.8799	265.7171	1.448592	2.002781
46656	-104.8786	-371.0484	266.1699	1.630563	1.560732
46662	-98.37308	-364.211	265.8379	1.465393	1.910378
46668	-102.903	-368.8986	265.9956	1.629087	1.687702
46674	-108.819	-375.0282	266.2092	1.85113	1.363042
46680	-108.6383	-375.2099	266.5716	2.198147	0.5879379
46686	-116.8233	-383.443	266.6197	1.964003	0.8860438
46692	-101.0625	-367.7107	266.6482	1.637252	1.17719
46698	-105.5939	-371.8716	266.2778	1.946824	1.229285
46704	-104.0639	-370.4033	266.3394	1.833805	1.272117
46710	-109.8392	-375.9462	266.107	1.820241	1.466008
46716	-113.8914	-379.7272	265.8358	1.684015	1.76159
46722	-116.0769	-381.4442	265.3674	1.63227	2.112483
46728	-109.4817	-375.3825	265.9009	1.503591	1.841415
46734	-104.6706	-370.1745	265.5039	1.370622	2.193936
46740	-95.38873	-361.2452	265.8565	1.571345	1.825347
46746	-95.39948	-358.6936	263.2941	1.561655	3.426228
46752	-102.5826	-366.909	264.3264	1.271408	2.986518
46758	-112.4697	-376.6529	264.1832	1.174812	3.129886
46764	-109.2603	-374.9244	265.6641	1.315405	2.12566
46770	-103.7261	-368.8593	265.1331	1.475589	2.36423
46776	-92.40817	-358.8664	266.4582	2.054001	0.9638373
46782	-90.54627	-357.0192	266.473	1.915747	1.08465
46788	-95.64024	-362.1694	266.5291	1.967672	0.9797147
46794	-106.1062	-372.6653	266.5591	2.178509	0.6674068
46800	-114.8708	-381.3293	266.4586	2.159508	0.8452712
46806	-106.2555	-372.7496	266.4941	2.191268	0.7555544
46812	-108.148	-374.6935	266.5455	2.172201	0.7041777
46818	-107.1919	-373.7275	266.5356	2.11969	0.7977539
46824	-113.4122	-379.8467	266.4346	2.070548	0.9711844
46830	-107.5067	-374.0091	266.5025	2.039947	0.9319164
46836	-102.5303	-369.1422	266.6119	1.930548	0.9319164
46842	-118.4226	-384.5531	266.1305	1.418457	1.741194
46848	-121.4026	-386.5102	265.1076	1.364416	2.450525
46854	-109.6438	-375.857	266.2132	1.752141	1.436956
46860	-109.0744	-375.3292	266.2547	1.710612	1.436956
46866	-98.96823	-365.0382	266.0699	1.550362	1.690834
46872	-95.94095	-360.6232	264.6822	1.388411	2.6996
46878	-107.6944	-372.5253	264.8309	1.20023	2.723838
46884	-114.2991	-380.2955	265.9963	1.574221	1.726
46890	-111.6691	-378.1677	266.4986	1.879891	1.094103
46896	-112.5158	-379.2493	266.7335	1.959923	0.7434219
46902	-116.6023	-383.0077	266.4054	2.361334	0.597513
46908	-118.613	-385.0402	266.4271	2.356405	0.5056514
46914	-126.1361	-392.6911	266.5549	2.000786	0.9174016
46920	-113.1279	-379.6519	266.5239	1.80086	1.142651
46926	-120.8103	-387.2131	266.4028	1.9546	1.11336
46932	-126.0411	-392.185	266.1439	2.613403	0.3939704
46938	-128.346	-394.6279	266.2819	2.497733	0.4565852
46944	-115.17	-381.6646	266.4946	2.122664	0.8463499
46950	-109.2932	-375.7995	266.5063	2.252043	0.6208766
46956	-100.9595	-367.2198	266.2603	2.50162	0.4028903
46962	-95.17176	-361.522	266.3503	2.433269	0.4939552
46968	-98.22768	-364.6759	266.4482	2.334153	0.5254011
46974	-107.3975	-373.9905	266.593	2.189359	0.5254011
46980	-97.74232	-364.2089	266.4666	1.957025	1.05185
46986	-100.5488	-367.1371	266.5883	1.835315	1.05185
46992	-99.25796	-365.5424	266.2844	1.729957	1.399084
46998	-110.2246	-376.7977	266.5732	1.814055	1.086031
47004	-105.9434	-372.4778	266.5344	1.726597	1.198328
47010	-111.0266	-377.4323	266.4057	1.696744	1.329581
47016	-119.6581	-385.6071	265.949	2.127074	1.350621
47022	-116.532	-383.0491	266.5171	2.16649	0.7581052
47028	-109.6151	-376.1155	266.5003	2.008213	0.9676525
47034	-105.3299	-371.9568	266.6269	2.12262	0.642034
47040	-105.4698	-372.2939	266.8241	1.787631	0.8530226
47046	-103.99	-370.4768	266.4868	2.235035	0.6969097
47052	-113.0103	-379.5937	266.5833	2.184493	0.5941751
47058	-109.5708	-376.1066	266.5358	2.180811	0.7059706
47064	-110.9236	-377.4019	266.4783	2.251183	0.682952
47070	-117.032	-383.5509	266.5189	2.225156	0.6539974
47076	-116.399	-382.8244	266.4254	2.26763	0.7440097
47082	-140.6648	-406.9349	266.2701	2.507573	0.4476742
47088	-148.1169	-414.2086	266.0917	2.691691	0.4901913
47094	-126.1237	-392.148	266.0243	2.676716	0.3233152
47100	-116.7745	-382.7496	265.9751	2.708967	0.3088076
47106	-119.7389	-385.4816	265.7427	2.853036	0.2526636
47112	-113.3321	-379.8704	266.5384	1.925732	1.012562
47118	-112.4953	-379.0831	266.5878	1.822918	1.064051
47124	-119.7691	-386.2443	266.4752	2.210355	0.7551802
47130	-119.5738	-386.0083	266.4345	2.220973	0.7975382
47136	-118.9522	-385.1264	266.1742	2.176557	1.119395
47142	-121.248	-386.984	265.736	2.885137	0.2663595
47148	-129.0678	-394.4566	265.3888	3.113672	0.2123271
47154	-120.6024	-386.6592	266.0568	2.189078	1.211234
47160	-130.9502	-396.4191	265.469	3.060717	0.2228017
47166	-132.9666	-398.446	265.4794	3.026932	0.2137686
47172	-130.4608	-396.8819	266.421	1.886351	1.158041
47178	-129.2853	-395.5807	266.2954	1.741122	1.381795
47184	-117.1712	-383.1836	266.0124	1.767887	1.575494
47190	-117.4244	-383.8022	266.3778	1.564646	1.454435
47196	-114.9835	-381.1397	266.1562	1.531906	1.642367
47202	-125.3904	-391.2964	265.906	1.782197	1.642367
47208	-121.5984	-388.0037	266.4053	2.11354	0.956918
47214	-112.2606	-378.8343	266.5737	1.941328	0.9609276
47220	-108.5881	-375.112	266.5239	2.064299	0.8807893
47226	-116.148	-382.7409	266.5929	1.899849	0.9838644
47232	-106.631	-373.2103	266.5792	1.86762	1.02946
47238	-109.3137	-375.4971	266.1835	1.945813	1.307973
47244	-107.7032	-373.2052	265.502	1.736361	1.954156
47250	-112.5954	-378.5533	265.9579	1.859436	1.54829
47256	-108.7068	-375.2822	266.5754	1.942159	0.95825
47262	-101.6636	-367.9425	266.2789	1.96635	1.211829
47268	-94.78899	-361.1027	266.3137	1.824391	1.300832
47274	-100.9759	-366.5948	265.6189	1.548738	2.001509
47280	-100.379	-366.1967	265.8177	1.659282	1.791361
47286	-89.97853	-356.554	266.5755	1.855307	1.044968
47292	-88.69988	-355.2035	266.5036	1.961639	1.011431
47298	-96.65908	-363.27	266.6109	1.93464	0.9285444
47304	-100.4877	-366.8692	266.3815	1.808291	1.258381
47310	-96.19999	-362.6848	266.4848	2.092421	0.8933501
47316	-104.795	-371.3961	266.6011	1.976135	0.8933501
47322	-106.4856	-373.0084	266.5228	2.011509	0.94055
47328	-100.8871	-367.4459	266.5588	2.167004	0.6897957
47334	-104.1272	-370.5165	266.3892	2.328918	0.7033175
47340	-100.1949	-366.6946	266.4998	2.280702	0.5404782
47346	-110.6205	-376.9986	266.3781	2.403991	0.528003
47352	-100.9169	-367.4494	266.5324	2.122794	0.7978221
47358	-90.00846	-356.6639	266.6554	2.002298	0.7944449
47364	-92.03373	-358.739	266.7053	1.95246	0.7944449
47370	-102.9837	-369.416	266.4324	2.297983	0.6813618
47376	-107.816	-374.1992	266.3832	2.399779	0.4823584
47382	-95.92547	-362.1733	266.2478	2.484348	0.3563027
47388	-96.66029	-363.0086	266.3483	2.421754	0.4221289
47394	-96.05981	-362.4723	266.4125	2.370924	0.5090353
47400	-95.70627	-362.043	266.3367	2.44242	0.5485607
47406	-105.4975	-371.9318	266.4343	2.252823	0.7528645
47412	-107.2868	-374.0196	266.7328	1.914732	0.8079725
47418	-105.9505	-372.4583	266.5079	1.914732	1.052779
47424	-132.9145	-398.0752	265.1607	3.295219	0.1962696
47430	-108.6176	-374.9531	266.3355	2.313388	0.8062139
47436	-111.1488	-377.6602	266.5114	2.225948	0.6678717
47442	-110.6477	-377.2323	266.5846	2.014342	0.8682279
47448	-109.0489	-375.606	266.5572	2.092382	0.8053436
47454	-108.6559	-375.1371	266.4812	2.301286	0.5244339
47460	-99.97152	-366.4672	266.4957	2.088344	0.8855855
47466	-113.9551	-380.6553	266.7002	1.911463	0.8531107
47472	-116.4852	-382.7724	266.2872	2.489981	0.4454888
47478	-117.3361	-383.4032	266.0671	2.710123	0.4454888
47484	-98.0929	-364.5606	266.4677	1.645584	1.320849
47490	-95.17954	-361.4367	266.2572	1.856163	1.320849
47496	-89.10721	-354.8001	265.6929	1.713297	1.840218
47502	-96.48392	-362.6233	266.1394	2.09971	1.217013
47508	-101.379	-367.7293	266.3503	1.901184	1.206457
47514	-98.13573	-364.4861	266.3503	1.901184	1.206457
47520	-106.7052	-372.9777	266.2725	1.998077	1.190113
47526	-99.78874	-366.3838	266.5951	1.675466	1.190113
47532	-111.7995	-378.0092	266.2097	1.868483	1.348967
47538	-122.5971	-389.1061	266.509	2.148911	0.7942358
47544	-112.4053	-378.976	266.5707	2.016399	0.8821139
47550	-99.02321	-365.6686	266.6454	2.03077	0.7689285
47556	-107.9907	-374.3441	266.3534	2.322729	0.7689285
47562	-102.7757	-369.1614	266.3857	2.290451	0.7689285
47568	-109.5373	-375.9962	266.4589	2.254407	0.7116126
47574	-106.5513	-373.0035	266.4522	2.107635	0.9128593
47580	-101.0603	-367.5372	266.4769	2.150373	0.833883
47586	-99.94137	-366.5248	266.5834	1.84102	1.051046
47592	-106.6841	-373.1448	266.4607	1.819415	1.181889
47598	-102.8618	-369.4369	266.5751	1.705627	1.18129
47604	-111.2103	-377.7276	266.5173	1.765316	1.179709
47610	-110.0416	-376.4524	266.4108	1.850066	1.198415
47616	-121.6543	-387.926	266.2718	1.62007	1.492774
47622	-120.9768	-387.1928	266.2159	1.818032	1.383808
47628	-103.7216	-369.9266	266.205	1.649259	1.520898
47634	-118.1148	-384.0119	265.8972	2.830477	0.3508293
47640	-108.1506	-373.8997	265.749	2.933987	0.3079246
47646	-115.2199	-381.2447	266.0248	2.730924	0.3910545
47652	-117.1417	-383.2071	266.0654	2.690351	0.3910545
47658	-116.3599	-382.295	265.935	2.79053	0.3484308
47664	-102.7279	-369.3309	266.6029	2.037146	0.8177102
47670	-116.1667	-382.2178	266.0511	2.688445	0.3658839
47676	-107.9652	-373.9781	266.0129	2.726611	0.3658839
47682	-105.4577	-371.9727	266.515	2.131273	0.8096932
47688	-90.92224	-357.4524	266.5302	2.047642	0.8926952
47694	-103.1496	-369.7175	266.5679	1.734477	1.162424
47700	-107.3209	-373.6118	266.291	1.944357	1.220236
47706	-110.315	-376.8375	266.5225	2.00498	0.9479074
47712	-111.8336	-378.2552	266.4216	2.030948	1.023892
47718	-104.5191	-371.0211	266.502	1.975178	0.9995814
47724	-104.5238	-370.979	266.4552	1.951076	1.06821
47730	-106.2621	-372.8491	266.587	1.819294	1.06821
47736	-118.0196	-384.6731	266.6535	1.651673	1.16
47742	-107.3315	-373.8533	266.5218	1.907363	1.046553
47748	-130.8695	-397.1854	266.3159	2.247225	0.9091975
47754	-109.849	-375.428	265.579	3.025358	0.257167
47760	-105.2706	-370.3629	265.0923	3.177454	0.1479084
47766	-110.2725	-375.6374	265.3649	3.177454	0.2280197
47772	-103.609	-369.4323	265.8233	2.801171	0.268311
47778	-111.8702	-377.5724	265.7023	2.92766	0.2714858
47784	-113.2501	-379.0988	265.8486	2.870842	0.3416251
47790	-103.5786	-369.2524	265.6738	2.961925	0.2749777
47796	-108.1847	-373.394	265.2093	3.211019	0.1852745
47802	-126.7395	-392.8688	266.1293	1.830516	1.441202
47808	-132.2217	-397.7798	265.558	1.878058	1.81964
47814	-111.8736	-376.6791	264.8055	3.389566	0.1333064
47820	-111.7152	-376.8291	265.114	3.215258	0.1611936
47826	-113.6804	-378.8495	265.1692	3.215258	0.1751817
47832	-110.6268	-376.3154	265.6886	2.905587	0.2518765
47838	-100.6936	-367.0213	266.3277	2.449282	0.4448481
47844	-108.6327	-374.7739	266.1412	2.635825	0.4448481
47850	-111.2984	-377.6526	266.3542	2.411542	0.600491
47856	-102.4831	-368.9902	266.5071	2.276182	0.4867673
47862	-112.3999	-378.8205	266.4206	2.349818	0.5856503
47868	-118.7274	-385.3826	266.6552	2.079202	0.6736129
47874	-113.6795	-380.0731	266.3935	2.387552	0.5361636
47880	-111.6855	-378.3451	266.6596	2.078357	0.6666605
47886	-115.377	-381.9556	266.5786	2.176256	0.6297607
47892	-109.8429	-376.113	266.2701	2.50761	0.447484
47898	-109.8275	-376.1864	266.3589	2.421994	0.4643332
47904	-125.0487	-391.3628	266.3141	2.468823	0.4815027
47910	-121.3433	-387.4366	266.0932	2.639553	0.3570736
47916	-116.0258	-381.9248	265.899	2.759091	0.2894727
47922	-116.7098	-382.346	265.6362	2.942808	0.2444029
47928	-122.2289	-388.138	265.9091	2.757837	0.2956923
47934	-122.1076	-387.6729	265.5653	2.965792	0.2233902
47940	-106.1277	-371.5681	265.4404	3.067755	0.2144448
47946	-98.46293	-363.6644	265.2014	3.179077	0.1741208
47952	-107.6495	-372.3855	264.736	3.405523	0.1240398
47958	-108.6685	-373.5803	264.9118	3.2565	0.1285604
47964	-104.3076	-369.5595	265.2519	3.113635	0.1701974
47970	-107.4982	-372.9715	265.4733	3.031038	0.2130087
47976	-115.8177	-381.494	265.6763	2.892761	0.2397436
47982	-113.6196	-379.5292	265.9096	2.826831	0.3617825
47988	-112.6378	-378.5255	265.8877	2.78964	0.3034637
47994	-106.4659	-372.5648	266.0989	2.622395	0.3435851
48000	-110.2429	-376.3027	266.0598	2.670895	0.3545534
48006	-107.8626	-373.9201	266.0574	2.670895	0.3516524
48012	-107.7641	-374.1487	266.3846	2.397135	0.5312586
48018	-115.4546	-381.8824	266.4278	2.350103	0.4485487
48024	-128.0364	-392.4603	264.4239	1.736951	2.644133
48030	-112.6872	-378.7905	266.1033	2.646544	0.381083
48036	-110.238	-376.364	266.1261	2.625587	0.3840241
48042	-106.9098	-373.1043	266.1945	2.568548	0.4054311
48048	-93.05787	-359.2327	266.1748	2.588184	0.4053223
48054	-99.34889	-365.5665	266.2176	2.514105	0.3557148
48060	-99.46557	-365.0118	265.5462	2.93296	0.2040305
48066	-95.26963	-361.1806	265.911	2.7165	0.2700367
48072	-103.2761	-369.3123	266.0362	2.699763	0.3610775
48078	-105.5863	-371.66	266.0737	2.65777	0.3553892
48084	-103.3108	-369.4841	266.1733	2.595494	0.4188645
48090	-99.61209	-366.0517	266.4396	2.342952	0.4777586
48096	-111.5196	-377.9012	266.3817	2.387712	0.5891555
48102	-105.0783	-371.5755	266.4972	2.180149	0.7672258
48108	-101.3362	-367.8086	266.4724	2.266406	0.6648637
48114	-105.2503	-371.6266	266.3763	2.402344	0.551435
48120	-100.3315	-366.7183	266.3868	2.39184	0.551435
48126	-97.44835	-363.7203	266.272	2.507949	0.4584535
48132	-89.23769	-355.5653	266.3276	2.453583	0.5352
48138	-95.98408	-362.4739	266.4898	2.293396	0.5139328
48144	-108.027	-372.6989	264.6719	1.794907	2.453802
48150	-101.3312	-367.7121	266.381	2.400667	0.5319248
48156	-97.32422	-363.4677	266.1434	2.608117	0.3838834
48162	-104.2369	-370.0082	265.7713	1.584564	1.874629
48168	-107.2655	-371.9773	264.7118	1.607418	2.546051
48174	-108.1484	-373.418	265.2697	1.644403	2.168313
48180	-102.2208	-366.9576	264.7368	1.99882	2.283417
48186	-101.8821	-366.3546	264.4725	1.562127	2.72168
48192	-106.0354	-369.7181	263.6827	1.237357	3.388557
48198	-107.1691	-371.4748	264.3057	1.473846	2.876969
48204	-106.2123	-371.8727	265.6604	1.750376	1.837051
48210	-100.449	-366.1797	265.7307	1.890404	1.690271
48216	-112.3338	-378.1633	265.8294	1.791663	1.690271
48222	-104.714	-371.0212	266.3072	1.934599	1.214755
48228	-100.9801	-366.915	265.9349	1.796078	1.61145
48234	-110.051	-375.2851	265.2341	1.611737	2.212534
48240	-117.8321	-383.4003	265.5682	2.964218	0.2239213
48246	-107.8465	-373.2427	265.3963	3.070331	0.1997611
48252	-106.201	-372.759	266.5581	1.739747	1.16646
48258	-99.28701	-365.0772	265.7902	1.794541	1.716007
48264	-101.8936	-367.5044	265.6108	1.964319	1.722759
48270	-100.153	-366.5625	266.4095	2.052995	1.014164
48276	-95.51415	-361.6503	266.1361	1.855498	1.416755
48282	-104.6421	-368.6518	264.0097	1.80105	2.858042
48288	-99.65793	-365.4755	265.8176	1.600018	1.832377
48294	-93.68878	-359.755	266.0662	1.709034	1.579235
48300	-93.24761	-359.3326	266.085	1.479246	1.730425
48306	-98.78849	-363.344	264.5556	1.477249	2.722803
48312	-105.0426	-369.6433	264.6006	1.595562	2.6223
48318	-109.2504	-374.9092	265.6587	1.485167	2.017294
48324	-114.5882	-380.5987	266.0105	1.658022	1.656451
48330	-99.73719	-365.7473	266.0101	1.668835	1.648968
48336	-89.89059	-356.2534	266.3628	1.719399	1.345724
48342	-95.31886	-361.0734	265.7545	1.709621	1.80025
48348	-82.83567	-349.5005	266.6648	1.655066	1.147021
48354	-89.50151	-355.6851	266.1836	1.686288	1.509226
48360	-98.41413	-364.5641	266.15	1.723671	1.506416
48366	-110.0767	-376.1598	266.0831	1.447685	1.753869
48372	-108.754	-372.0849	263.3309	4.131599	0.05476715
48378	-109.4965	-373.0329	263.5364	3.926181	0.05476715
48384	-104.01	-370.0155	266.0055	1.879856	1.497641
48390	-103.1731	-369.8157	266.6427	1.795423	1.037955
48396	-96.54163	-362.2459	265.7042	1.513211	1.968207
48402	-99.54049	-366.1965	266.656	1.740413	1.077508
48408	-96.8069	-363.3997	266.5928	2.068599	0.7894502
48414	-106.0356	-372.4499	266.4143	2.18692	0.8656034
48420	-109.9855	-374.3065	264.3211	3.562465	0.08942492
48426	-114.3452	-378.3679	264.0227	3.723633	0.07587913
48432	-113.7178	-377.7998	264.082	3.727909	0.08182
48438	-107.0325	-371.1083	264.0758	3.732769	0.0816893
48444	-107.4469	-371.5903	264.1433	3.732769	0.08861967
48450	-113.1153	-377.3673	264.2519	3.624099	0.08861227
48456	-107.0823	-371.2015	264.1192	3.646262	0.07761431
48462	-115.0871	-381.4148	266.3277	1.731217	1.364202
48468	-103.4003	-369.3449	265.9446	1.838186	1.573719
48474	-108.0336	-374.0173	265.9837	1.613681	1.707093
48480	-97.44669	-363.1846	265.7379	1.478358	1.969002
48486	-97.52723	-363.2801	265.7529	1.473203	1.962425
48492	-113.8526	-377.977	264.1244	1.71321	2.841771
48498	-97.15177	-362.7166	265.5648	1.482368	2.081248
48504	-99.18792	-365.2151	266.0272	1.840861	1.510623
48510	-110.0034	-375.0997	265.0963	3.266461	0.1694842
48516	-104.8243	-370.0932	265.2688	3.115618	0.1751859
48522	-105.5005	-370.6643	265.1639	3.184509	0.1658477
48528	-110.8539	-375.8135	264.9596	3.268987	0.1396041
48534	-102.2494	-367.2083	264.9588	3.269783	0.1396041
48540	-102.5194	-367.2699	264.7505	3.395971	0.1248624
48546	-101.0917	-365.9877	264.8959	3.272434	0.1285788
48552	-115.142	-380.2711	265.1291	3.205485	0.1624905
48558	-119.0899	-384.0337	264.9438	3.367209	0.1569431
48564	-112.0117	-378.6006	266.5889	1.989553	0.8920588
48570	-123.5658	-388.862	265.2963	3.127746	0.1863845
48576	-122.5099	-387.7801	265.2701	3.154139	0.1864606
48582	-123.2864	-388.093	264.8066	3.425633	0.1403103
48588	-122.0797	-386.5392	264.4595	3.520114	0.1006799
48594	-129.9604	-394.1525	264.1921	3.649395	0.08498349
48600	-105.1534	-370.6182	265.4647	1.424189	2.18463
48606	-114.0385	-380.5337	266.4952	1.619166	1.320033
48612	-115.0361	-381.7337	266.6976	1.830498	0.9471923
48618	-114.658	-380.9179	266.2599	1.765302	1.390635
48624	-110.4598	-376.819	266.3591	1.803133	1.281096
48630	-98.82105	-365.293	266.472	2.304247	0.5631178
48636	-104.0647	-370.2462	266.1815	2.568551	0.3813786
48642	-103.3939	-369.5583	266.1643	2.61147	0.5650976
48648	-104.4376	-370.6896	266.252	2.523269	0.43809
48654	-100.8503	-367.1017	266.2515	2.522473	0.4336752
48660	-88.87935	-354.7167	265.8373	2.847874	0.3097074
48666	-101.7642	-367.5258	265.7616	2.837696	0.2544929
48672	-105.8533	-372.0705	266.2172	2.504364	0.3438946
48678	-110.4196	-376.6681	266.2485	2.532329	0.4635686
48684	-99.70985	-366.1504	266.4405	2.332281	0.430112
48690	-95.42303	-361.8284	266.4053	2.366076	0.4259658
48696	-89.92908	-356.3705	266.4414	2.339068	0.4616876
48702	-93.05434	-359.4429	266.3886	2.395012	0.4965411
48708	-99.2342	-365.6519	266.4177	2.365876	0.4988258
48714	-110.0144	-376.3869	266.3725	2.377451	0.6410638
48720	-113.4554	-379.9694	266.514	2.209853	0.6932747
48726	-100.5508	-367.0966	266.5458	2.043083	0.8800185
48732	-121.4974	-387.9945	266.4971	2.163021	0.7911931
48738	-108.8582	-375.5693	266.711	1.717117	1.0475
48744	-103.2916	-369.6462	266.3546	2.425354	0.5436033
48750	-101.7121	-368.0686	266.3565	2.425354	0.4712264
48756	-101.2831	-367.9494	266.6663	2.075008	0.65984
48762	-104.8583	-371.445	266.5868	1.88386	1.006106
48768	-107.1274	-373.565	266.4376	1.872453	1.155721
48774	-108.4768	-374.6002	266.1234	1.82429	1.450454
48780	-106.1723	-372.7391	266.5668	2.109547	0.7686885
48786	-109.5239	-375.8075	266.2836	2.495563	0.5483574
48792	-107.466	-373.26	265.7939	1.627079	1.830035
48798	-109.0144	-375.1722	266.1578	1.550499	1.627845
48804	-99.87254	-366.2264	266.3539	1.93395	1.175179
48810	-101.8309	-368.1054	266.2745	2.121974	1.077444
48816	-99.03846	-365.3095	266.271	1.744344	1.398329
48822	-112.2157	-378.2808	266.0651	1.710869	1.578684
48828	-102.3575	-368.548	266.1905	2.001082	1.256933
48834	-107.4204	-373.9945	266.5741	2.024703	0.8684312
48840	-115.3243	-381.711	266.3867	2.176551	0.909101
48846	-117.6828	-384.2618	266.579	1.890572	1.007178
48852	-110.7392	-377.3281	266.5889	2.041917	0.8294566
48858	-102.209	-368.6676	266.4586	2.314329	0.5766227
48864	-111.8318	-377.9085	266.0766	2.681428	0.3953422
48870	-114.5217	-380.7368	266.2151	1.924684	1.299458
48876	-107.8685	-372.5996	264.7311	1.593172	2.542909
48882	-114.3925	-379.5538	265.1613	1.442407	2.367398
48888	-120.8167	-386.4605	265.6438	1.368316	2.104309
48894	-123.8311	-389.9284	266.0974	1.719265	1.548799
48900	-122.3262	-388.3559	266.0297	2.712823	0.3700971
48906	-114.2096	-380.3813	266.1717	2.598901	0.4236209
48912	-124.4725	-390.6305	266.1579	2.598901	0.393065
48918	-120.6498	-386.8026	266.1528	2.582995	0.3609533
48924	-119.0605	-384.989	265.9285	2.809887	0.3643285
48930	-125.1149	-391.1509	266.036	2.694913	0.3547921
48936	-109.9009	-375.4751	265.5742	3.053631	0.2702616
48942	-109.2785	-374.7537	265.4752	3.053631	0.2224669
48948	-113.3084	-378.9104	265.602	2.903999	0.2136288
48954	-101.1667	-366.0503	264.8835	3.25009	0.1227438
48960	-94.25137	-359.2375	264.9861	3.312714	0.154205
48966	-95.15375	-360.147	264.9933	3.294789	0.1518262
48972	-96.74172	-362.037	265.2953	3.078808	0.1724271
48978	-102.5799	-367.8409	265.261	3.078808	0.1637388
48984	-113.8674	-379.3095	265.4421	3.035965	0.2036385
48990	-110.3209	-376.0907	265.7699	2.892865	0.2926904
48996	-111.4581	-377.0386	265.5805	2.985655	0.2384188
49002	-104.0909	-369.8447	265.7538	2.90545	0.2902569
49008	-112.9112	-378.9156	266.0043	2.737895	0.369604
49014	-106.9387	-373.1084	266.1697	2.591293	0.401062
49020	-111.5041	-378.0822	266.5781	2.150317	0.6850259
49026	-105.0823	-371.5137	266.4314	2.162246	0.8744629
49032	-130.585	-396.1774	265.5924	2.350764	1.453929
49038	-123.8327	-389.8494	266.0167	2.135969	1.288947
49044	-106.2642	-372.3756	266.1114	2.605738	0.3391127
49050	-110.293	-376.2455	265.9524	2.724538	0.3031845
49056	-104.5038	-370.3066	265.8028	2.79843	0.2554991
49062	-98.68782	-364.8444	266.1566	2.608069	0.4089105
49068	-99.8771	-365.9231	266.046	2.626674	0.2999637
49074	-102.9803	-369.2145	266.2342	2.539709	0.5728562
49080	-101.3095	-367.6561	266.3466	2.434526	0.5363285
49086	-93.82706	-360.1731	266.3461	2.434526	0.4622149
49092	-100.0176	-366.1793	266.1617	2.619019	0.4630337
49098	-96.90634	-363.3699	266.4636	2.315863	0.547049
49104	-108.9069	-375.2819	266.375	2.375437	0.3820357
49110	-115.263	-381.7787	266.5158	2.225671	0.6595209
49116	-119.8552	-385.3983	265.5431	2.082648	1.686946
49122	-105.7332	-372.1991	266.4659	2.316084	0.5291824
49128	-107.058	-373.4841	266.4261	2.356362	0.5239876
49134	-109.1452	-375.8574	266.7122	2.025045	0.6681337
49140	-112.5818	-379.1208	266.5389	2.198263	0.6681337
49146	-106.6915	-373.2718	266.5802	2.144503	0.6916879
49152	-100.7706	-367.0733	266.3026	2.470202	0.4302228
49158	-96.46658	-362.5016	266.035	2.654124	0.3129612
49164	-90.58241	-356.6017	266.0193	2.701915	0.3435363
49170	-103.6015	-369.5008	265.8994	2.785456	0.3094203
49176	-101.2269	-367.1222	265.8953	2.763667	0.2900467
49182	-103.6308	-369.327	265.6962	2.931788	0.2703409
49188	-98.56849	-364.7675	266.199	2.523728	0.3452216
49194	-116.7294	-382.726	265.9965	2.219453	1.236545
49200	-105.923	-371.689	265.766	2.950366	0.3383687
49206	-103.1251	-369.1854	266.0603	2.646874	0.3291257
49212	-103.4362	-369.016	265.5798	2.999909	0.2447411
49218	-94.43898	-360.292	265.853	2.769185	0.2669901
49224	-93.70755	-359.4482	265.7407	2.881556	0.2669901
49230	-97.61648	-363.4104	265.7939	2.761367	0.2335522
49236	-98.71534	-364.0559	265.3406	3.018359	0.168509
49242	-108.7601	-373.3567	264.5966	3.496755	0.1164161
49248	-102.5047	-366.8058	264.3011	3.584758	0.08967725
49254	-108.5125	-372.7257	264.2133	3.672599	0.08967725
49260	-119.1368	-383.4489	264.3121	3.531858	0.08523286
49266	-111.8116	-376.1574	264.3458	3.60614	0.0972689
49272	-115.0971	-380.7218	265.6246	2.381382	1.405601
49278	-97.51005	-363.2921	265.782	2.425297	1.243779
49284	-104.2665	-370.1029	265.8363	2.708563	0.9292048
49290	-116.8102	-382.7759	265.9657	2.579165	0.9292048
49296	-110.9246	-377.2223	266.2977	2.298754	0.8712271
49302	-112.6367	-379.1869	266.5502	2.175338	0.6902967
49308	-105.7095	-371.8364	266.1269	2.588193	0.3370732
49314	-126.1671	-392.0696	265.9025	2.696994	0.2545859
49320	-112.2304	-378.4867	266.2563	2.521248	0.4469895
49326	-117.7282	-384.0515	266.3232	2.455302	0.4512712
49332	-111.1693	-377.4797	266.3104	2.470131	0.4618849
49338	-105.8061	-372.1714	266.3653	2.401204	0.5982755
49344	-117.0704	-383.5149	266.4445	1.935846	1.092333
49350	-112.9676	-379.3561	266.3885	1.783139	1.27339
49356	-122.3694	-388.7302	266.3608	1.896329	1.201617
49362	-122.7031	-389.0242	266.3211	2.026947	1.121854
49368	-113.309	-379.4688	266.1598	1.589314	1.598252
49374	-113.2636	-380.0204	266.7568	1.818661	0.8953938
49380	-107.9473	-374.6303	266.683	2.04166	0.6919028
49386	-95.34618	-361.9726	266.6264	2.109763	0.6701448
49392	-94.36096	-361.0181	266.6571	2.00605	0.7870987
49398	-107.0782	-373.5047	266.4265	2.356542	0.5168877
49404	-105.2998	-371.7416	266.4418	2.320508	0.6102619
49410	-100.6211	-366.727	266.106	2.571478	0.303562
49416	-102.8465	-368.9523	266.1058	2.648041	0.3877876
49422	-98.28773	-364.3724	266.0847	2.606077	0.3142922
49428	-102.5067	-368.5101	266.0033	2.696148	0.3219549
49434	-97.98735	-364.0372	266.0498	2.696148	0.3750955
49440	-107.1062	-373.1858	266.0796	2.687491	0.4145233
49446	-100.8681	-366.6912	265.8231	2.811132	0.2740874
49452	-101.7136	-367.2671	265.5536	2.92703	0.2045105
49458	-102.2327	-367.939	265.7063	2.866641	0.2415375
49464	-97.68132	-363.1325	265.4511	2.98262	0.1893112
49470	-96.27955	-361.9504	265.6709	2.842249	0.2163304
49476	-92.85775	-358.6367	265.7789	2.842249	0.2663902
49482	-106.9476	-372.416	265.4684	3.051745	0.2190451
49488	-107.3048	-372.5131	265.2082	3.276637	0.2060057
49494	-102.1795	-367.1315	264.952	3.199139	0.1256444
49500	-106.7807	-371.549	264.7683	3.269843	0.1084194
49506	-106.8623	-371.1849	264.3226	3.617265	0.0958231
49512	-108.3039	-372.6255	264.3216	3.636205	0.09798581
49518	-122.2793	-386.5114	264.2321	3.636205	0.0877816
49524	-121.1343	-385.2789	264.1446	3.636205	0.07903614
49530	-121.9577	-387.7601	265.8024	2.808635	0.2607516
49536	-108.843	-374.5518	265.7088	2.870725	0.2446647
49542	-114.5232	-380.5302	266.007	2.740125	0.3768454
49548	-116.0151	-382.0021	265.987	2.723855	0.332699
49554	-117.5554	-382.5188	264.9633	3.215242	0.1303634
49560	-117.155	-382.2746	265.1196	3.263819	0.1748943
49566	-116.7705	-381.8709	265.1004	3.202693	0.1551573
49572	-108.7214	-373.8269	265.1055	3.241596	0.1655261
49578	-118.4022	-383.0855	264.6833	3.439888	0.1210619
49584	-115.1775	-380.6334	265.4559	3.056262	0.2159675
49590	-110.3353	-374.7809	264.4456	3.520076	0.09894542
49596	-107.3697	-371.6583	264.2886	3.544702	0.0841486
49602	-114.2588	-379.5047	265.2459	3.151598	0.1787585
49608	-116.1751	-381.8126	265.6375	2.891893	0.2226904
49614	-128.5266	-393.6627	265.1361	3.241857	0.1734372
49620	-121.2897	-386.2953	265.0056	3.299718	0.1556588
49626	-121.546	-387.0373	265.4914	2.963917	0.1960543
49632	-107.4621	-373.812	266.3499	2.433665	0.5029917
49638	-100.4672	-366.962	266.4947	2.185772	0.7626177
49644	-104.688	-371.4752	266.7872	1.935991	0.6944724
49650	-100.1231	-366.6467	266.5236	2.231204	0.6297443
49656	-102.1426	-368.7604	266.6178	2.09903	0.7055496
49662	-103.9202	-370.4742	266.554	2.185823	0.6628277
49668	-102.6781	-369.2597	266.5816	2.158844	0.6615412
49674	-135.503	-401.7187	266.2157	2.106467	1.14497
49680	-128.7601	-395.2095	266.4494	2.128436	0.8927101
49686	-124.7965	-391.2882	266.4917	2.199944	0.7460923
49692	-124.2888	-390.7404	266.4516	2.240234	0.7458471
49698	-125.7676	-391.9095	266.1419	1.508827	1.669162
49704	-118.9425	-385.1985	266.256	2.52621	0.4742221
49710	-124.9777	-391.1831	266.2054	2.576478	0.5301621
49716	-127.563	-393.9864	266.4234	2.337018	0.6153847
49722	-124.9862	-391.3421	266.3559	2.408666	0.6039853
49728	-134.8706	-401.2607	266.3901	2.313041	0.728225
49734	-145.3927	-411.83	266.4373	1.756058	1.255454
49740	-138.9717	-404.126	265.1543	2.124673	1.926824
49746	-133.8864	-399.9464	266.06	2.230385	1.172901
49752	-124.4769	-390.7524	266.2755	1.668743	1.453071
49758	-116.006	-382.2781	266.2721	1.49918	1.582102
49764	-120.8351	-387.1496	266.3145	1.575004	1.494556
49770	-122.6137	-389.0601	266.4464	1.547081	1.415342
49776	-125.9573	-391.6546	265.6973	1.451649	2.013937
49782	-116.0996	-381.8961	265.7965	1.673198	1.796436
49788	-123.9291	-389.6366	265.7074	1.76224	1.796436
49794	-118.2021	-384.4605	266.2584	1.611315	1.50937
49800	-119.9275	-386.2326	266.3051	1.803654	1.324517
49806	-121.2738	-387.7405	266.4667	2.06972	0.9383072
49812	-121.7105	-388.1097	266.3992	2.168733	0.9038456
49818	-114.3762	-381.1157	266.7394	1.862291	0.8650125
49824	-110.8468	-377.3223	266.4755	2.078682	0.9191121
49830	-141.4702	-407.136	265.6658	1.537356	1.977814
49836	-149.6809	-415.1896	265.5087	1.694403	1.977814
49842	-129.5113	-392.6573	263.146	1.094221	3.783583
49848	-139.8206	-400.9929	261.1724	1.363745	4.749318
49854	-102.8659	-369.2463	266.3804	2.266386	0.8090135
49860	-109.645	-376.1856	266.5406	2.219747	0.6157997
49866	-110.466	-377.0436	266.5776	2.153326	0.680277
49872	-109.1793	-375.747	266.5676	2.153769	0.6976775
49878	-103.7056	-370.2587	266.5531	1.855134	1.066442
49884	-112.8935	-379.3725	266.479	1.680479	1.283405
49890	-120.4197	-386.8009	266.3811	2.177323	0.9144268
49896	-131.6307	-398.2404	266.6097	2.155846	0.6012151
49902	-107.909	-374.326	266.417	1.916833	1.134558
49908	-106.4296	-373.1847	266.7551	1.995669	0.6392393
49914	-113.7801	-380.2795	266.4995	2.106334	0.8601398
49920	-113.1383	-378.1862	265.048	1.602736	2.337578
49926	-114.2166	-379.5651	265.3485	1.400503	2.274811
49932	-114.2242	-380.2917	266.0675	1.530562	1.706582
49938	-118.1747	-384.481	266.3064	1.539166	1.527387
49944	-120.7349	-386.0482	265.3134	1.753312	2.068424
49950	-118.0812	-382.8017	264.7205	1.713248	2.47452
49956	-125.4071	-391.2206	265.8135	1.629477	1.81491
49962	-128.2453	-394.256	266.0107	1.676608	1.642956
49968	-122.6504	-387.823	265.1726	1.56658	2.281121
49974	-119.5381	-384.9968	265.4587	1.441276	2.177459
49980	-138.6352	-403.6947	265.0595	1.622522	2.317634
49986	-129.6026	-395.8715	266.2689	1.634964	1.483731
49992	-118.7764	-384.6979	265.9215	1.828245	1.597796
49998	-118.0911	-383.8858	265.7947	1.703558	1.776608
50004	-121.9232	-387.363	265.4398	1.645922	2.05588
50010	-126.8674	-392.4115	265.5441	1.54159	2.05588
50016	-116.6688	-382.1688	265.5001	1.626162	2.029037
50022	-111.5785	-376.8732	265.2948	1.47551	2.261183
50028	-128.9098	-392.0984	263.1886	1.82512	3.333508
50034	-127.6128	-389.1771	261.5643	1.591539	4.401418
50040	-123.8128	-387.9841	264.1713	1.420111	2.990356
50046	-131.9832	-397.6985	265.7152	1.767786	1.787172
50052	-131.4892	-397.3102	265.821	1.500458	1.898045
50058	-130.2104	-396.5957	266.3853	1.724118	1.323982
50064	-128.3281	-394.7094	266.3813	1.848957	1.224491
50070	-133.3573	-399.9068	266.5494	1.829953	1.093269
50076	-128.5161	-394.9002	266.3842	2.020204	1.070031
50082	-120.0131	-386.5657	266.5526	2.181858	0.6735724
50088	-126.722	-393.3212	266.5991	2.1353	0.6735724
50094	-125.8798	-392.425	266.5452	2.143877	0.7500077
50100	-133.0913	-395.2181	262.1269	1.303645	4.246103
50106	-111.9925	-373.7571	261.7646	1.357262	4.420565
50112	-116.8291	-378.8895	262.0604	1.029488	4.438602
50118	-118.0975	-379.9782	261.8807	1.029848	4.539508
50124	-120.808	-383.8565	263.0485	1.263656	3.742145
50130	-127.4725	-394.0708	266.5983	2.12777	0.689294
50136	-141.5348	-408.0521	266.5172	2.137962	0.7978612
50142	-126.9999	-392.1538	265.1539	1.817717	2.13082
50148	-118.9306	-382.9584	264.0278	1.780591	2.859494
50154	-118.739	-383.0162	264.2773	1.531121	2.859494
50160	-111.752	-377.3363	265.5843	1.705725	1.919374
50166	-103.9342	-369.398	265.4638	2.093658	1.735235
50172	-108.48	-374.8144	266.3343	2.23187	0.9057878
50178	-101.9555	-368.043	266.0875	2.176361	1.195903
50184	-104.2141	-370.8479	266.6338	1.868951	0.9736769
50190	-99.8794	-366.5081	266.6287	2.074559	0.7280777
50196	-97.04384	-363.5876	266.5438	2.045785	0.8792111
50202	-90.818	-357.3241	266.5061	2.067483	0.897538
50208	-90.69544	-357.121	266.4255	2.202805	0.8326177
50214	-87.66992	-353.9962	266.3263	2.425238	0.6375143
50220	-100.0022	-366.2542	266.252	2.45706	0.7186937
50226	-95.44566	-361.7039	266.2582	2.496415	0.630127
50232	-98.37289	-364.7524	266.3795	2.395494	0.4372652
50238	-96.83872	-363.1296	266.2909	2.484935	0.5650762
50244	-100.7285	-366.9795	266.2511	2.527246	0.5532402
50250	-104.5602	-370.7991	266.2389	2.537019	0.4405553
50256	-102.9219	-369.1946	266.2727	2.503229	0.4405553
50262	-107.3309	-373.5848	266.2539	2.526811	0.4629801
50268	-100.3809	-366.6021	266.2212	2.547508	0.4186859
50274	-91.52482	-357.6927	266.1678	2.606184	0.4339718
50280	-94.22058	-360.2959	266.0754	2.653724	0.3525536
50286	-98.12095	-364.4191	266.2982	2.480194	0.4506171
50292	-94.81102	-361.0501	266.2391	2.523124	0.4035228
50298	-98.37353	-364.842	266.4685	2.314395	0.5188119
50304	-97.70902	-364.301	266.592	2.146847	0.6648143
50310	-119.0545	-383.872	264.8174	1.1668	2.752531
50316	-130.2879	-394.5233	264.2354	1.311291	3.017178
50322	-112.223	-378.9006	266.6776	1.816193	0.9828213
50328	-108.1926	-374.5027	266.3101	2.45119	0.6131615
50334	-108.2607	-374.5883	266.3277	2.45119	0.5503043
50340	-130.2955	-393.2844	262.989	1.438274	3.675619
50346	-135.6743	-400.3648	264.6905	1.768829	2.458472
50352	-135.0644	-399.9713	264.9069	1.618289	2.417061
50358	-128.2998	-393.1614	264.8616	1.614661	2.447844
50364	-102.8387	-368.7399	265.9012	2.809348	0.3324056
50370	-103.9941	-370.1901	266.196	2.579108	0.5680814
50376	-103.4064	-369.6594	266.2529	2.505392	0.6209471
50382	-99.65648	-366.0617	266.4053	2.292589	0.7365878
50388	-101.8915	-368.5208	266.6293	1.905395	0.940212
50394	-89.51183	-356.0583	266.5464	1.836111	1.090356
50400	-100.5344	-366.7417	266.2073	2.016028	1.230336
50406	-95.6601	-362.1997	266.5396	2.020032	0.9131056
50412	-95.6241	-361.9311	266.307	1.882415	1.258725
50418	-92.35493	-358.5054	266.1505	1.871654	1.393054
50424	-97.10339	-363.1953	266.0919	1.93022	1.393054
50430	-104.8576	-371.1006	266.2431	1.872986	1.318649
50436	-111.873	-378.1178	266.2448	2.105596	1.119696
50442	-107.4265	-373.5591	266.1326	2.379233	0.9642346
50448	-99.30458	-365.7857	266.4812	2.016532	0.978832
50454	-100.5063	-367.0048	266.4985	1.870513	1.102764
50460	-106.3939	-372.8071	266.4131	1.955887	1.102764
50466	-105.0663	-371.5929	266.5266	2.177253	0.7270499
50472	-108.7589	-375.1736	266.4147	2.351536	0.5990999
50478	-109.9813	-375.8858	265.9045	2.834365	0.365023
50484	-111.7526	-377.8012	266.0486	2.690299	0.365023
50490	-115.2663	-381.3346	266.0683	2.690299	0.3962909
50496	-115.8844	-382.0604	266.1761	2.597071	0.4311553
50502	-119.7799	-385.9679	266.1879	2.585206	0.4311553
50508	-121.2458	-387.1239	265.8781	2.825313	0.3255216
50514	-116.364	-382.2757	265.9116	2.79177	0.3255216
50520	-124.3364	-390.2126	265.8763	2.827077	0.3255216
50526	-113.0767	-379.1589	266.0823	2.658472	0.3675206
50532	-120.0243	-386.0271	266.0028	2.737934	0.3675206
50538	-115.3095	-381.3999	266.0905	2.650248	0.3675206
50544	-111.6414	-377.8241	266.1827	2.577785	0.4000125
50550	-110.456	-376.6319	266.1759	2.584533	0.4000125
50556	-116.7984	-382.9985	266.2002	2.572196	0.428705
50562	-117.0031	-383.1678	266.1647	2.594092	0.3968299
50568	-123.2327	-389.4189	266.1861	2.584088	0.4226139
50574	-121.5337	-386.7693	265.2355	1.392109	2.352235
50580	-128.612	-394.8871	266.275	2.507256	0.4749962
50586	-131.0714	-397.2725	266.2011	2.576961	0.4490551
50592	-117.5591	-383.8273	266.2681	2.512845	0.4647139
50598	-113.2615	-379.364	266.1025	2.658538	0.4012637
50604	-111.4498	-377.6752	266.2254	2.535697	0.4012637
50610	-119.641	-385.6002	265.9593	2.736158	0.318331
50616	-120.3116	-386.4298	266.1182	2.597122	0.3372654
50622	-104.3585	-368.528	264.1696	1.635671	2.861395
50628	-110.3048	-374.7546	264.4498	1.355451	2.861395
50634	-116.8668	-381.5111	264.6443	1.47724	2.668316
50640	-113.8707	-378.8913	265.0206	1.100969	2.668316
50646	-108.8272	-374.2762	265.449	0.9451519	2.499274
50652	-115.1562	-380.1974	265.0411	1.163144	2.617314
50658	-115.0005	-377.299	262.2984	1.514457	4.028653
50664	-101.7545	-367.5521	265.7976	1.440056	1.954662
50670	-104.9358	-370.4229	265.4871	1.423276	2.170682
50676	-108.1562	-373.6254	265.4693	1.441136	2.170682
50682	-116.0168	-381.999	265.9822	2.719959	0.3244093
50688	-117.5292	-383.6308	266.1017	2.656875	0.3962386
50694	-121.5526	-388.0273	266.4747	2.23393	0.7193225
50700	-121.8104	-388.342	266.5316	2.118884	0.8041129
50706	-119.602	-386.1449	266.5429	2.10762	0.8041129
50712	-117.0649	-383.4584	266.3935	2.207007	0.8664441
50718	-123.4453	-389.8966	266.4513	2.195856	0.8085385
50724	-116.5115	-382.9739	266.4625	2.317549	0.5435153
50730	-121.7084	-387.8219	266.1135	2.598901	0.3342549
50736	-119.2808	-385.1205	265.8397	2.863633	0.3254522
50742	-122.2863	-388.4725	266.1862	2.597352	0.4952043
50748	-109.368	-375.5536	266.1856	2.560667	0.375463
50754	-115.2321	-381.3717	266.1397	2.642818	0.4767157
50760	-121.1926	-387.2801	266.0876	1.703966	1.567286
50766	-120.6469	-386.9615	266.3147	1.738858	1.368439
50772	-109.8391	-376.2461	266.407	2.123448	0.9446849
50778	-117.9049	-384.3137	266.4088	1.880283	1.1741
50784	-108.8803	-375.3263	266.446	1.842318	1.174714
50790	-113.4393	-379.8589	266.4196	1.842457	1.197411
50796	-117.3111	-381.7827	264.4716	1.920635	2.500511
50802	-118.9667	-385.2338	266.2672	1.841073	1.324935
50808	-122.8609	-389.2247	266.3638	1.917559	1.180816
50814	-105.6335	-372.2504	266.617	1.765329	1.090567
50820	-114.1212	-380.4496	266.3283	2.013758	1.127184
50826	-126.7787	-393.3575	266.5788	1.98884	0.904211
50832	-111.1096	-377.6462	266.5366	1.991384	0.9473331
50838	-113.6942	-380.3833	266.689	1.879169	0.9035534
50844	-111.0318	-377.5187	266.487	1.956551	1.032673
50850	-115.9692	-382.055	266.0857	1.735268	1.545576
50856	-108.303	-374.7051	266.4021	2.37654	0.5512632
50862	-104.7993	-371.282	266.4827	2.277098	0.6171813
50868	-108.734	-375.3171	266.5831	2.17914	0.610499
50874	-109.2102	-375.9119	266.7017	1.857779	0.9132887
50880	-111.2351	-377.9389	266.7038	1.879945	0.8859646
50886	-111.35	-377.7838	266.4338	1.652958	1.342129
50892	-106.1038	-372.5898	266.486	1.694088	1.266391
50898	-115.0697	-381.5933	266.5235	1.656586	1.266391
50904	-127.7576	-392.2861	264.5285	1.314845	2.838291
50910	-115.2075	-381.839	266.6315	1.993967	0.8362163
50916	-123.623	-390.1554	266.5325	2.025787	0.9146251
50922	-120.1857	-386.6692	266.4835	1.982768	1.010459
50928	-116.6947	-383.2402	266.5454	1.930068	1.001258
50934	-123.3905	-389.8512	266.4607	1.826185	1.175974
50940	-136.8688	-402.4199	265.5512	3.035818	0.2482918
50946	-136.1511	-401.6731	265.5219	2.988619	0.2153544
50952	-125.1586	-390.9381	265.7795	1.999849	1.576196
50958	-133.5247	-400.1101	266.5854	1.989713	0.89584
50964	-127.7337	-394.3169	266.5833	1.9918	0.89584
50970	-155.0212	-420.5596	265.5384	3.087753	0.2692506
50976	-150.4126	-415.9565	265.5439	3.05842	0.2561067
50982	-132.452	-398.0149	265.5629	3.000166	0.2370066
50988	-130.0928	-395.6903	265.5975	2.999811	0.2534831
50994	-120.4799	-386.0955	265.6156	2.981688	0.2534831
51000	-120.4031	-386.0251	265.622	2.965062	0.2482965
51006	-115.8447	-381.4058	265.5611	3.025906	0.2482965
51012	-109.7993	-375.1657	265.3664	3.069448	0.189954
51018	-106.7752	-372.425	265.6498	2.963121	0.2617598
51024	-108.4105	-374.3765	265.966	2.728057	0.317156
51030	-113.6408	-380.0246	266.3839	2.399706	0.5043206
51036	-117.104	-383.3458	266.2418	2.541763	0.4961984
51042	-115.6007	-381.5772	265.9764	2.750924	0.3504758
51048	-122.0436	-388.0763	266.0327	2.694657	0.3504758
51054	-137.7377	-404.0648	266.3271	2.265106	0.8761647
51060	-119.509	-384.8484	265.3394	3.125684	0.1992566
51066	-117.4284	-382.418	264.9896	3.258742	0.1435059
51072	-128.9332	-393.7425	264.8092	3.412591	0.138302
51078	-112.8735	-377.5203	264.6469	3.449963	0.1169486
51084	-112.0488	-376.7618	264.713	3.397357	0.1190395
51090	-123.9898	-390.3831	266.3933	2.216791	0.8550127
51096	-116.7768	-383.2663	266.4895	2.196941	0.7539066
51102	-131.0632	-395.6243	264.561	3.500175	0.1116733
51108	-136.7937	-401.4557	264.6621	3.590311	0.1443204
51114	-119.1715	-385.4118	266.2403	1.713561	1.445791
51120	-127.6336	-393.8507	266.2171	1.898693	1.318864
51126	-129.7051	-395.901	266.1959	1.876606	1.353477
51132	-120.7474	-387.1226	266.3753	1.875857	1.206786
51138	-112.7718	-379.2809	266.5091	2.061197	0.9012454
51144	-107.9732	-374.6687	266.6956	1.979637	0.7702677
51150	-110.6343	-375.442	264.8077	3.415995	0.1386537
51156	-113.8556	-379.05	265.1944	3.170937	0.170138
51162	-106.7987	-372.0867	265.288	3.147805	0.1899333
51168	-109.1758	-374.1675	264.9917	3.295979	0.1517432
51174	-93.309	-358.2391	264.9301	3.321656	0.1441969
51180	-93.23731	-358.1155	264.8782	3.373576	0.1441969
51186	-102.7629	-368.1193	265.3563	3.16091	0.2179091
51192	-112.8293	-378.6433	265.814	2.81849	0.2730179
51198	-110.1093	-376.507	266.3976	2.382962	0.4623096
51204	-110.5066	-376.8957	266.3892	2.383901	0.5761117
51210	-101.7612	-368.237	266.4758	2.269448	0.6516034
51216	-109.0423	-375.7866	266.7443	1.950744	0.7409309
51222	-114.8619	-381.4752	266.6133	1.93585	0.9246478
51228	-116.8449	-383.308	266.4631	1.884777	1.12198
51234	-112.2718	-377.5928	265.321	1.548764	2.197018
51240	-108.623	-374.9751	266.3522	1.598969	1.447834
51246	-102.9149	-369.3577	266.4428	1.850874	1.170074
51252	-101.7771	-368.2706	266.4935	1.937866	1.044449
51258	-118.2772	-384.7289	266.4517	1.979641	1.044449
51264	-115.4268	-381.4645	266.0378	1.77428	1.552182
51270	-128.2498	-394.3903	266.1405	1.985142	1.310937
51276	-126.2454	-392.6822	266.4368	2.040359	0.9996053
51282	-118.5436	-385.0024	266.4589	1.863618	1.14468
51288	-108.9292	-374.8371	265.9078	1.538331	1.812718
51294	-115.5343	-381.7546	266.2204	1.447922	1.656613
51300	-109.0602	-374.9189	265.8587	1.524142	1.856216
51306	-106.3798	-372.6579	266.2781	1.65792	1.45933
51312	-107.183	-373.3982	266.2152	1.712437	1.46572
51318	-106.597	-372.9592	266.3621	1.617459	1.426021
51324	-110.9036	-377.4886	266.585	1.956318	0.9330979
51330	-118.9402	-383.9389	264.9987	3.261532	0.1459316
51336	-120.1963	-385.5351	265.3388	3.249889	0.2491248
51342	-112.1732	-378.5615	266.3883	2.358517	0.6481857
51348	-113.1074	-379.5927	266.4854	2.256988	0.6576936
51354	-118.0602	-383.8052	265.745	2.845644	0.2501065
51360	-93.49153	-359.639	266.1475	2.622746	0.4227296
51366	-96.6538	-362.4967	265.8429	2.765523	0.2593083
51372	-93.85746	-359.7649	265.9074	2.81697	0.3470748
51378	-104.9991	-371.1458	266.1467	2.632027	0.4524263
51384	-113.1172	-379.2971	266.18	2.603022	0.4829798
51390	-111.6143	-376.6905	265.0762	1.977873	2.076715
51396	-107.5626	-373.5528	265.9902	2.166492	1.285695
51402	-94.64169	-361.1407	266.499	2.242552	0.6593223
51408	-88.91918	-355.2781	266.3589	1.86695	1.228228
51414	-92.36688	-358.701	266.3341	1.983483	1.149008
51420	-102.9985	-369.6397	266.6412	2.028931	0.7774797
51426	-103.668	-370.1355	266.4675	1.930593	1.075936
51432	-118.4225	-384.6252	266.2028	1.825375	1.388366
51438	-107.7438	-373.4062	265.6624	1.605688	1.934175
51444	-106.5582	-371.4827	264.9245	1.201438	2.665633
51450	-100.0814	-365.8707	265.7893	1.425332	1.970126
51456	-105.8135	-371.1286	265.3151	1.552262	2.198618
51462	-104.5899	-369.1584	264.5684	1.347285	2.794303
51468	-107.4262	-372.4222	264.9961	1.161885	2.64591
51474	-109.335	-371.1432	261.8082	1.060259	4.563164
51480	-107.981	-371.6676	263.6866	1.079245	3.478771
51486	-97.31529	-361.9502	264.6349	1.221511	2.830393
51492	-94.85006	-361.1589	266.3089	1.694404	1.407722
51498	-105.1839	-371.6323	266.4485	1.633942	1.345569
51504	-106.1066	-372.2617	266.1551	1.447974	1.703079
51510	-112.3213	-377.5579	265.2366	1.175824	2.487861
51516	-114.5669	-380.4911	265.9242	1.128451	2.077687
51522	-124.5966	-389.3309	264.7343	1.248063	2.753635
51528	-123.0373	-388.3006	265.2633	1.531961	2.245115
51534	-124.9521	-391.1451	266.193	1.824926	1.396359
51540	-120.3426	-386.7925	266.4499	1.99309	1.033213
51546	-116.4727	-382.8877	266.415	1.951973	1.104673
51552	-113.5646	-380.0366	266.4719	2.160849	0.8270385
51558	-106.2436	-372.7221	266.4785	2.303014	0.5329517
51564	-103.5488	-369.5757	266.0269	2.723885	0.3826113
51570	-107.7126	-374.0712	266.3586	2.424924	0.4962984
51576	-114.1248	-380.5449	266.4202	2.363389	0.5050362
51582	-106.518	-373.0048	266.4868	2.215954	0.7288868
51588	-107.6189	-374.0339	266.4149	2.353407	0.5925005
51594	-113.2051	-379.5776	266.3726	2.372989	0.3744877
51600	-121.4473	-388.0834	266.6361	1.603023	1.21702
51606	-115.2808	-381.6281	266.3473	1.685852	1.384468
51612	-114.2938	-380.5806	266.2868	1.592929	1.501856
51618	-124.0567	-390.6704	266.6137	1.757397	1.100879
51624	-107.5734	-374.0466	266.4731	2.283012	0.6264414
51630	-106.4414	-372.9213	266.4799	2.011546	0.9852018
51636	-101.4003	-367.6882	266.2878	1.721406	1.403087
51642	-108.7893	-374.3463	265.557	1.646527	1.977564
51648	-106.4584	-372.3289	265.8705	1.76697	1.678643
51654	-111.8628	-377.6805	265.8178	1.765719	1.71688
51660	-115.6559	-381.2235	265.5676	1.905566	1.794014
51666	-116.4146	-382.3473	265.9327	1.683323	1.693872
51672	-109.9999	-376.3458	266.3459	2.349915	0.7396681
51678	-105.1143	-371.3108	266.1965	2.524507	0.6983798
51684	-118.5981	-385.2605	266.6624	2.035988	0.7357316
51690	-112.6833	-378.8	266.1168	2.652233	0.4193651
51696	-118.5307	-384.6966	266.1659	2.553341	0.3414046
51702	-117.9119	-384.3717	266.4597	2.212993	0.7737913
51708	-121.7932	-388.0645	266.2712	2.512362	0.4967478
51714	-126.0871	-392.3288	266.2417	2.512362	0.3880834
51720	-119.7084	-385.5288	265.8204	2.79103	0.2609599
51726	-108.9186	-374.8935	265.9749	2.682782	0.289161
51732	-112.3776	-378.3489	265.9712	2.670895	0.2789602
51738	-111.2893	-376.1617	264.8724	3.305455	0.1302425
51744	-113.0565	-377.9497	264.8932	3.28758	0.1307472
51750	-106.0702	-371.6247	265.5546	2.825386	0.1739744
51756	-101.1345	-367.1263	265.9918	2.700464	0.3156283
51762	-97.1409	-363.0595	265.9186	2.691461	0.2602168
51768	-95.51961	-361.316	265.7964	2.704149	0.2116095
51774	-99.09256	-364.8431	265.7505	2.766075	0.2176641
51780	-92.49009	-358.446	265.9559	2.685065	0.27822
51786	-92.5746	-358.9928	266.4182	2.364519	0.4792369
51792	-95.77521	-361.8725	266.0973	2.610573	0.3297624
51798	-95.35467	-361.1904	265.8358	2.80206	0.276268
51804	-102.8126	-369.2626	266.45	2.32763	0.4472467
51810	-105.4361	-372.0031	266.567	2.070183	0.8214175
51816	-100.6768	-367.3135	266.6367	2.056606	0.7435155
51822	-112.8435	-379.1916	266.3481	2.42339	0.4262431
51828	-102.9772	-369.3925	266.4152	2.361452	0.5612106
51834	-101.5764	-367.8619	266.2855	2.495299	0.4637956
51840	-103.9113	-370.0731	266.1618	2.590691	0.3853534
51846	-97.46981	-363.7904	266.3206	2.436003	0.392578
51852	-97.29119	-363.2981	266.0069	2.670737	0.3036838
51858	-98.32406	-364.6329	266.3088	2.424848	0.3581685
51864	-113.5236	-380.0959	266.5722	2.1864	0.6202209
51870	-108.6668	-375.3689	266.7021	2.059268	0.6128807
51876	-109.2439	-375.913	266.6691	2.076961	0.6498154
51882	-105.8008	-372.3267	266.526	2.147182	0.7731456
51888	-111.351	-378.0579	266.7068	1.880059	0.8823194
51894	-129.4464	-395.9102	266.4638	1.718793	1.264396
51900	-116.5746	-383.0013	266.4267	1.755846	1.264396
51906	-118.645	-385.2671	266.6222	1.615032	1.218629
51912	-120.8396	-387.0994	266.2598	1.493632	1.595142
51918	-122.0809	-388.2439	266.163	1.590447	1.595142
51924	-120.1183	-386.7257	266.6074	1.886628	0.9825715
51930	-115.6815	-382.3881	266.7067	1.60321	1.155862
51936	-122.7401	-389.3067	266.5665	1.743353	1.155862
51942	-114.3687	-380.8769	266.5083	1.850646	1.112004
51948	-107.2663	-373.7722	266.5058	1.85308	1.112004
51954	-107.5557	-373.8816	266.3259	1.493696	1.546593
51960	-106.2931	-372.1954	265.9024	1.476535	1.858908
51966	-118.5189	-383.5921	265.0732	1.259866	2.537421
51972	-118.4755	-384.4836	266.0081	1.664214	1.65374
51978	-132.0799	-397.6144	265.5345	2.144402	1.649012
51984	-142.9848	-409.4272	266.4424	2.30448	0.6481015
51990	-123.9201	-389.8331	265.913	1.952766	1.5123
51996	-116.6014	-383.1193	266.5179	2.086082	0.8623607
52002	-124.7345	-391.1735	266.439	2.105942	0.9291313
52008	-126.7817	-393.3887	266.607	1.999968	0.8587464
52014	-106.7415	-373.4515	266.71	1.864251	0.8967582
52020	-107.3578	-373.5406	266.1828	1.921345	1.328233
52026	-117.7566	-384.2739	266.5173	1.917332	1.041322
52032	-114.5672	-380.9922	266.425	2.043828	1.007876
52038	-107.0473	-373.4968	266.4495	2.052911	0.9740161
52044	-116.2129	-382.7319	266.5191	2.062206	0.8887725
52050	-125.3827	-391.8677	266.485	1.894385	1.093233
52056	-122.4804	-388.8884	266.408	1.888403	1.167689
52062	-118.2458	-384.7773	266.5316	2.109087	0.8169334
52068	-126.4686	-393.162	266.6933	2.019277	0.7127438
52074	-114.7047	-381.0178	266.3131	1.834013	1.293475
52080	-130.3277	-396.5321	266.2044	2.564542	0.4193063
52086	-126.917	-393.0811	266.1641	2.618459	0.4770883
52092	-130.5623	-396.932	266.3697	2.393603	0.6076504
52098	-143.44	-409.7532	266.3132	2.467634	0.5381935
52104	-128.8622	-395.083	266.2209	2.560204	0.5363121
52110	-125.6303	-391.7019	266.0716	2.681068	0.3857161
52116	-118.8684	-385.1184	266.25	2.520268	0.4226656
52122	-109.8483	-376.1888	266.3405	2.430821	0.4258086
52128	-104.608	-370.8567	266.2487	2.530316	0.5493853
52134	-109.8999	-376.3063	266.4065	2.372556	0.5493853
52140	-110.5408	-376.9994	266.4587	2.289759	0.6445846
52146	-112.6934	-379.0562	266.3628	2.271019	0.8256678
52152	-101.3417	-367.8554	266.5137	2.259321	0.5763608
52158	-108.5214	-375.0165	266.4951	2.153173	0.8070195
52164	-99.89262	-366.5769	266.6842	1.964251	0.8067626
52170	-110.6546	-377.1297	266.4751	2.173383	0.8067626
52176	-120.7909	-387.0986	266.3077	2.007778	1.15088
52182	-126.6152	-393.1105	266.4953	2.181954	0.7672816
52188	-111.7422	-378.2989	266.5567	2.120589	0.7672816
52194	-109.371	-375.8457	266.4747	2.261669	0.6697101
52200	-113.9117	-380.3865	266.4747	2.261669	0.6697101
52206	-122.2004	-388.5734	266.3731	2.405559	0.5515785
52212	-107.8158	-374.2099	266.3942	2.388387	0.5232776
52218	-112.0272	-378.4088	266.3816	2.394308	0.440533
52224	-109.5426	-376.1891	266.6465	2.049314	0.7397898
52230	-123.109	-389.5404	266.4313	2.272559	0.7270459
52236	-118.9707	-385.3314	266.3607	2.422517	0.4869939
52242	-112.1683	-378.7867	266.6184	2.064957	0.7584606
52248	-113.128	-379.5835	266.4555	2.056676	0.9639241
52254	-127.9143	-392.2265	264.3122	1.684185	2.74509
52260	-119.3659	-385.8425	266.4766	2.265097	0.6591038
52266	-124.4798	-391.0505	266.5707	2.204622	0.567178
52272	-120.7933	-387.2164	266.4231	2.312119	0.6721046
52278	-122.8557	-389.0837	266.2281	2.50714	0.6721046
52284	-121.8471	-387.3699	265.5229	1.424015	2.14695
52290	-116.6181	-382.9157	266.2976	2.369814	0.7811745
52296	-113.152	-379.556	266.4039	2.106463	0.9657509
52302	-131.2108	-397.5193	266.3085	2.467354	0.564649
52308	-126.3273	-392.5888	266.2615	2.478144	0.6632878
52314	-127.4189	-393.728	266.309	2.447784	0.6248071
52320	-127.0686	-393.4388	266.3701	2.27613	0.8097065
52326	-123.4926	-389.9537	266.4612	2.27613	0.6679623
52332	-132.3487	-397.072	264.7232	1.467371	2.625746
52338	-124.2286	-388.4759	264.2473	1.305617	3.01345
52344	-124.9993	-391.0221	266.0228	2.336018	1.112105
52350	-122.1893	-387.9062	265.7169	2.566445	1.179025
52356	-126.2286	-392.0005	265.7719	2.599136	1.100895
52362	-130.0671	-395.9125	265.8454	2.87877	0.6927464
52368	-131.1664	-397.1421	265.9757	2.79031	0.5996227
52374	-107.2054	-374.0252	266.8198	1.869061	0.750331
52380	-102.4166	-369.1078	266.6912	2.060751	0.6365309
52386	-104.8706	-371.3555	266.4849	2.287502	0.578489
52392	-105.2235	-371.703	266.4795	2.30193	0.5336104
52398	-109.6088	-376.0834	266.4745	2.293617	0.5930991
52404	-118.744	-385.3395	266.5954	2.15105	0.648858
52410	-115.8007	-382.2918	266.4911	1.919232	1.064416
52416	-120.9863	-387.7084	266.7221	1.817451	0.934941
52422	-99.97665	-366.4801	266.5034	1.987414	0.9858179
52428	-103.7601	-370.4526	266.6925	2.042405	0.6726578
52434	-93.37559	-359.8146	266.439	2.120291	0.91347
52440	-100.6639	-367.2137	266.5499	1.870027	1.055371
52446	-111.3301	-376.5742	265.2441	1.426254	2.325053
52452	-108.1278	-373.8904	265.7626	1.692502	1.806513
52458	-113.7507	-379.8494	266.0987	1.982965	1.346179
52464	-115.4377	-381.6309	266.1932	2.096063	1.173928
52470	-104.5528	-370.5809	266.0281	1.6992	1.614111
52476	-102.1104	-367.4438	265.3334	1.65322	2.12103
52482	-104.012	-370.1111	266.0991	1.616225	1.622746
52488	-101.6457	-367.9136	266.2679	1.534314	1.559434
52494	-113.1576	-377.8232	264.6656	1.765492	2.476177
52500	-139.7524	-403.6168	263.8644	1.345584	3.217726
52506	-134.8528	-398.6329	263.7802	1.591042	3.122004
52512	-123.9546	-389.1935	265.239	1.503804	2.278814
52518	-115.2888	-379.6347	264.3459	1.35454	2.924745
52524	-115.9913	-380.5235	264.5322	1.740427	2.574979
52530	-107.8783	-373.1606	265.2824	1.942354	1.963334
52536	-104.6703	-370.6847	266.0144	1.681261	1.636984
52542	-111.8575	-376.5628	264.7053	1.792101	2.43457
52548	-121.6567	-386.6846	265.0279	2.196271	1.963702
52554	-123.977	-390.1325	266.1555	1.813218	1.434381
52560	-120.777	-386.7941	266.0171	2.23243	1.208123
52566	-107.2105	-373.7678	266.5573	2.016026	0.8978202
52572	-112.4281	-378.9087	266.4806	2.259581	0.6621133
52578	-106.5122	-372.8479	266.3357	2.447273	0.4821246
52584	-112.5788	-379.0403	266.4615	2.316919	0.5524581
52590	-125.6675	-389.0234	263.3559	1.77786	3.262766
52596	-142.1726	-403.7186	261.546	1.797797	4.295234
52602	-125.1415	-390.2419	265.1004	1.76758	2.198207
52608	-123.5702	-389.552	265.9818	1.974349	1.444014
52614	-120.7717	-385.3588	264.587	1.46444	2.711355
52620	-118.8821	-384.5594	265.6773	1.718068	1.847656
52626	-114.7567	-380.3218	265.5651	1.712273	1.927897
52632	-116.2482	-382.799	266.5508	2.099154	0.8047845
52638	-112.4422	-379.0254	266.5833	2.073977	0.7951244
52644	-101.6394	-368.2685	266.6291	2.088355	0.7045191
52650	-122.9703	-388.5601	265.5898	1.889383	1.789818
52656	-123.5614	-389.5911	266.0296	2.176956	1.244403
52662	-121.4235	-387.6561	266.2326	2.390457	0.8391971
52668	-127.2833	-393.6651	266.3818	2.385495	0.5957389
52674	-101.0466	-367.4586	266.412	2.349455	0.6126527
52680	-122.8077	-388.3449	265.5371	1.892822	1.82387
52686	-127.0491	-392.6051	265.556	1.624477	1.992946
52692	-130.6167	-394.6397	264.0229	1.640523	2.94705
52698	-124.0521	-388.4537	264.4015	1.731089	2.661517
52704	-92.10748	-358.7226	266.6151	2.023195	0.8199392
52710	-91.33747	-358.0269	266.6895	1.980975	0.7769829
52716	-89.80575	-356.3248	266.519	2.151419	0.7769829
52722	-92.13932	-358.793	266.6537	2.129502	0.5143916
52728	-100.098	-366.3706	266.2727	2.510339	0.4829179
52734	-103.8136	-370.2718	266.4582	2.323595	0.5304992
52740	-106.1168	-372.5433	266.4265	2.323595	0.640933
52746	-104.1503	-370.8314	266.6811	2.05442	0.6713837
52752	-99.52432	-366.1278	266.6035	1.805932	1.06527
52758	-90.94662	-357.3965	266.4499	2.215264	0.7843562
52764	-89.32839	-355.8915	266.5631	2.171907	0.6725329
52770	-86.76559	-353.4138	266.6483	2.11611	0.6045809
52776	-87.35392	-353.6767	266.3228	2.457975	0.4633878
52782	-91.75904	-358.2052	266.4461	2.336414	0.4773431
52788	-94.45876	-360.6412	266.1824	2.590161	0.4294524
52794	-92.34672	-358.4541	266.1074	2.625825	0.3575912
52800	-102.5132	-368.6306	266.1174	2.625825	0.3711075
52806	-103.022	-368.9947	265.9727	2.727695	0.3227546
52812	-103.8461	-370.092	266.2458	2.512613	0.3960685
52818	-91.99711	-358.2878	266.2907	2.467724	0.3960685
52824	-98.64234	-364.7233	266.0809	2.648995	0.3535853
52830	-117.2636	-383.4531	266.1895	1.638401	1.540488
52836	-119.6913	-385.2094	265.5181	1.369656	2.185377
52842	-111.5438	-376.5712	265.0274	3.25812	0.1512764
52848	-127.9254	-392.7111	264.7857	3.375325	0.127315
52854	-130.3514	-395.3581	265.0068	3.192055	0.1339999
52860	-103.9219	-369.2236	265.3017	3.086345	0.1761481
52866	-106.6353	-371.8755	265.2402	3.147787	0.1761481
52872	-109.0484	-374.2843	265.2359	3.054181	0.1522634
52878	-115.0079	-380.239	265.2312	3.025441	0.1451858
52884	-105.6586	-370.6497	264.9911	3.28239	0.148685
52890	-129.3502	-395.7357	266.3855	1.907208	1.17087
52896	-120.3204	-386.5905	266.2701	1.799663	1.355658
52902	-121.2485	-387.7372	266.4887	2.137381	0.8353931
52908	-120.3358	-386.8098	266.474	2.164385	0.8199076
52914	-120.3347	-386.1633	265.8286	2.282032	1.323008
52920	-124.2743	-389.1372	264.8629	3.21751	0.114474
52926	-118.7845	-383.3687	264.5842	3.414678	0.1031532
52932	-122.0445	-386.7788	264.7344	3.414678	0.1252926
52938	-112.8922	-378.2461	265.3538	3.053643	0.1815665
52944	-102.1899	-367.1924	265.0024	3.228988	0.1401552
52950	-102.7713	-367.9055	265.1342	3.074856	0.1358858
52956	-95.13411	-360.2508	265.1167	3.067429	0.1313411
52962	-99.57321	-364.7095	265.1363	3.1517	0.1518041
52968	-87.02598	-351.2729	264.2469	3.535371	0.07917514
52974	-88.86188	-352.9304	264.0685	3.718394	0.07960788
52980	-97.7256	-362.6606	264.935	3.158712	0.1164798
52986	-94.19157	-359.3709	265.1793	3.109417	0.1519701
52992	-97.08707	-362.4632	265.3761	3.039667	0.1839569
52998	-99.3603	-364.7749	265.4146	3.026963	0.1917129
53004	-101.9974	-368.2404	266.2431	2.48457	0.3508533
53010	-106.482	-372.8375	266.3555	2.389315	0.373348
53016	-93.10131	-359.3153	266.214	2.554327	0.4177043
53022	-100.146	-366.3296	266.1836	2.515629	0.3216775
53028	-112.0314	-378.3117	266.2803	2.38887	0.2973293
53034	-110.3832	-376.7629	266.3797	2.398019	0.4475559
53040	-105.6788	-372.3395	266.6607	2.084909	0.6507452
53046	-109.0471	-375.6188	266.5717	2.170975	0.6569873
53052	-104.5367	-370.8638	266.3271	2.456277	0.5094253
53058	-100.1113	-366.4688	266.3575	2.414792	0.4284766
53064	-106.3807	-372.7771	266.3964	2.384258	0.4625337
53070	-101.9567	-367.954	265.9972	2.708453	0.3277071
53076	-107.6722	-373.5459	265.8737	2.701058	0.2423985
53082	-109.6199	-375.8629	266.243	2.485303	0.3516532
53088	-97.3518	-363.76	266.4082	2.368868	0.4449132
53094	-96.92426	-363.3647	266.4405	2.336568	0.4449132
53100	-104.2518	-370.5845	266.3327	2.430069	0.4047035
53106	-104.2008	-370.5787	266.3779	2.37327	0.3832332
53112	-104.621	-370.9415	266.3205	2.457937	0.4508798
53118	-106.6935	-373.2154	266.5219	2.246344	0.592804
53124	-106.6978	-373.3947	266.6969	2.071342	0.592804
53130	-108.4352	-374.8994	266.4643	2.3114	0.5655828
53136	-103.3916	-369.7472	266.3556	2.036915	1.081099
53142	-113.9669	-380.5381	266.5712	1.777387	1.121374
53148	-108.4667	-375.0786	266.6119	1.782909	1.079
53154	-114.524	-380.9335	266.4096	1.705621	1.319343
53160	-119.2134	-384.9363	265.7229	1.593786	1.901287
53166	-115.2536	-381.6603	266.4067	1.823173	1.224857
53172	-116.5781	-383.0706	266.4925	1.737378	1.224857
53178	-108.1686	-374.6133	266.4447	1.785186	1.224857
53184	-109.5094	-375.9842	266.4748	1.664048	1.300228
53190	-109.6681	-376.0285	266.3604	1.413492	1.580177
53196	-114.112	-379.9335	265.8215	1.234789	2.075291
53202	-122.1104	-387.7947	265.6842	1.312957	2.114086
53208	-122.5202	-387.2463	264.7261	1.133416	2.828484
53214	-122.6099	-388.9078	266.2979	1.709859	1.404246
53220	-113.0479	-379.3542	266.3063	1.701435	1.404246
53226	-114.0227	-380.4398	266.417	1.739716	1.285607
53232	-118.2435	-381.2444	263.001	0.9333746	3.959223
53238	-127.9488	-392.4703	264.5215	1.004469	3.029581
53244	-123.2743	-389.3403	266.066	1.75379	1.546445
53250	-116.6683	-383.3357	266.6674	1.690471	1.112943
53256	-110.1743	-376.7546	266.5803	1.859443	1.036394
53262	-108.347	-374.7236	266.3766	2.063079	1.036394
53268	-106.734	-373.3663	266.6323	1.840321	1.004165
53274	-109.4924	-375.802	266.3096	1.993779	1.161589
53280	-107.0643	-372.9629	265.8987	1.683947	1.717502
53286	-110.3854	-376.6688	266.2834	2.007379	1.172556
53292	-105.7473	-372.2813	266.534	2.030813	0.9073098
53298	-106.8968	-373.0017	266.1049	1.998253	1.329
53304	-107.2301	-373.9937	266.7636	1.82382	0.8816727
53310	-109.7391	-376.256	266.5169	1.939811	1.019845
53316	-109.5996	-376.3194	266.7198	1.736861	1.019845
53322	-111.4899	-377.8744	266.3846	1.840559	1.228838
53328	-114.4888	-381.0532	266.5644	1.660734	1.228838
53334	-110.9972	-377.3044	266.3072	1.656961	1.437847
53340	-118.2929	-384.0475	265.7546	1.611039	1.868011
53346	-117.6513	-383.7265	266.0752	1.936607	1.401091
53352	-120.5223	-386.5956	266.0732	1.773262	1.526682
53358	-117.4463	-383.948	266.5017	1.814982	1.149834
53364	-111.3404	-377.9239	266.5835	1.940752	0.9512596
53370	-103.4696	-369.8815	266.4119	1.811332	1.230415
53376	-106.4189	-373.0846	266.6657	2.047432	0.7118825
53382	-107.1968	-373.8021	266.6053	1.945435	0.9228662
53388	-100.7742	-367.5287	266.7544	1.945435	0.733394
53394	-98.07403	-364.5289	266.4549	2.222305	0.7673686
53400	-96.8822	-363.2886	266.4064	2.377181	0.4956147
53406	-97.88274	-364.4733	266.5906	2.192981	0.4956147
53412	-104.7555	-370.6468	265.8913	2.185631	1.3499
53418	-109.4382	-375.0544	265.6162	2.268265	1.498295
53424	-107.2423	-373.3636	266.1213	2.627969	0.3802436
53430	-121.6244	-387.3277	265.7033	2.347424	1.370658
53436	-115.2053	-380.8061	265.6008	2.432922	1.38403
53442	-93.15642	-359.3684	266.2119	2.55939	0.4257145
53448	-100.9921	-367.1142	266.122	2.645308	0.4151633
53454	-99.02111	-365.2104	266.1893	2.579695	0.4192372
53460	-101.0047	-367.2664	266.2618	2.521829	0.5021019
53466	-105.7217	-372.2902	266.5685	2.18907	0.6228284
53472	-103.5673	-369.9559	266.3886	2.392819	0.5335315
53478	-106.5853	-372.8835	266.2981	2.480745	0.5500872
53484	-97.75468	-364.2875	266.5328	2.166526	0.7342421
53490	-94.63588	-361.3454	266.7095	1.844837	0.9189412
53496	-96.59196	-363.1033	266.5113	2.02247	0.9411489
53502	-95.31669	-361.9421	266.6254	2.01896	0.8121781
53508	-105.7166	-372.4031	266.6865	1.797573	0.9926047
53514	-103.8586	-370.4795	266.6209	1.943532	0.9078341
53520	-99.11023	-365.7626	266.6523	2.011783	0.7857552
53526	-107.1408	-373.6827	266.5419	2.12225	0.7857552
53532	-110.3263	-376.9916	266.6654	2.047432	0.7124733
53538	-114.0718	-380.5196	266.4478	2.29462	0.6574799
53544	-120.1211	-386.662	266.541	2.242536	0.5070091
53550	-120.3105	-386.8508	266.5403	2.18315	0.6939607
53556	-118.0792	-384.6061	266.5269	2.112471	0.8186233
53562	-125.7825	-390.5831	264.8006	1.663659	2.455382
53568	-134.2475	-398.7403	264.4928	1.997578	2.438975
53574	-124.8495	-391.3942	266.5447	2.051589	0.8713528
53580	-120.0252	-386.5413	266.5161	2.142165	0.7937026
53586	-125.1576	-391.5491	266.3915	1.995528	1.086157
53592	-118.5834	-384.7524	266.169	1.983394	1.289168
53598	-114.237	-380.7374	266.5003	2.254506	0.629711
53604	-128.8155	-394.6587	265.8432	2.411822	1.203455
53610	-106.9051	-373.2897	266.3846	2.393916	0.5521815
53616	-106.8995	-373.2834	266.3839	2.394569	0.5521815
53622	-112.9121	-379.4349	266.5228	2.227167	0.6411627
53628	-111.1925	-377.6049	266.4124	2.332745	0.6517969
53634	-111.346	-377.6613	266.3153	2.408361	0.6937191
53640	-124.9177	-388.4902	263.5725	1.795685	3.1238
53646	-119.5898	-383.8961	264.3063	1.94594	2.587604
53652	-118.3003	-382.9759	264.6756	1.788812	2.455297
53658	-126.795	-391.4805	264.6855	1.778879	2.455297
53664	-128.758	-393.1252	264.3672	2.063376	2.476522
53670	-113.5481	-379.4642	265.916	2.740732	0.2885557
53676	-108.0189	-373.9247	265.9059	2.77989	0.3101471
53682	-115.5293	-381.5093	265.98	2.77989	0.3988646
53688	-119.6685	-385.6412	265.9727	2.768616	0.3683884
53694	-123.2662	-387.9104	264.6442	2.128313	2.259731
53700	-118.7996	-384.7475	265.9479	2.773717	0.3439628
53706	-105.3649	-371.0316	265.6667	2.907728	0.2422264
53712	-101.6789	-367.3858	265.7069	2.867504	0.2422264
53718	-99.2562	-364.9309	265.6747	2.887895	0.2367741
53724	-119.9342	-385.7415	265.8073	2.831484	0.2768886
53730	-119.9821	-385.6945	265.7124	2.901703	0.2623985
53736	-112.8341	-378.3634	265.5293	2.991093	0.2191338
53742	-120.1639	-386.1718	266.0079	2.722041	0.3536168
53748	-122.8042	-388.9568	266.1526	2.598537	0.3832569
53754	-119.9214	-386.0233	266.1019	2.592102	0.3171215
53760	-116.7959	-382.783	265.9871	2.713658	0.3230669
53766	-113.6484	-379.7155	266.067	2.669345	0.361679
53772	-102.3514	-368.3753	266.0239	2.664638	0.3124562
53778	-102.0842	-368.5175	266.4333	2.330652	0.4072614
53784	-101.3579	-367.9161	266.5582	2.213511	0.5811391
53790	-97.81168	-364.4123	266.6006	2.153677	0.6310885
53796	-93.32367	-359.7773	266.4537	1.876837	1.137565
53802	-100.1519	-366.8076	266.6557	1.525734	1.265288
53808	-102.5281	-368.1973	265.6692	1.555261	1.963503
53814	-111.4064	-376.6526	265.2462	2.393751	1.676863
53820	-105.3226	-371.9709	266.6483	1.661979	1.155537
53826	-99.96726	-365.5292	265.5619	1.628216	1.986494
53832	-101.1055	-367.3534	266.2479	1.597536	1.527422
53838	-111.1248	-377.6007	266.4758	1.580736	1.36604
53844	-111.3374	-378.1605	266.8232	1.817145	0.817429
53850	-116.65	-382.4246	265.7746	1.893377	1.656844
53856	-114.4316	-379.5144	265.0828	1.804775	2.185491
53862	-118.1588	-383.3923	265.2335	2.052238	1.922267
53868	-117.8173	-383.1981	265.3808	1.710238	2.052373
53874	-127.6355	-392.3047	264.6693	1.571789	2.59456
53880	-117.8798	-384.4379	266.5581	2.08503	0.8137061
53886	-122.9665	-389.3547	266.3882	2.308114	0.7389502
53892	-122.8597	-385.1874	262.3277	1.30918	4.128927
53898	-116.2862	-380.6692	264.383	1.812848	2.622526
53904	-119.4957	-384.4886	264.9929	1.857068	2.209836
53910	-112.6951	-375.7564	263.0613	1.916931	3.354389
53916	-110.0394	-375.0764	265.037	1.633973	2.324657
53922	-119.2589	-385.05	265.7911	1.796906	1.713729
53928	-113.8419	-380.3495	266.5076	1.793649	1.163473
53934	-103.9173	-369.4104	265.4931	1.792392	1.922414
53940	-107.9855	-374.4111	266.4256	1.659459	1.343436
53946	-106.6703	-373.0919	266.4216	1.663468	1.343436
53952	-106.1871	-372.6357	266.4486	1.558993	1.40436
53958	-99.70716	-365.967	266.2599	1.488618	1.598731
53964	-111.9666	-378.5175	266.5508	2.158345	0.7184899
53970	-122.6075	-387.8224	265.2149	1.564842	2.255105
53976	-122.1337	-387.3439	265.2102	1.518878	2.287604
53982	-115.3104	-381.3384	266.0279	1.687844	1.62245
53988	-120.6761	-386.7297	266.0535	2.024507	1.34906
53994	-115.0332	-381.432	266.3988	2.037556	1.039603
54000	-120.2002	-386.4784	266.2781	2.503337	0.4681619
54006	-111.4519	-377.7005	266.2486	2.534835	0.4907178
54012	-112.4245	-378.6746	266.2502	2.527408	0.4471767
54018	-122.9434	-389.611	266.6676	1.986032	0.7999029
54024	-120.4217	-386.2676	265.8459	1.912925	1.59118
54030	-118.1089	-384.476	266.367	2.163958	0.9441502
54036	-121.9368	-388.3013	266.3645	2.405756	0.4226741
54042	-113.075	-378.4713	265.3964	2.027439	1.828116
54048	-131.4943	-395.3879	263.8936	1.58837	3.05591
54054	-115.5712	-379.871	264.2998	1.674447	2.75861
54060	-107.1245	-371.6748	264.5503	1.874567	2.480106
54066	-113.5477	-377.1779	263.6302	1.808242	3.081931
54072	-115.4123	-379.4902	264.0779	1.742154	2.852411
54078	-116.9718	-380.5836	263.6118	1.825698	3.082489
54084	-134.6128	-400.4645	265.8518	2.405596	1.201455
54090	-120.7512	-386.4958	265.7446	2.282397	1.389235
54096	-124.076	-390.0363	265.9603	2.307319	1.192656
54102	-118.1075	-384.4742	266.3667	2.416477	0.5143924
54108	-118.3646	-384.6169	266.2523	2.513802	0.4121212
54114	-118.0361	-384.4502	266.4142	2.343709	0.6221028
54120	-132.9241	-395.783	262.859	1.273247	3.845733
54126	-135.0539	-399.3641	264.3102	1.238784	3.015816
54132	-117.7287	-383.5901	265.8613	1.900146	1.589265
54138	-109.6692	-375.7482	266.079	1.655372	1.609012
54144	-127.1648	-389.4491	262.2842	1.205733	4.212398
54150	-112.6497	-376.3207	263.6711	1.640751	3.157325
54156	-104.7643	-369.571	264.8068	1.574093	2.507608
54162	-112.7068	-379.1149	266.4081	2.375465	0.4982278
54168	-104.36	-370.7681	266.4081	2.375465	0.4983545
54174	-102.9442	-369.3285	266.3843	2.395489	0.5446363
54180	-116.2342	-382.5134	266.2792	2.465892	0.3738192
54186	-123.6848	-390.2851	266.6003	2.169175	0.5888657
54192	-113.2366	-379.7514	266.5148	2.152112	0.7819191
54198	-107.8895	-374.381	266.4915	2.209617	0.731382
54204	-116.4265	-382.0459	265.6194	1.786656	1.840304
54210	-116.448	-381.1439	264.6959	1.558582	2.586249
54216	-110.5586	-376.2336	265.675	1.911354	1.71484
54222	-103.1225	-369.7656	266.6431	2.103421	0.6487435
54228	-108.6959	-375.1051	266.4092	2.337381	0.6487435
54234	-96.20247	-362.583	266.3805	2.171457	0.9215569
54240	-93.40032	-359.9897	266.5894	1.962508	0.9215569
54246	-101.3375	-367.9608	266.6232	1.948748	0.8993278
54252	-110.9286	-377.5535	266.6249	1.896766	0.9540264
54258	-97.37107	-363.8228	266.4517	1.623134	1.351575
54264	-103.6971	-370.0288	266.3317	1.781958	1.320556
54270	-107.8852	-373.2401	265.3549	1.954768	1.906085
54276	-104.9972	-370.7225	265.7253	1.945242	1.654983
54282	-99.56178	-366.1641	266.6024	2.127518	0.6822729
54288	-98.29654	-364.856	266.5594	2.041888	0.8654775
54294	-97.70593	-363.8647	266.1588	2.029358	1.259785
54300	-93.70477	-360.2981	266.5933	2.023614	0.8466849
54306	-100.8983	-367.1342	266.2359	1.805232	1.378201
54312	-106.3795	-372.7098	266.3304	1.790386	1.314873
54318	-114.0766	-379.8877	265.8111	1.456782	1.93432
54324	-101.2203	-366.8536	265.6332	1.72397	1.873728
54330	-108.9747	-375.2815	266.3068	1.659805	1.435982
54336	-107.0357	-373.4461	266.4104	1.683382	1.336511
54342	-128.318	-394.4834	266.1654	1.526197	1.639924
54348	-113.2607	-378.0931	264.8325	1.491635	2.542991
54354	-127.081	-392.5925	265.5115	1.821313	1.890323
54360	-117.4161	-383.1184	265.7023	1.573672	1.928848
54366	-109.2677	-375.8241	266.5563	2.178977	0.6719004
54372	-117.5293	-383.9509	266.4216	2.22683	0.8068753
54378	-119.4422	-386.0704	266.6283	1.918008	0.9277131
54384	-109.2914	-375.6966	266.4052	2.161799	0.9049495
54390	-110.1378	-376.8147	266.6769	2.091769	0.5915264
54396	-103.5543	-370.0302	266.4759	2.120038	0.871812
54402	-105.8064	-372.3002	266.4938	2.013916	0.9684977
54408	-108.0584	-374.6549	266.5965	1.916735	0.9627831
54414	-106.7308	-373.0369	266.306	1.804846	1.322809
54420	-105.3815	-371.9284	266.5469	1.714279	1.198185
54426	-105.3346	-371.8736	266.539	1.970255	0.9668998
54432	-104.183	-370.7303	266.5473	2.146935	0.7422229
54438	-114.6086	-381.2167	266.6081	2.086105	0.7422229
54444	-121.6092	-388.1227	266.5135	2.253721	0.5961029
54450	-104.8772	-371.3	266.4228	2.344389	0.5961029
54456	-114.7192	-381.1611	266.4419	2.313841	0.6275769
54462	-102.2034	-368.6464	266.4431	2.297472	0.6614443
54468	-104.5025	-371.0007	266.4982	2.284927	0.5156515
54474	-97.44504	-363.6083	266.1633	2.581303	0.3730293
54480	-101.7152	-367.7502	266.035	2.709583	0.3730293
54486	-117.7169	-384.1926	266.4757	2.29156	0.4148993
54492	-96.51965	-362.8776	266.358	2.417315	0.5672466
54498	-100.5289	-366.9278	266.3989	2.378934	0.5556727
54504	-98.19029	-364.5948	266.4046	2.37647	0.4650099
54510	-103.7545	-370.1521	266.3976	2.383418	0.4650099
54516	-106.6551	-373.1431	266.4881	2.096974	0.8844733
54522	-111.8255	-378.234	266.4085	2.062237	1.006018
54528	-111.7531	-378.453	266.7	2.024895	0.6914922
54534	-116.7001	-383.1961	266.4961	2.091438	0.8816451
54540	-117.1565	-383.2904	266.1339	1.908948	1.376826
54546	-114.0787	-379.6068	265.5281	1.40594	2.155327
54552	-119.3222	-385.6943	266.3721	2.275727	0.8076154
54558	-111.2238	-377.6714	266.4476	2.306955	0.6303854
54564	-108.8215	-375.2242	266.4027	2.243727	0.8095293
54570	-118.9652	-385.3865	266.4214	2.3601	0.533264
54576	-119.4613	-385.9265	266.4652	2.300586	0.6004818
54582	-114.6559	-379.2267	264.5708	1.345186	2.794142
54588	-109.5417	-375.0242	265.4824	1.793521	1.928862
54594	-108.4596	-374.7006	266.241	2.527384	0.4178735
54600	-105.0269	-371.149	266.1221	2.646298	0.4178735
54606	-99.60931	-365.9293	266.32	2.439749	0.3985504
54612	-105.8202	-372.2181	266.3979	2.384624	0.4775364
54618	-95.63226	-362.0606	266.4283	2.351837	0.4594992
54624	-104.4166	-371.1124	266.6958	1.845015	0.9335792
54630	-100.4319	-366.9698	266.5379	1.983631	0.9540846
54636	-110.9992	-377.6237	266.6245	1.897065	0.9540846
54642	-118.8379	-385.2972	266.4594	1.867756	1.14056
54648	-122.2957	-388.5099	266.2141	2.040228	1.204026
54654	-112.8569	-377.9439	265.0869	1.773222	2.203268
54660	-110.0873	-374.4018	264.3145	1.660929	2.757873
54666	-107.9393	-372.5442	264.6049	1.684367	2.564643
54672	-113.4835	-379.1071	265.6236	2.162194	1.571484
54678	-112.2611	-378.1394	265.8783	2.095993	1.430078
54684	-105.6169	-371.5231	265.9063	1.828056	1.609035
54690	-100.99	-367.0885	266.0985	1.780187	1.502626
54696	-106.7062	-370.9011	264.1949	1.534396	2.907331
54702	-100.4876	-366.1806	265.693	1.953384	1.672283
54708	-106.8575	-372.6854	265.8279	2.098671	1.466563
54714	-101.1696	-367.3468	266.1771	2.056989	1.221237
54720	-95.25523	-360.7489	265.4937	2.031641	1.757706
54726	-113.2569	-378.5275	265.2707	2.165336	1.819707
54732	-107.6614	-373.4743	265.8129	2.305212	1.317004
54738	-107.3207	-373.2334	265.9127	1.889345	1.559557
54744	-103.2751	-368.4691	265.194	1.759116	2.142896
54750	-94.31671	-360.1165	265.7998	2.030074	1.539024
54756	-96.27799	-361.7837	265.5057	2.079778	1.71548
54762	-107.9687	-373.3254	265.3566	1.891732	1.947444
54768	-99.93367	-365.3379	265.4042	2.011748	1.83351
54774	-101.4489	-366.5608	265.1118	1.799298	2.170213
54780	-104.1888	-367.1162	262.9274	1.404627	3.730662
54786	-95.20072	-360.4911	265.2904	1.796188	2.055269
54792	-102.3481	-367.7728	265.4247	2.112932	1.749115
54798	-104.9774	-367.9242	262.9468	1.516898	3.654511
54804	-119.8266	-385.1791	265.3525	3.155104	0.2142266
54810	-110.3171	-375.5021	265.185	1.471011	2.334223
54816	-107.3939	-373.1392	265.7453	1.977986	1.616987
54822	-108.4315	-374.196	265.7645	2.831477	0.2528191
54828	-116.9056	-382.461	265.5554	2.99658	0.2321002
54834	-102.3413	-368.0648	265.7234	2.828547	0.2321002
54840	-109.2744	-374.9118	265.6374	2.927773	0.2379594
54846	-108.6236	-374.1128	265.4892	2.971302	0.1977562
54852	-118.5503	-384.1697	265.6194	2.949606	0.239719
54858	-136.0789	-401.9194	265.8405	2.802803	0.2796778
54864	-115.908	-381.3678	265.4597	1.918311	1.859499
54870	-109.889	-374.7826	264.8936	1.684216	2.383842
54876	-117.9223	-382.541	264.6187	1.505456	2.666713
54882	-107.9273	-371.3316	263.4043	1.335729	3.493854
54888	-107.1692	-370.8225	263.6533	1.271029	3.386055
54894	-99.17537	-364.8491	265.6737	1.290508	2.135652
54900	-96.96557	-359.8621	262.8966	1.125845	3.908779
54906	-92.71594	-356.8389	264.123	1.121798	3.197098
54912	-102.1471	-366.8169	264.6698	0.8270854	3.047032
54918	-104.8297	-367.6556	262.8259	1.172021	3.922797
54924	-101.0483	-362.9898	261.9415	1.267797	4.371235
54930	-112.6706	-376.0072	263.3366	1.143341	3.645078
54936	-115.7321	-379.8298	264.0977	1.672829	2.882418
54942	-115.9906	-381.0922	265.1016	1.401432	2.431008
54948	-117.3582	-382.4341	265.0759	1.353791	2.477082
54954	-108.5203	-374.0517	265.5314	1.348509	2.190462
54960	-111.0393	-376.7711	265.7318	1.556302	1.92064
54966	-114.6714	-379.3499	264.6785	1.550289	2.602119
54972	-121.6804	-386.1429	264.4625	1.336586	2.865152
54978	-112.9117	-378.8893	265.9777	1.68466	1.660884
54984	-119.3815	-384.815	265.4335	1.446924	2.190147
54990	-129.4151	-394.4304	265.0153	1.699339	2.296789
54996	-131.7229	-396.7285	265.0056	1.353639	2.521091
55002	-138.1701	-403.0276	264.8576	1.335619	2.624157
55008	-130.815	-395.403	264.588	1.572788	2.644165
55014	-114.0744	-380.0427	265.9684	2.804167	0.4292293
55020	-121.162	-387.0761	265.9141	2.799467	0.3354938
55026	-125.3694	-391.1536	265.7843	2.881712	0.2950063
55032	-118.8372	-384.7018	265.8645	2.809543	0.3009947
55038	-116.0293	-381.8995	265.8702	2.809543	0.3053849
55044	-147.2698	-413.7466	266.4768	2.138277	0.8489862
55050	-122.6727	-389.1859	266.5132	2.251968	0.6022651
55056	-129.5103	-395.8793	266.3689	2.399942	0.5908624
55062	-132.9169	-398.2789	265.362	3.071315	0.1891822
55068	-125.8876	-391.5334	265.6458	2.905419	0.2317797
55074	-127.8465	-394.3653	266.5188	2.194632	0.7114179
55080	-126.1833	-392.6301	266.4468	2.118078	0.9072822
55086	-123.6965	-390.0091	266.3126	2.311886	0.8373867
55092	-122.8397	-389.2549	266.4152	1.935871	1.119093
55098	-125.327	-391.5717	266.2447	1.935871	1.266023
55104	-120.0355	-386.1396	266.1041	1.928886	1.384594
55110	-114.5895	-381.0342	266.4446	2.243208	0.7518129
55116	-131.0903	-397.5209	266.4306	2.17493	0.8605043
55122	-120.0121	-383.7985	263.7864	1.289083	3.29716
55128	-121.9477	-387.0273	265.0796	1.56327	2.342556
55134	-117.352	-382.662	265.31	1.532357	2.214737
55140	-136.7994	-402.2286	265.4292	1.680936	2.039722
55146	-134.7483	-400.7162	265.9679	1.621441	1.71274
55152	-125.4601	-391.8585	266.3984	1.999702	1.075915
55158	-118.3035	-384.8196	266.5161	1.966928	0.9937139
55164	-119.8586	-386.4092	266.5507	1.876512	1.04842
55170	-129.135	-395.7034	266.5684	1.858814	1.04842
55176	-128.2639	-394.8539	266.59	1.864899	1.021591
55182	-130.2774	-396.6265	266.3491	1.666693	1.397978
55188	-130.8967	-397.209	266.3123	1.703537	1.397978
55194	-113.5222	-380.217	266.6947	1.871167	0.9061357
55200	-113.6441	-380.2812	266.6371	1.848846	0.9907625
55206	-107.2507	-373.8516	266.6009	2.016283	0.8464079
55212	-120.1912	-386.6312	266.44	2.243545	0.7581411
55218	-110.0889	-376.6471	266.5582	1.994576	0.9206296
55224	-104.7638	-371.5115	266.7477	1.835383	0.8867518
55230	-113.4615	-379.9892	266.5278	1.827568	1.115251
55236	-113.0482	-379.5902	266.542	1.85817	1.073937
55242	-110.5614	-377.143	266.5816	1.818582	1.073937
55248	-102.3295	-368.9199	266.5904	1.952974	0.930842
55254	-106.1461	-372.6282	266.4821	2.174428	0.7961078
55260	-104.4995	-370.9381	266.4386	2.333129	0.5812134
55266	-110.6426	-376.8672	266.2246	2.558702	0.5112403
55272	-98.08194	-364.2834	266.2015	2.557079	0.396308
55278	-102.0914	-368.1517	266.0603	2.567161	0.2700453
55284	-100.451	-366.5785	266.1275	2.625543	0.3862849
55290	-107.4578	-373.7178	266.26	2.500267	0.3995871
55296	-112.6682	-379.0427	266.3745	2.392105	0.4135189
55302	-104.2731	-370.7478	266.4747	2.304539	0.4548486
55308	-105.7267	-371.6058	265.8791	2.734246	0.2620306
55314	-109.5131	-375.7349	266.2218	2.484005	0.3278151
55320	-112.2853	-378.4091	266.1237	2.646551	0.4227965
55326	-111.7641	-377.8433	266.0793	2.61609	0.3182841
55332	-106.0976	-372.0811	265.9835	2.711859	0.3182841
55338	-95.83891	-361.7551	265.9162	2.779193	0.3182841
55344	-112.6429	-378.4568	265.8139	2.85541	0.2974165
55350	-110.3713	-376.6989	266.3276	2.434648	0.4037496
55356	-112.8427	-379.0782	266.2355	2.508803	0.3725509
55362	-111.6596	-377.6663	266.0067	2.73756	0.3725509
55368	-109.4174	-375.5325	266.1151	2.629178	0.3725509
55374	-99.91794	-366.0648	266.1468	2.592392	0.3654773
55380	-91.56499	-357.7818	266.2168	2.533763	0.38225
55386	-90.38213	-356.5006	266.1185	2.632096	0.38225
55392	-99.17883	-365.2365	266.0576	2.585984	0.2799036
55398	-98.81583	-364.3519	265.5361	2.9703	0.2137725
55404	-111.6885	-376.7843	265.0957	3.260927	0.1679292
55410	-112.9645	-378.3001	265.3356	3.021039	0.1679292
55416	-113.2071	-378.2318	265.0248	3.244443	0.1477925
55422	-110.4066	-375.6327	265.2261	3.166711	0.1774606
55428	-104.7824	-370.1078	265.3254	3.017524	0.1645032
55434	-117.5856	-383.1995	265.6138	3.018658	0.2730284
55440	-111.9031	-377.734	265.8309	2.877809	0.3306356
55446	-117.8594	-383.8143	265.9549	2.75384	0.3306356
55452	-114.0943	-379.9179	265.8237	2.885059	0.3306356
55458	-111.5906	-377.5231	265.9325	2.800802	0.3576692
55464	-113.6203	-380.1477	266.5274	2.134427	0.7888517
55470	-102.2955	-368.6182	266.3227	2.456362	0.5492396
55476	-107.8407	-374.2568	266.4161	2.281291	0.737318
55482	-114.1254	-380.5891	266.4637	2.048121	0.9642178
55488	-106.4168	-372.9377	266.5209	1.96938	0.9863671
55494	-104.2405	-370.707	266.4664	1.720776	1.260533
55500	-99.28168	-365.5693	266.2877	1.807567	1.335366
55506	-108.5251	-374.5152	265.9901	1.669259	1.662985
55512	-104.613	-370.9784	266.3654	2.283328	0.8063903
55518	-109.9376	-376.3367	266.3991	2.364576	0.6066111
55524	-113.2959	-379.6391	266.3432	2.440303	0.5060459
55530	-105.0963	-371.4814	266.3851	2.395334	0.5407965
55536	-106.3252	-372.6436	266.3183	2.463921	0.5265068
55542	-102.1685	-368.4824	266.3139	2.46957	0.49302
55548	-102.6486	-368.6154	265.9668	2.81521	0.4719504
55554	-103.081	-369.5521	266.4712	2.247535	0.702353
55560	-126.8395	-393.0231	266.1836	1.74056	1.468406
55566	-114.5642	-380.723	266.1587	1.567029	1.615228
55572	-102.5676	-369.1266	266.559	2.216389	0.5667648
55578	-104.585	-371.1297	266.5447	2.126651	0.7757479
55584	-108.4825	-375.2539	266.7714	1.841213	0.8519709
55590	-105.8091	-371.1503	265.3411	1.841953	1.991189
55596	-110.867	-377.1725	266.3055	1.930874	1.219336
55602	-106.4433	-372.5566	266.1133	1.937487	1.37062
55608	-105.2015	-371.1525	265.951	1.694304	1.673024
55614	-122.3998	-388.2623	265.8625	1.918111	1.575288
55620	-127.5287	-391.4632	263.9345	1.262595	3.22534
55626	-128.5861	-393.7847	265.1986	1.554927	2.271918
55632	-122.2572	-387.623	265.3658	1.735162	2.04576
55638	-126.593	-391.4368	264.8438	1.48092	2.542617
55644	-123.0726	-388.7007	265.6281	1.535271	2.00437
55650	-103.3763	-369.8333	266.4569	1.856854	1.152403
55656	-110.7044	-377.1355	266.4311	1.945456	1.095849
55662	-112.5307	-378.8714	266.3407	1.728497	1.356029
55668	-114.3934	-380.662	266.2686	2.125396	1.07969
55674	-110.783	-377.0086	266.2256	1.728285	1.445747
55680	-114.4607	-380.5438	266.0831	2.008349	1.33839
55686	-112.0098	-378.3834	266.3737	2.063008	1.039295
55692	-110.9936	-377.5562	266.5627	1.874028	1.039295
55698	-112.1769	-378.6903	266.5134	1.815268	1.139221
55704	-104.533	-370.8983	266.3654	1.963295	1.139221
55710	-91.34553	-357.7887	266.4432	1.842952	1.176613
55716	-100.6555	-367.1181	266.4626	1.603323	1.358651
55722	-95.64919	-361.2899	265.6407	1.608202	1.947101
55728	-106.5428	-371.4722	264.9294	1.359617	2.564811
55734	-104.2267	-369.9129	265.6863	1.564733	1.945679
55740	-98.39132	-364.7193	266.328	1.627483	1.444547
55746	-98.52317	-364.9529	266.4297	1.430605	1.516388
55752	-98.64481	-364.2913	265.6465	1.382212	2.093415
55758	-93.66118	-359.6082	265.947	1.404181	1.877852
55764	-93.47313	-359.6082	266.1351	1.336861	1.794848
55770	-95.8436	-361.0926	265.249	1.572983	2.227885
55776	-98.57576	-362.1578	263.5821	1.668495	3.19367
55782	-90.98268	-356.6141	265.6314	1.383263	2.102644
55788	-96.11893	-361.446	265.3271	1.353246	2.318719
55794	-104.6949	-370.1318	265.4369	1.544731	2.124292
55800	-117.6588	-383.232	265.5732	1.228885	2.240703
55806	-128.0888	-393.7928	265.704	1.576766	1.925618
55812	-114.3008	-380.2396	265.9389	1.395818	1.889072
55818	-127.9065	-393.5903	265.6838	1.353279	2.087912
55824	-100.2167	-365.2878	265.0711	1.215976	2.566032
55830	-109.92	-374.5	264.5799	1.324177	2.80138
55836	-112.6115	-375.6284	263.0169	1.201762	3.796021
55842	-108.5303	-373.3756	264.8453	1.114274	2.767567
55848	-105.6947	-367.3832	261.6885	1.271401	4.511762
55854	-110.9021	-372.8328	261.9306	0.8440011	4.61579
55860	-109.3696	-371.6467	262.2771	0.842017	4.422108
55866	-121.02	-382.4406	261.4206	0.7910868	4.930223
55872	-118.0963	-380.1033	262.007	0.8795981	4.552936
55878	-110.5133	-370.4557	259.9423	1.012959	5.62427
55884	-101.3332	-365.4707	264.1375	1.240637	3.117889
55890	-99.45422	-363.4833	264.0291	1.23538	3.185442
55896	-101.4415	-366.0951	264.6536	1.021308	2.940133
55902	-105.0846	-369.0433	263.9587	1.317015	3.178789
55908	-95.23485	-360.5009	265.2661	1.35014	2.359488
55914	-89.14572	-354.2233	265.0776	1.284228	2.519484
55920	-95.58653	-360.711	265.1245	1.06008	2.629482
55926	-99.88429	-364.5594	264.6751	1.261318	2.7817
55932	-98.21724	-362.0455	263.8283	1.706978	3.024037
55938	-97.13871	-361.0153	263.8766	1.191746	3.301357
55944	-97.46812	-359.4357	261.9676	0.7732148	4.634747
55950	-107.304	-373.2059	265.9019	1.840055	1.60348
55956	-106.3328	-372.0885	265.7558	1.626145	1.856871
55962	-115.5393	-381.0998	265.5605	1.665094	1.962777
55968	-116.7841	-382.2219	265.4378	1.81335	1.945573
55974	-103.2746	-368.8826	265.608	1.599852	1.974668
55980	-108.2085	-373.8955	265.687	1.601475	1.920375
55986	-110.4982	-376.0635	265.5653	1.532302	2.048012
55992	-107.2269	-371.7629	264.5359	1.022209	3.010334
55998	-103.1119	-368.2938	265.1819	1.226985	2.490086
56004	-113.2472	-378.7138	265.4666	1.367658	2.22001
56010	-114.3148	-380.0237	265.7089	1.379474	2.054136
56016	-116.3819	-382.4188	266.0369	1.370074	1.839688
56022	-112.6456	-378.9905	266.345	1.506939	1.522632
56028	-123.6655	-389.9015	266.2359	1.383057	1.691766
56034	-106.42	-372.6361	266.216	1.522396	1.606042
56040	-110.9226	-377.0265	266.1039	1.566921	1.654806
56046	-110.7425	-376.3509	265.6084	1.61049	1.967238
56052	-98.58815	-364.6368	266.0487	1.77429	1.54412
56058	-98.48023	-363.6135	265.1333	1.470675	2.367245
56064	-104.9626	-370.4245	265.462	1.597796	2.072983
56070	-108.2112	-373.7616	265.5504	1.612484	2.004693
56076	-100.9489	-367.1127	266.1638	1.804123	1.434987
56082	-101.4315	-367.7953	266.3639	2.419724	0.4968594
56088	-104.1013	-370.4903	266.389	2.393617	0.4782417
56094	-101.6266	-367.9926	266.366	2.407381	0.5749788
56100	-105.0107	-371.3792	266.3685	2.412438	0.5374452
56106	-102.3172	-368.6543	266.337	2.444868	0.4715409
56112	-99.11036	-365.4561	266.3457	2.437852	0.5025411
56118	-97.80839	-364.3102	266.5018	2.259711	0.6125309
56124	-96.09219	-362.5047	266.4125	2.359079	0.5816333
56130	-92.60922	-359.1748	266.5656	2.192486	0.6215834
56136	-108.0828	-374.513	266.4301	2.353415	0.5054465
56142	-122.9437	-389.1702	266.2265	2.556791	0.4876803
56148	-117.638	-383.8178	266.1799	2.59337	0.4314348
56154	-119.5566	-385.9973	266.4407	1.868566	1.156377
56160	-109.5034	-376.133	266.6296	2.037903	0.7810707
56166	-102.0489	-368.5725	266.5236	2.141827	0.7839565
56172	-103.0783	-369.6273	266.5491	2.211153	0.6160328
56178	-100.8005	-367.1341	266.3336	2.447662	0.4663413
56184	-102.8392	-369.1084	266.2692	2.506959	0.4415184
56190	-101.6948	-367.8965	266.2017	2.577584	0.5477331
56196	-115.2165	-381.6686	266.4521	2.321459	0.5740815
56202	-112.1434	-378.6772	266.5338	2.192381	0.6891273
56208	-111.1734	-377.5287	266.3554	2.421747	0.5591306
56214	-100.8728	-367.4237	266.5509	2.207923	0.6195766
56220	-112.6748	-379.0853	266.4104	2.355658	0.5994641
56226	-129.6191	-396.1121	266.493	2.243722	0.6690979
56232	-116.6879	-382.1156	265.4277	1.873198	1.912001
56238	-114.4752	-380.427	265.9518	1.766894	1.620362
56244	-123.7962	-388.467	264.6708	1.877561	2.402434
56250	-108.2671	-373.5957	265.3286	1.18595	2.423736
56256	-100.7818	-365.533	264.7512	1.310631	2.705014
56262	-115.1658	-381.4863	266.3205	2.462426	0.4817666
56268	-116.7065	-382.9814	266.2749	2.453718	0.3520047
56274	-102.7749	-368.7747	265.9998	2.671634	0.2990154
56280	-104.3539	-370.2744	265.9205	2.743982	0.293913
56286	-108.6446	-374.635	265.9904	2.772349	0.404769
56292	-123.5304	-389.0218	265.4914	1.3899	2.18955
56298	-129.3665	-394.8256	265.4591	1.647327	2.042194
56304	-118.4769	-384.5477	266.0708	2.621816	0.3159118
56310	-112.1643	-377.9362	265.772	2.866788	0.2768403
56316	-127.2747	-393.0033	265.7286	2.911696	0.2778242
56322	-124.4126	-390.8244	266.4118	2.359975	0.580775
56328	-118.7828	-385.1936	266.4107	2.304122	0.7089801
56334	-117.6608	-384.3653	266.7045	2.033321	0.6669244
56340	-113.096	-379.5044	266.4084	2.364641	0.5760619
56346	-105.4929	-371.7316	266.2386	2.544404	0.4833766
56352	-107.205	-373.4422	266.2372	2.546383	0.5051648
56358	-106.7435	-372.8083	266.0649	2.686174	0.3830073
56364	-114.801	-381.099	266.298	2.485233	0.4863518
56370	-116.3352	-382.8097	266.4745	2.293374	0.5940544
56376	-112.1422	-378.5987	266.4565	2.153959	0.8545274
56382	-123.1438	-389.567	266.4232	1.759901	1.263915
56388	-114.2495	-380.5635	266.3141	1.833523	1.293099
56394	-112.3937	-378.6707	266.277	1.660247	1.458454
56400	-114.1077	-380.4069	266.2992	1.660247	1.441471
56406	-105.9266	-372.1805	266.2539	1.705554	1.441471
56412	-109.4456	-375.1978	265.7522	1.588496	1.884971
56418	-104.9506	-370.8972	265.9466	1.688577	1.680239
56424	-105.1759	-370.9952	265.8193	1.729002	1.741624
56430	-108.8747	-374.5809	265.7062	1.628871	1.888821
56436	-104.9667	-370.45	265.4834	1.556686	2.085961
56442	-117.8816	-382.0009	264.1193	1.660528	2.876771
56448	-119.2095	-385.1858	265.9763	1.445249	1.829648
56454	-129.6487	-396.1071	266.4584	2.016452	1.001932
56460	-117.3586	-383.9586	266.6001	2.066401	0.7824915
56466	-106.883	-373.3626	266.4796	2.175729	0.7977209
56472	-93.11085	-359.5438	266.4329	1.9625	1.078387
56478	-102.5892	-369.1465	266.5574	1.794892	1.118016
56484	-115.7356	-380.9499	265.2143	1.599077	2.233468
56490	-111.7898	-378.2696	266.4798	1.907887	1.08558
56496	-112.0734	-378.6252	266.5518	1.574716	1.310202
56502	-105.5533	-371.4046	265.8514	1.639489	1.78173
56508	-114.7727	-380.3964	265.6237	1.511282	2.023245
56514	-114.3833	-379.8006	265.4173	1.54432	2.13733
56520	-111.2346	-376.6534	265.4188	1.469191	2.185229
56526	-122.3496	-388.4842	266.1346	1.428886	1.730999
56532	-120.6956	-386.7644	266.0688	1.924693	1.415306
56538	-114.0857	-380.3027	266.217	1.53703	1.594728
56544	-112.1312	-377.6236	265.4924	1.497523	2.118822
56550	-115.9164	-381.5632	265.6468	1.276719	2.162183
56556	-114.3143	-380.3483	266.034	1.699345	1.609762
56562	-122.6055	-387.9206	265.315	1.465627	2.2545
56568	-119.3419	-384.0309	264.6889	1.462688	2.649803
56574	-123.2308	-387.5918	264.3611	1.269575	2.966788
56580	-127.9047	-393.1489	265.2442	1.318505	2.393363
56586	-138.3108	-403.9235	265.6127	1.46658	2.060106
56592	-128.7697	-394.2828	265.5131	1.777142	1.919181
56598	-137.2141	-401.6345	264.4204	1.841713	2.581494
56604	-126.3437	-388.8225	262.4788	1.426377	3.975919
56610	-122.3005	-386.5811	264.2807	1.463158	2.898566
56616	-129.2591	-394.4079	265.1488	1.544787	2.310254
56622	-126.7187	-393.351	266.6323	1.812903	1.031084
56628	-111.1917	-377.6958	266.5041	1.949995	1.022432
56634	-121.9877	-388.1233	266.1356	1.699246	1.535342
56640	-126.6142	-390.4529	263.8387	1.307451	3.255487
56646	-126.3427	-388.775	262.4323	1.253342	4.101199
56652	-122.1438	-388.4722	266.3285	1.499797	1.540198
56658	-113.6875	-379.8067	266.1192	1.662847	1.574222
56664	-120.9289	-385.2094	264.2805	1.232295	3.037512
56670	-119.2518	-382.9392	263.6874	1.245255	3.381145
56676	-124.6114	-386.9219	262.3105	1.024778	4.300031
56682	-129.1705	-390.0833	260.9128	0.7708094	5.223099
56688	-118.2714	-380.537	262.2656	1.008826	4.334467
56694	-116.9633	-381.8701	264.9068	1.171361	2.695006
56700	-120.9269	-384.785	263.8581	1.308857	3.243182
56706	-133.2542	-398.1659	264.9116	1.217365	2.663733
56712	-116.8911	-381.0689	264.1778	1.181079	3.12937
56718	-104.8073	-368.9883	264.1811	1.172804	3.132312
56724	-104.1271	-368.4882	264.3611	1.096973	3.070205
56730	-107.7242	-371.6545	263.9303	1.206415	3.261021
56736	-113.0966	-377.9045	264.8079	1.253679	2.705135
56742	-120.9516	-387.4594	266.5079	1.688063	1.253288
56748	-116.7918	-383.3954	266.6037	2.034603	0.8200231
56754	-111.8191	-378.4049	266.5858	2.179039	0.6032151
56760	-106.2206	-372.5008	266.2802	2.498321	0.5518528
56766	-114.99	-381.1317	266.1417	2.612641	0.6307893
56772	-113.5203	-379.6527	266.1324	2.258633	1.082485
56778	-106.9751	-373.2737	266.2986	2.000728	1.165131
56784	-96.49704	-362.7328	266.2357	1.779316	1.398562
56790	-93.73724	-360.214	266.4768	1.861074	1.130984
56796	-101.5396	-367.8762	266.3365	1.845833	1.264563
56802	-109.4507	-375.9544	266.5037	2.191728	0.740351
56808	-120.3121	-386.7285	266.4163	2.291925	0.7200031
56814	-109.7918	-376.298	266.5062	2.183754	0.7487047
56820	-120.5408	-386.9531	266.4123	2.370818	0.5158255
56826	-118.2487	-384.7261	266.4774	2.305677	0.5158255
56832	-116.1356	-382.8695	266.7339	1.928016	0.7888117
56838	-103.6684	-369.825	266.1566	1.917636	1.352109
56844	-104.8353	-371.4816	266.6463	1.681426	1.140027
56850	-106.319	-369.868	263.549	1.282582	3.440357
56856	-108.0846	-371.5393	263.4547	1.254839	3.511632
56862	-111.9051	-376.7884	264.8833	1.146462	2.724645
56868	-120.7157	-385.6018	264.8861	1.209668	2.684149
56874	-114.7519	-381.055	266.3032	1.833119	1.302303
56880	-121.9168	-387.0976	265.1808	1.485182	2.327865
56886	-119.8105	-384.4703	264.6598	1.712713	2.512824
56892	-100.3504	-366.9193	266.569	2.14404	0.7121133
56898	-110.4501	-376.981	266.5309	2.216268	0.6473193
56904	-110.8327	-377.3748	266.5421	2.205099	0.6473193
56910	-104.7449	-370.9117	266.1668	2.61187	0.4519595
56916	-99.26028	-365.2487	265.9884	2.679671	0.2965064
56922	-99.85846	-365.9287	266.0703	2.646995	0.339294
56928	-109.1139	-375.3249	266.2109	2.566304	0.4456392
56934	-112.6556	-379.0267	266.3711	1.988344	1.111518
56940	-102.2964	-368.6804	266.3841	2.373214	0.6236708
56946	-94.92549	-361.175	266.2496	2.529555	0.4541226
56952	-108.7314	-374.8626	266.1312	2.630155	0.4017636
56958	-107.404	-373.7075	266.3034	2.457911	0.4017636
56964	-107.8244	-374.0038	266.1794	2.581952	0.4017636
56970	-107.3252	-373.5727	266.2475	2.529773	0.4460403
56976	-115.0265	-380.7028	265.6764	2.943796	0.2658304
56982	-102.6446	-368.4358	265.7912	2.877367	0.2968699
56988	-107.4227	-373.3047	265.882	2.786353	0.2967489
56994	-113.2127	-378.5981	265.3854	3.026152	0.182731
57000	-104.3058	-369.9826	265.6768	2.932741	0.2599336
57006	-98.40563	-364.1964	265.7908	2.81873	0.2599336
57012	-96.11355	-362.1588	266.0453	2.688805	0.358687
57018	-94.84391	-360.8603	266.0164	2.707369	0.3463955
57024	-100.2966	-366.7694	266.4728	2.304622	0.5576375
57030	-96.60049	-362.8378	266.2374	2.54401	0.4672983
57036	-100.044	-366.4139	266.3699	2.38463	0.6303608
57042	-97.68325	-364.041	266.3578	2.4206	0.5528182
57048	-91.9605	-358.3856	266.4251	2.357662	0.4798321
57054	-96.646	-363.149	266.503	2.2778	0.5382025
57060	-98.30838	-364.7283	266.4199	2.331969	0.6367685
57066	-107.6161	-373.5715	265.9553	2.828106	0.5087758
57072	-124.1911	-390.8416	266.6505	1.956028	0.8592732
57078	-115.1667	-381.5803	266.4136	2.05961	1.003538
57084	-111.5608	-378.1647	266.6039	2.062816	0.7822295
57090	-128.2803	-394.297	266.0166	2.757163	0.4332345
57096	-116.358	-382.5622	266.2042	2.569613	0.4332345
57102	-114.4558	-380.7261	266.2703	2.502015	0.4286277
57108	-110.4241	-376.338	265.9139	2.777122	0.3145653
57114	-107.1046	-372.8959	265.7913	2.857204	0.2830479
57120	-116.7437	-382.048	265.3043	3.146536	0.1946345
57126	-122.9759	-388.1324	265.1565	3.174293	0.1615673
57132	-113.3869	-379.2998	265.9129	2.787386	0.3227049
57138	-123.2627	-389.1392	265.8765	2.843119	0.3418037
57144	-122.9968	-388.6023	265.6055	2.963285	0.2396053
57150	-111.5219	-377.16	265.6381	2.930712	0.2396053
57156	-106.3445	-371.7699	265.4254	2.964862	0.1767492
57162	-101.9563	-367.5256	265.5693	2.882883	0.1950542
57168	-100.9194	-366.2287	265.3092	3.061686	0.1715893
57174	-97.64689	-363.7733	266.1264	2.559828	0.310521
57180	-107.8368	-374.3242	266.4874	2.158115	0.8107053
57186	-109.036	-375.3617	266.3257	2.023149	1.121102
57192	-105.4152	-371.5931	266.1779	2.578033	0.391422
57198	-105.6105	-371.9964	266.3859	2.308465	0.7418866
57204	-102.4683	-368.9735	266.5052	2.044052	0.9245015
57210	-94.18261	-360.7739	266.5913	2.185357	0.5614188
57216	-94.29983	-360.7726	266.4728	2.287435	0.6160552
57222	-102.2726	-368.6048	266.3323	2.448148	0.4611253
57228	-94.87469	-360.7738	265.8991	2.78365	0.3077475
57234	-120.7001	-387.0468	266.3467	2.436575	0.4870218
57240	-113.2809	-379.5775	266.2966	2.486658	0.4870218
57246	-114.4687	-380.7498	266.2811	2.500932	0.5287215
57252	-116.2302	-382.4588	266.2286	2.554771	0.5111663
57258	-110.4878	-376.8719	266.3841	2.381381	0.4107859
57264	-93.26352	-359.4521	266.1886	2.586164	0.4364234
57270	-95.83077	-362.2348	266.404	2.368299	0.4286206
57276	-100.4919	-366.9171	266.4253	2.357632	0.4814923
57282	-116.4672	-382.7472	266.2801	2.503139	0.5143764
57288	-111.2034	-377.6195	266.4161	2.340225	0.6259982
57294	-115.7459	-381.9712	266.2253	2.558231	0.4951158
57300	-102.584	-368.7543	266.1703	1.615952	1.571126
57306	-110.0381	-375.942	265.9039	1.666533	1.72606
57312	-108.0963	-374.3748	266.2785	2.503765	0.4748124
57318	-116.0163	-382.2645	266.2482	2.532174	0.4606807
57324	-103.2875	-369.7981	266.5106	2.08848	0.8681285
57330	-102.5386	-369.0435	266.5049	2.191521	0.738825
57336	-110.1249	-376.5734	266.4485	2.247901	0.738825
57342	-110.4524	-376.8288	266.3764	2.201119	0.893037
57348	-110.5386	-377.0876	266.549	2.220453	0.5887169
57354	-100.109	-366.4196	266.3106	2.372184	0.7593274
57360	-122.2329	-388.6363	266.4033	2.286207	0.7492716
57366	-110.2806	-376.6503	266.3697	2.264039	0.8257664
57372	-107.1994	-373.5412	266.3417	2.240179	0.8880589
57378	-111.3209	-377.7332	266.4123	2.291747	0.7267813
57384	-125.8259	-392.3746	266.5486	2.118667	0.7813621
57390	-119.1217	-385.3628	266.2411	2.539401	0.5402707
57396	-120.6128	-386.8625	266.2497	2.533932	0.5019173
57402	-123.5335	-388.6785	265.1449	2.108452	1.944068
57408	-129.4209	-394.2135	264.7925	2.332467	2.029867
57414	-116.7666	-382.5039	265.7373	2.104222	1.530361
57420	-122.9521	-388.8079	265.8558	2.86852	0.3470074
57426	-123.9195	-390.0689	266.1494	2.623136	0.4292477
57432	-130.4575	-396.8275	266.3701	2.183875	0.9193702
57438	-112.0455	-378.5136	266.4681	2.085858	0.9193702
57444	-119.0216	-385.6473	266.6257	2.042929	0.7795601
57450	-109.5098	-376.072	266.5622	2.074186	0.8224472
57456	-106.8287	-373.2624	266.4337	2.343263	0.5599128
57462	-125.4519	-390.6851	265.2332	1.886863	2.033127
57468	-132.5576	-398.0204	265.4628	1.899759	1.870083
57474	-127.1242	-392.316	265.1919	1.610462	2.240575
57480	-128.851	-394.0171	265.1661	1.659373	2.225667
57486	-139.8184	-403.798	263.9796	1.446194	3.089451
57492	-141.2272	-404.9393	263.7121	1.507248	3.212156
57498	-138.0057	-402.0782	264.0725	1.483715	3.011465
57504	-126.823	-390.8015	263.9785	1.57778	3.011465
57510	-126.4053	-391.6971	265.2918	1.576224	2.198155
57516	-115.1724	-379.1441	263.9717	1.174515	3.255404
57522	-119.0705	-383.3634	264.2929	1.231381	3.030641
57528	-123.9626	-387.8906	263.9279	1.384911	3.156711
57534	-113.6742	-378.0753	264.401	1.398117	2.865111
57540	-128.8486	-394.5961	265.7475	1.899116	1.67212
57546	-120.0886	-386.2301	266.1415	1.756039	1.488505
57552	-107.9957	-373.8942	265.8985	1.821165	1.619655
57558	-105.9215	-371.0428	265.1213	1.497778	2.357668
57564	-106.3083	-369.8192	263.511	1.405832	3.390462
57570	-119.1848	-380.0364	260.8517	0.9512492	5.157098
57576	-120.7681	-385.1711	264.4029	1.337299	2.900743
57582	-115.1896	-379.3489	264.1593	1.580944	2.900743
57588	-132.1562	-396.3228	264.1666	1.466746	2.965159
57594	-121.5647	-387.5018	265.9371	1.773669	1.626106
57600	-124.1806	-389.4182	265.2375	2.038534	1.928788
57606	-122.9791	-389.1056	266.1265	1.762949	1.494583
57612	-125.7574	-392.1996	266.4421	2.046397	0.9881463
57618	-128.1137	-394.4848	266.3711	2.01207	1.089809
57624	-126.0385	-392.467	266.4285	1.954658	1.089809
57630	-128.9966	-395.1609	266.1643	2.002573	1.277296
57636	-139.7936	-405.5128	265.7191	2.015508	1.608799
57642	-147.4464	-413.9645	266.5181	1.926872	1.031308
57648	-145.202	-411.6695	266.4675	1.886075	1.116823
57654	-136.7485	-403.4605	266.7119	1.948662	0.7905726
57660	-129.5284	-396.1355	266.6071	2.088189	0.740468
57666	-131.8587	-398.1563	266.2977	2.177334	1.001729
57672	-134.8397	-401.5115	266.6718	1.917994	0.8789703
57678	-133.7211	-399.71	265.9889	2.373354	1.108955
57684	-120.6451	-386.5034	265.8583	1.993797	1.522503
57690	-124.1722	-388.838	264.6659	1.925074	2.375518
57696	-119.6585	-385.091	265.4325	1.796799	1.960278
57702	-125.3821	-391.955	266.5729	2.090615	0.7865752
57708	-135.1171	-401.4802	266.363	2.382879	0.6500839
57714	-120.1928	-386.853	266.6602	1.807546	1.008955
57720	-129.8598	-395.6642	265.8044	2.666629	1.005692
57726	-137.317	-403.9458	266.6288	2.130892	0.617494
57732	-133.2299	-399.5817	266.3518	1.928811	1.18146
57738	-126.945	-393.2852	266.3402	1.839381	1.266808
57744	-114.55	-380.9874	266.4374	2.337223	0.4358441
57750	-105.529	-372.2419	266.713	1.998888	0.714051
57756	-112.1583	-378.5807	266.4224	2.361038	0.508877
57762	-112.0049	-378.5514	266.5465	2.230358	0.5605211
57768	-117.7378	-384.2927	266.5549	2.215988	0.5839769
57774	-118.1418	-384.9264	266.7845	1.820396	0.8611678
57780	-118.4976	-385.15	266.6524	1.952532	0.8611678
57786	-124.8927	-391.6017	266.7091	1.895877	0.8611678
57792	-115.6402	-382.2815	266.6414	1.980599	0.8405247
57798	-118.1306	-383.9768	265.8462	1.587896	1.821008
57804	-121.807	-387.908	266.1011	1.48918	1.712092
57810	-106.9759	-371.4773	264.5014	1.199986	2.924195
57816	-101.198	-366.293	265.0951	1.398346	2.437061
57822	-95.41249	-361.2006	265.7881	1.316981	2.04306
57828	-109.4033	-374.2392	264.8359	1.439751	2.573113
57834	-98.25378	-363.3654	265.1116	1.351944	2.455847
57840	-103.8435	-369.1905	265.347	1.164287	2.42582
57846	-105.8346	-370.0666	264.2319	1.003581	3.20259
57852	-93.93128	-357.7776	263.8463	1.04859	3.403285
57858	-102.7054	-367.0593	264.3539	1.240253	2.988707
57864	-110.8801	-373.8049	262.9248	1.483218	3.686748
57870	-126.2043	-390.9599	264.7556	1.558311	2.549319
57876	-130.2165	-395.5176	265.3011	1.419896	2.292761
57882	-119.8693	-385.5438	265.6745	1.576187	1.945907
57888	-122.9046	-388.7419	265.8373	1.759841	1.707264
57894	-120.613	-386.9462	266.3332	1.804073	1.301476
57900	-121.4923	-387.9081	266.4157	1.637443	1.368735
57906	-127.0846	-392.5386	265.4539	1.644347	2.047545
57912	-107.1979	-368.4928	261.2949	0.9793015	4.895407
57918	-112.6828	-375.7046	263.0218	1.063274	3.872854
57924	-116.631	-379.5252	262.8942	0.8618544	4.061084
57930	-117.1779	-381.4349	264.257	0.9058682	3.245613
57936	-114.8417	-379.3778	264.536	1.290138	2.848713
57942	-107.5754	-374.2199	266.6444	1.728222	1.099439
57948	-119.1146	-385.7793	266.6647	1.834157	0.9776658
57954	-98.44211	-364.4859	266.0438	1.223909	1.934437
57960	-94.43473	-358.0397	263.605	0.9341945	3.610739
57966	-90.35992	-353.745	263.3851	1.154091	3.610739
57972	-106.5581	-373.0028	266.4446	1.718007	1.280792
57978	-107.1368	-373.5513	266.4145	1.942011	1.114184
57984	-105.57	-370.9095	265.3395	1.305493	2.341209
57990	-93.64027	-359.1083	265.468	1.350148	2.230395
57996	-102.7753	-368.5869	265.8116	1.346833	2.007637
58002	-100.5065	-366.671	266.1645	1.592271	1.592688
58008	-103.1119	-369.6605	266.5486	1.745165	1.169986
58014	-129.4736	-395.3554	265.8818	1.728167	1.698169
58020	-104.2906	-370.614	266.3234	1.685752	1.403177
58026	-93.57396	-359.8317	266.2578	1.708207	1.436471
58032	-96.79772	-363.2261	266.4284	1.991924	1.055003
58038	-95.47484	-361.8284	266.3536	2.260122	0.8505991
58044	-88.69881	-355.3332	266.6344	2.120869	0.6287419
58050	-94.58785	-361.156	266.5682	2.18092	0.6430625
58056	-95.38522	-361.8257	266.4405	2.308583	0.6430625
58062	-92.86022	-359.2031	266.3429	2.408252	0.63848
58068	-89.18696	-355.5414	266.3544	2.02936	1.089181
58074	-85.52418	-352.1658	266.6416	1.974484	0.8477086
58080	-89.40616	-355.7814	266.3753	2.079406	1.021844
58086	-93.34014	-359.8767	266.5366	1.975476	0.9640106
58092	-94.49166	-361.1843	266.6926	1.887992	0.8895293
58098	-97.15546	-363.7156	266.5601	2.002973	0.9092978
58104	-100.0158	-366.2769	266.261	1.789929	1.370463
58110	-97.9455	-364.1376	266.1921	1.856078	1.372647
58116	-103.3276	-368.8662	265.5386	1.82992	1.866006
58122	-102.1393	-367.9976	265.8583	1.818217	1.650703
58128	-101.9174	-368.3432	266.4258	1.818217	1.212848
58134	-103.8835	-369.8946	266.011	1.551706	1.731503
58140	-104.5264	-370.327	265.8007	1.635603	1.819531
58146	-102.7752	-368.8093	266.0341	1.522516	1.7358
58152	-97.32773	-363.5061	266.1784	1.677149	1.519955
58158	-90.46482	-356.7811	266.3163	1.907182	1.230254
58164	-96.39653	-362.6427	266.2462	2.116925	1.108199
58170	-101.0291	-367.453	266.424	2.227372	0.8030044
58176	-107.575	-374.161	266.586	2.194386	0.5409257
58182	-95.06168	-361.4329	266.3712	1.747796	1.316251
58188	-98.23559	-364.5567	266.3211	1.495845	1.548586
58194	-103.6703	-369.7902	266.1199	1.748988	1.509986
58200	-106.3222	-372.6611	266.3389	1.554521	1.491572
58206	-95.09256	-361.1899	266.0973	1.839395	1.458816
58212	-97.80666	-362.7479	264.9412	1.977052	2.165595
58218	-94.11557	-360.2568	266.1413	2.002573	1.296162
58224	-104.5631	-370.0682	265.5051	1.655565	2.006179
58230	-103.6172	-369.1357	265.5185	2.065812	1.716304
58236	-106.721	-373.0767	266.3557	2.130946	0.9900416
58242	-103.1481	-369.6959	266.5478	2.081859	0.8309152
58248	-104.4243	-371.0838	266.6594	1.960804	0.8426621
58254	-108.2216	-374.092	265.8705	2.399903	1.190277
58260	-94.51682	-360.9674	266.4506	2.189804	0.8173385
58266	-98.66846	-365.1222	266.4537	2.326152	0.5445145
58272	-93.60659	-359.6443	266.0377	2.735271	0.4306117
58278	-102.2242	-368.0766	265.8524	2.815721	0.2965613
58284	-100.1545	-366.1623	266.0078	2.73675	0.3730465
58290	-101.2162	-367.0638	265.8476	2.806217	0.2865668
58296	-99.94109	-366.0254	266.0843	2.684313	0.4183119
58302	-101.6246	-367.6961	266.0716	2.684313	0.3912992
58308	-104.559	-370.6909	266.1319	2.645838	0.4478535
58314	-102.211	-368.6768	266.4659	2.316155	0.5286368
58320	-98.33063	-364.9194	266.5888	2.121891	0.715981
58326	-97.24725	-363.888	266.6408	1.990365	0.8290611
58332	-85.04782	-351.6124	266.5646	2.00254	0.9047404
58338	-89.50044	-356.0876	266.5872	2.152154	0.6638812
58344	-90.44278	-356.8562	266.4134	2.325956	0.6638812
58350	-107.6648	-372.5308	264.866	2.312181	1.99448
58356	-104.0625	-368.4105	264.348	2.686098	2.089901
58362	-93.08388	-356.5011	263.4172	2.466729	2.813649
58368	-97.42818	-361.2918	263.8637	3.613713	1.791106
58374	-110.2745	-374.5528	264.2783	3.05733	1.888454
58380	-108.6661	-371.1093	262.4432	2.64164	3.291639
58386	-116.3846	-379.0988	262.7142	2.51296	3.207569
58392	-105.2402	-367.2972	262.057	2.663513	3.505262
58398	-114.8254	-372.4517	257.6263	2.303165	6.184686
58404	-107.6912	-372.4224	264.7313	1.609847	2.532402
58410	-105.9304	-371.926	265.9956	1.860764	1.519313
58416	-105.6803	-371.6993	266.019	1.823646	1.52952
58422	-103.2355	-368.7708	265.5352	1.725735	1.938972
58428	-101.6962	-367.1183	265.4221	1.613146	2.089131
58434	-104.9751	-370.9538	265.9788	1.729282	1.628043
58440	-102.1609	-368.793	266.632	1.833754	1.010903
58446	-104.9051	-371.0891	266.184	2.561488	0.650991
58452	-100.5222	-367.0725	266.5503	2.204882	0.6288311
58458	-108.5707	-374.9802	266.4095	2.344799	0.6308744
58464	-109.1579	-375.0901	265.9322	2.785276	0.3394757
58470	-110.1168	-375.813	265.6962	2.862904	0.2352297
58476	-106.3005	-371.7904	265.4899	3.069209	0.2352297
58482	-121.8635	-387.308	265.4445	3.082684	0.2217969
58488	-120.1196	-385.5813	265.4618	3.096968	0.2350743
58494	-112.4117	-378.0275	265.6158	3.000742	0.2637833
58500	-117.4888	-383.0046	265.5158	3.089887	0.2578452
58506	-123.4836	-389.2977	265.8142	2.850666	0.2941994
58512	-125.6494	-391.5979	265.9485	2.748156	0.319395
58518	-108.9448	-375.0268	266.082	2.614634	0.319395
58524	-110.3584	-376.7787	266.4203	2.359913	0.4599036
58530	-107.0236	-373.1607	266.1371	2.605007	0.3694206
58536	-112.0527	-378.132	266.0793	2.662796	0.3694206
58542	-108.6179	-374.7146	266.0966	2.645437	0.3694206
58548	-110.9464	-376.848	265.9016	2.80366	0.327253
58554	-107.9952	-373.7819	265.7867	2.858502	0.2808998
58560	-103.1665	-369.0893	265.9228	2.741041	0.2934656
58566	-108.4974	-374.344	265.8466	2.828298	0.3015956
58572	-106.086	-372.0723	265.9862	2.688673	0.3015956
58578	-113.0064	-378.9675	265.9611	2.717247	0.3042319
58584	-119.3869	-385.3446	265.9577	2.699842	0.2890763
58590	-114.2847	-380.0125	265.7278	2.908059	0.2750399
58596	-105.8202	-371.6556	265.8354	2.829096	0.2939368
58602	-99.34462	-365.4167	266.0721	2.673971	0.3751864
58608	-95.68903	-361.8825	266.1935	2.552582	0.3751864
58614	-104.4049	-370.8361	266.4312	2.34182	0.5762589
58620	-121.3538	-386.8333	265.4795	2.238066	1.621148
58626	-120.9298	-386.6036	265.6738	2.255537	1.464452
58632	-119.048	-385.5723	266.5242	2.137627	0.7888368
58638	-114.1761	-380.797	266.6208	2.137627	0.6206051
58644	-115.5581	-382.0603	266.5022	2.252257	0.6306172
58650	-117.6252	-384.2468	266.6216	2.100777	0.6959119
58656	-117.6049	-384.1496	266.5447	2.149254	0.7425995
58662	-119.2585	-385.4646	266.2061	2.57108	0.4455287
58668	-112.4429	-378.1985	265.7556	2.822858	0.2441618
58674	-117.7456	-383.5558	265.8102	2.80405	0.2624881
58680	-107.7085	-373.3693	265.6608	2.89175	0.232356
58686	-98.3742	-363.9661	265.5919	2.948105	0.2270135
58692	-109.9893	-375.8624	265.8731	2.774647	0.2825606
58698	-108.601	-374.0315	265.4305	3.038799	0.2006558
58704	-104.1093	-369.2569	265.1476	3.157315	0.155574
58710	-118.568	-383.6511	265.0831	3.311401	0.1779305
58716	-128.1126	-393.4033	265.2907	3.19272	0.2054838
58722	-115.6389	-381.7695	266.1306	1.397906	1.755483
58728	-124.9348	-390.5125	265.5777	1.578219	2.009313
58734	-120.5319	-386.7692	266.2373	2.324072	0.91119
58740	-130.9458	-396.5698	265.624	2.441468	1.358989
58746	-129.0276	-395.1741	266.1465	2.008945	1.286693
58752	-129.2499	-395.5499	266.3	2.100179	1.073914
58758	-130.0522	-395.8877	265.8355	2.336211	1.273334
58764	-130.6869	-396.5085	265.8216	2.280855	1.329576
58770	-138.6914	-397.0781	258.3867	1.544203	6.183897
58776	-133.4531	-397.3963	263.9432	1.463705	3.10072
58782	-127.712	-393.6335	265.9216	1.41384	1.888582
58788	-113.8705	-379.6796	265.8091	1.62575	1.82052
58794	-114.2757	-380.6247	266.349	1.932714	1.180491
58800	-131.6269	-397.9017	266.2748	2.27333	0.9257309
58806	-128.261	-394.7064	266.4454	2.24986	0.7405665
58812	-116.5464	-383.2405	266.6941	2.002443	0.7386117
58818	-110.7828	-377.2913	266.5085	2.145141	0.7999635
58824	-116.804	-383.2646	266.4606	2.086674	0.9266808
58830	-106.8538	-373.2648	266.411	2.297677	0.7192294
58836	-121.216	-387.6486	266.4326	2.065911	0.9780219
58842	-111.9024	-378.2717	266.3693	2.092633	1.014746
58848	-115.0111	-379.9954	264.9843	2.120192	2.043439
58854	-115.6932	-381.8054	266.1121	1.965861	1.349088
58860	-108.5746	-374.2139	265.6394	1.700448	1.885587
58866	-104.7341	-370.0476	265.3136	1.577482	2.183267
58872	-110.309	-375.3573	265.0484	2.27692	1.895445
58878	-98.72925	-364.2296	265.5004	2.189344	1.64125
58884	-100.0335	-364.4612	264.4278	2.0252	2.462459
58890	-121.4188	-387.9183	266.4995	2.217947	0.7044671
58896	-125.1367	-391.5816	266.4449	2.182679	0.8335386
58902	-99.54923	-366.0458	266.4966	1.937582	1.041723
58908	-101.2609	-367.8209	266.56	2.01418	0.8968941
58914	-105.3017	-371.765	266.4633	2.146316	0.8555821
58920	-107.9403	-373.7174	265.7771	2.096645	1.50633
58926	-102.0245	-368.2929	266.2684	2.025188	1.170097
58932	-96.72957	-362.77	266.0404	1.796309	1.533948
58938	-98.88118	-364.5999	265.7187	1.708454	1.825825
58944	-106.2752	-371.0469	264.7717	1.685618	2.459715
58950	-104.9962	-370.7207	265.7245	1.647975	1.863298
58956	-109.0815	-373.9724	264.8909	1.720471	2.362566
58962	-117.7845	-384.2985	266.514	2.01933	0.9415959
58968	-109.3515	-375.9643	266.6128	1.790881	1.070654
58974	-99.69868	-365.7924	266.0937	1.988656	1.345644
58980	-113.1622	-379.7906	266.6284	2.067413	0.7396734
58986	-103.041	-369.609	266.5681	2.076785	0.8115214
58992	-112.7637	-378.9568	266.1932	2.118286	1.154472
58998	-109.4934	-375.809	266.3156	2.086888	1.071757
59004	-106.9878	-373.2309	266.2431	1.771179	1.399186
59010	-105.582	-371.8527	266.2707	1.886271	1.285457
59016	-114.6023	-381.0712	266.4689	1.819398	1.174729
59022	-110.8781	-377.0079	266.1299	1.60503	1.608613
59028	-110.6326	-377.1903	266.5578	1.710423	1.192158
59034	-114.0062	-379.7087	265.7025	1.723291	1.826754
59040	-112.8206	-378.9586	266.1381	1.585796	1.616614
59046	-100.1331	-366.4245	266.2915	1.432357	1.616614
59052	-114.6245	-380.0164	265.3919	1.545073	2.15343
59058	-109.7687	-375.2942	265.5255	1.428859	2.14207
59064	-117.7607	-383.3224	265.5617	1.498744	2.072514
59070	-121.1574	-387.6188	266.4615	1.583885	1.374873
59076	-121.7684	-387.4796	265.7112	1.689426	1.844068
59082	-121.8005	-387.8267	266.0262	1.655042	1.647356
59088	-115.1004	-381.2165	266.1162	1.695302	1.552613
59094	-113.2174	-379.2496	266.0323	1.69503	1.614126
59100	-113.6599	-380.3619	266.702	1.840425	0.9318572
59106	-107.9457	-374.3391	266.3934	1.868276	1.197742
59112	-107.3102	-373.6407	266.3304	1.806881	1.301462
59118	-118.0233	-384.5482	266.5249	1.864473	1.084053
59124	-117.363	-383.637	266.2741	1.765354	1.379534
59130	-117.6533	-384.0849	266.4315	2.127199	0.9141183
59136	-109.3386	-375.9796	266.641	1.883512	0.9509837
59142	-109.3024	-375.9019	266.5995	1.870809	1.006439
59148	-114.9352	-381.5972	266.662	2.121587	0.5003446
59154	-112.9124	-379.3934	266.481	2.260072	0.6603287
59160	-105.8735	-372.2451	266.3716	2.411912	0.4946677
59166	-109.5059	-376.0787	266.5728	2.210358	0.5153426
59172	-99.71566	-366.1778	266.4621	2.319336	0.5333258
59178	-93.8451	-360.3672	266.5221	2.26143	0.4949071
59184	-111.6068	-377.8324	266.2256	2.557924	0.5064822
59190	-107.4665	-374.0466	266.5801	2.177938	0.62172
59196	-114.0523	-380.5431	266.4908	2.267205	0.62172
59202	-106.3903	-372.8298	266.4394	2.267205	0.7226045
59208	-111.4239	-377.6704	266.2465	2.536711	0.5139302
59214	-119.2423	-385.653	266.4107	2.354841	0.60108
59220	-115.4511	-381.7655	266.3144	2.436602	0.6387521
59226	-110.0389	-376.1538	266.1148	2.637385	0.3849579
59232	-109.3653	-375.5475	266.1823	2.55545	0.3634105
59238	-109.7732	-375.9925	266.2193	2.564283	0.5019595
59244	-109.8845	-376.4282	266.5438	2.219434	0.6078182
59250	-103.1394	-369.1634	266.024	1.976534	1.409828
59256	-94.77702	-361.3888	266.6117	1.766632	1.094188
59262	-104.4328	-371.0486	266.6158	1.773677	1.083909
59268	-110.812	-375.6437	264.8317	1.465394	2.559791
59274	-115.7681	-381.3253	265.5572	1.524989	2.058212
59280	-113.3584	-379.731	266.3726	1.670908	1.376292
59286	-101.6823	-368.318	266.6357	1.739314	1.097321
59292	-110.0068	-376.824	266.8171	1.705044	0.9534353
59298	-109.4704	-375.7503	266.2798	1.99935	1.182693
59304	-118.3977	-385.0367	266.639	1.85948	0.9780395
59310	-117.9657	-384.4798	266.5141	2.173713	0.7518629
59316	-105.8231	-372.2615	266.4385	2.339513	0.5549266
59322	-110.6929	-374.5712	263.8783	4.902733	0.5363302
59328	-118.3277	-382.4535	264.1257	4.652622	0.4505959
59334	-100.4488	-366.267	265.8182	2.861874	0.3056222
59340	-98.03942	-364.6285	266.5891	2.115005	0.7267274
59346	-114.9866	-381.4917	266.5051	2.268477	0.5739954
59352	-104.0906	-370.4173	266.3267	2.455678	0.475547
59358	-110.0289	-376.3618	266.3329	2.449477	0.475547
59364	-118.709	-385.1254	266.4163	2.360707	0.5595132
59370	-106.9837	-371.5239	264.5402	4.107728	0.8074728
59376	-102.7182	-367.1753	264.4571	4.296182	0.6334277
59382	-106.3664	-371.1411	264.7746	3.994075	0.5913896
59388	-100.8652	-365.1181	264.2529	4.477768	0.6807164
59394	-102.4828	-366.9945	264.5117	4.018193	0.9453331
59400	-116.7611	-383.3133	266.5522	1.806877	1.111857
59406	-120.3518	-387.1027	266.751	1.816032	0.904931
59412	-115.8688	-382.299	266.4301	2.342002	0.5795671
59418	-120.8159	-387.1653	266.3495	2.434109	0.4983498
59424	-112.8676	-377.005	264.1374	4.635405	0.5772305
59430	-110.5837	-374.8589	264.2752	4.461598	0.6689162
59436	-108.4474	-372.3252	263.8778	4.903308	0.4657654
59442	-112.7466	-377.012	264.2654	4.517142	0.5230511
59448	-110.5173	-374.7242	264.2069	4.548434	0.628397
59454	-110.0554	-374.3774	264.322	4.437532	0.6178735
59460	-103.7561	-368.083	264.3269	4.437532	0.6044373
59466	-102.834	-367.3744	264.5404	4.187611	0.6857644
59472	-111.2943	-376.5917	265.2975	3.117981	0.1838594
59478	-112.4493	-377.5099	265.0605	3.20624	0.1472844
59484	-108.334	-373.1908	264.8568	3.309023	0.1281326
59490	-106.2585	-371.2274	264.9689	3.309023	0.1496344
59496	-105.3744	-370.3992	265.0248	3.229814	0.1447767
59502	-100.3716	-365.5842	265.2125	3.117828	0.1614713
59508	-105.8592	-371.2134	265.3541	3.071133	0.1867475
59514	-113.6737	-378.9517	265.2779	3.189316	0.1999707
59520	-104.0753	-369.6211	265.5458	2.977592	0.2203043
59526	-100.957	-366.2221	265.2651	3.122825	0.1761234
59532	-111.067	-376.4996	265.4325	3.123504	0.2338763
59538	-111.1819	-376.9891	265.8073	2.873207	0.3059112
59544	-109.7097	-375.2784	265.5687	2.971432	0.2271003
59550	-105.715	-371.4289	265.7139	2.826326	0.2271003
59556	-99.25353	-365.3482	266.0946	2.62209	0.3387324
59562	-117.9897	-382.5772	264.5875	3.642724	1.224585
59568	-105.4614	-370.501	265.0396	3.01392	1.36843
59574	-106.5563	-370.5913	264.0349	2.701351	2.282968
59580	-98.33184	-362.773	264.4412	2.635733	2.061663
59586	-96.193	-359.5618	263.3688	2.239651	2.980109
59592	-109.0676	-371.1117	262.0441	2.427571	3.649875
59598	-107.0823	-369.883	262.8007	1.870696	3.533882
59604	-113.4224	-378.209	264.7865	2.07762	2.20067
59610	-107.4023	-370.2398	262.8375	1.524753	3.713183
59616	-102.9268	-368.245	265.3182	1.319972	2.345559
59622	-119.5305	-386.0926	266.5621	2.154133	0.706664
59628	-103.4661	-369.8643	266.3982	2.06135	1.017042
59634	-102.4038	-368.9951	266.5913	2.022342	0.8507146
59640	-108.4387	-374.9609	266.5222	2.048526	0.9007887
59646	-112.7352	-379.3734	266.6382	1.915125	0.920009
59652	-112.7709	-377.3129	264.542	1.458999	2.742237
59658	-97.32763	-361.1315	263.8039	1.349784	3.251017
59664	-117.4665	-383.6353	266.1688	1.984478	1.28847
59670	-120.4926	-386.5838	266.0913	2.061996	1.28847
59676	-112.6418	-379.1293	266.4875	2.12392	0.8533924
59682	-129.2224	-392.1143	262.8919	1.078313	3.938707
59688	-113.289	-377.7668	264.4778	1.437437	2.794603
59694	-105.1411	-371.6113	266.4702	2.097353	0.904242
59700	-102.1416	-368.8387	266.6971	2.026938	0.692916
59706	-119.6237	-385.7093	266.0856	1.922182	1.404193
59712	-115.8981	-380.5604	264.6623	1.276543	2.780198
59718	-105.547	-370.4076	264.8606	1.322331	2.630468
59724	-94.01939	-359.6057	265.5863	1.493089	2.060049
59730	-95.55052	-361.2006	265.65	1.486845	2.021962
59736	-95.17392	-360.7763	265.6024	1.67856	1.925488
59742	-109.5298	-375.6546	266.1247	1.411046	1.750428
59748	-96.09468	-362.5466	266.4519	1.515795	1.435154
59754	-112.832	-376.5765	263.7444	1.895221	2.961361
59760	-105.8517	-372.194	266.3423	1.494354	1.534008
59766	-95.8816	-362.157	266.2754	1.858197	1.304477
59772	-97.44564	-363.8527	266.407	1.911383	1.148308
59778	-98.73834	-365.2382	266.4998	1.847857	1.122164
59784	-99.27103	-365.508	266.2369	1.983163	1.233091
59790	-104.4947	-370.9823	266.4876	1.962945	1.02584
59796	-96.87614	-363.3794	266.5033	2.279712	0.5172787
59802	-109.1799	-375.2426	266.0628	2.706137	0.4190956
59808	-111.8065	-378.1419	266.3354	2.4413	0.4433988
59814	-133.5705	-400.1886	266.6181	2.070925	0.7501008
59820	-120.8309	-387.3497	266.5188	2.213814	0.6771503
59826	-109.6249	-375.8814	266.2564	2.521608	0.4491666
59832	-107.11	-373.6147	266.5048	2.269481	0.571492
59838	-106.7676	-373.2578	266.4902	2.286769	0.5598387
59844	-105.5557	-372.2855	266.7298	2.037854	0.5945824
59850	-127.546	-393.9035	266.3575	1.850367	1.243303
59856	-127.8153	-394.4243	266.609	1.847915	1.01964
59862	-114.398	-381.0672	266.6692	1.831424	0.9758626
59868	-110.1998	-376.8499	266.6501	1.962903	0.8515323
59874	-101.8823	-366.8695	264.9871	1.606831	2.373588
59880	-107.1679	-373.3589	266.191	1.593573	1.572381
59886	-107.5647	-372.5026	264.9378	1.418609	2.522847
59892	-109.9344	-375.1855	265.2511	1.563312	2.232794
59898	-110.8436	-376.8647	266.0211	1.574758	1.708152
59904	-113.8741	-380.3498	266.4757	2.033438	0.967072
59910	-116.1151	-382.4982	266.3831	1.449048	1.537328
59916	-112.4453	-377.5115	265.0662	1.474748	2.407098
59922	-128.4353	-391.8391	263.4037	1.728858	3.263466
59928	-114.2479	-379.1355	264.8876	1.439166	2.541323
59934	-110.5188	-376.5453	266.0264	1.510579	1.749538
59940	-107.6478	-374.1142	266.4664	2.285907	0.6356322
59946	-108.4841	-374.9161	266.4319	2.338952	0.5839973
59952	-115.8267	-382.4316	266.6048	1.947074	0.921596
59958	-116.2569	-382.6588	266.4019	2.30897	0.7156134
59964	-122.2246	-388.8145	266.5899	2.131375	0.6979303
59970	-120.4969	-386.9281	266.4312	2.041501	1.004081
59976	-117.0923	-383.1206	266.0283	2.020111	1.372479
59982	-119.2727	-384.6031	265.3304	1.576148	2.173169
59988	-119.8767	-385.6244	265.7477	1.577685	1.895391
59994	-122.0646	-387.8508	265.7862	1.665081	1.809169
60000	-132.7554	-398.6124	265.8569	2.055713	1.477093
60006	-130.5606	-396.9413	266.3807	2.063748	1.031807
60012	-107.2283	-372.5303	265.3019	1.368491	2.32502
60018	-103.8821	-368.859	264.977	1.596601	2.386495
60024	-103.905	-369.7493	265.8444	1.310935	2.009723
60030	-100.3957	-365.8647	265.469	1.534548	2.109922
60036	-103.1787	-369.1855	266.0068	1.624163	1.683248
60042	-97.23011	-362.8593	265.6292	1.480096	2.040256
60048	-97.13605	-363.4117	266.2757	1.527939	1.558388
60054	-102.1958	-367.0501	264.8543	1.561986	2.485483
60060	-93.533	-359.5845	266.0515	1.653572	1.630184
60066	-95.87859	-361.9679	266.0893	1.653583	1.602778
60072	-107.5237	-374.0517	266.528	1.917116	1.031151
60078	-102.9873	-369.5497	266.5623	2.108111	0.7769639
60084	-106.1931	-372.6352	266.4421	2.326154	0.5927497
60090	-103.3328	-369.7456	266.4128	2.355421	0.5927497
60096	-104.1401	-370.5977	266.4575	2.102001	0.9132092
60102	-110.6282	-377.1949	266.5667	2.151031	0.7041257
60108	-104.1594	-370.4745	266.3152	2.084466	1.074485
60114	-112.0802	-378.6907	266.6105	1.803807	1.060635
60120	-107.7933	-374.2739	266.4806	1.980992	1.015087
60126	-103.0387	-369.4631	266.4244	2.184446	0.8565359
60132	-94.23742	-360.6739	266.4365	2.345764	0.526118
60138	-107.5118	-373.9824	266.4706	2.312768	0.5116923
60144	-121.3904	-387.8834	266.493	2.281465	0.5705162
60150	-110.1356	-376.5107	266.3751	2.376457	0.6374051
60156	-107.7237	-373.9973	266.2736	2.509772	0.4901438
60162	-96.05473	-362.2507	266.196	2.575749	0.4269615
60168	-93.74989	-359.952	266.2021	2.56966	0.4269615
60174	-105.678	-371.8218	266.1437	2.572826	0.3385348
60180	-122.3222	-388.7799	266.4577	2.323471	0.5357491
60186	-131.7731	-398.0454	266.2723	2.507551	0.5446151
60192	-117.4829	-383.2812	265.7983	2.875447	0.300741
60198	-116.4112	-382.2873	265.8761	2.816222	0.315675
60204	-118.7609	-384.5186	265.7577	2.907812	0.2946921
60210	-118.1618	-384.014	265.8523	2.798407	0.2844733
60216	-112.6338	-378.5029	265.8691	2.786163	0.2875093
60222	-115.2904	-381.369	266.0785	2.679047	0.3944192
60228	-112.9055	-379.0098	266.1043	2.627882	0.3563144
60234	-105.5734	-370.3811	264.8078	3.297399	0.1182289
60240	-109.5159	-374.5173	265.0014	3.103778	0.1182289
60246	-114.6151	-379.3783	264.7632	3.341943	0.1182289
60252	-111.2526	-376.0523	264.7997	3.30545	0.1182289
60258	-108.4747	-373.038	264.5633	3.266913	0.083839
60264	-111.6897	-376.6503	264.9606	3.276328	0.14123
60270	-105.9466	-370.8539	264.9073	3.276328	0.1312527
60276	-105.9735	-370.4169	264.4435	3.556065	0.1032391
60282	-99.4357	-364.2313	264.7956	3.203966	0.1032391
60288	-104.6332	-369.7541	265.1209	3.181776	0.1550647
60294	-110.7953	-375.9755	265.1802	3.078879	0.1456975
60300	-100.2857	-365.1865	264.9008	3.291135	0.1327478
60306	-112.8981	-377.3273	264.4292	3.509698	0.09570893
60312	-105.8057	-370.2895	264.4838	3.431179	0.09292891
60318	-107.4884	-372.4162	264.9278	3.337287	0.1469365
60324	-105.7736	-371.1091	265.3355	3.016787	0.1668294
60330	-106.7265	-371.9882	265.2617	3.09062	0.1668294
60336	-111.7932	-376.6995	264.9063	3.318191	0.1388052
60342	-117.1868	-381.5578	264.3711	3.499991	0.08807972
60348	-114.0626	-378.8468	264.7842	3.267007	0.1102482
60354	-109.4665	-373.677	264.2105	3.55642	0.07774342
60360	-106.9871	-371.795	264.808	3.274228	0.114744
60366	-107.3249	-372.1406	264.8157	3.274228	0.1159013
60372	-116.7562	-381.534	264.7778	3.353985	0.1224471
60378	-99.1653	-363.9051	264.7398	3.298637	0.1084615
60384	-107.4065	-373.4744	266.0679	1.715954	1.572921
60390	-95.41623	-360.1444	264.7282	3.224315	0.09734219
60396	-104.2312	-368.2828	264.0516	3.593979	0.06746192
60402	-103.8167	-367.4384	263.6217	3.809389	0.05286735
60408	-102.2522	-365.9101	263.6579	3.88147	0.05973205
60414	-95.10741	-359.5693	264.4619	3.475537	0.09553887
60420	-94.30806	-358.538	264.2299	3.5074	0.07507277
60426	-100.1643	-363.9194	263.7551	3.809004	0.06143543
60432	-101.562	-365.5548	263.9928	3.620344	0.06497976
60438	-103.7116	-368.5004	264.7888	3.176963	0.09895669
60444	-106.6038	-371.1815	264.5776	3.388148	0.09895669
60450	-105.2012	-369.7479	264.5467	3.419046	0.09895669
60456	-107.8796	-372.4564	264.5768	3.352671	0.09460852
60462	-109.2337	-375.6953	266.4616	2.055311	0.9589723
60468	-94.36197	-360.9681	266.6061	1.994664	0.8661462
60474	-97.92686	-364.3677	266.4409	2.340947	0.4708411
60480	-107.2371	-373.6349	266.3978	2.382883	0.4630474
60486	-109.5941	-375.0499	265.4558	3.0488	0.2131226
60492	-104.7036	-369.9523	265.2487	3.136683	0.1754234
60498	-109.1038	-374.5136	265.4099	3.080994	0.2081294
60504	-113.6929	-379.3114	265.6185	2.997909	0.263696
60510	-123.1379	-388.4262	265.2883	3.140054	0.1876802
60516	-108.5684	-374.0046	265.4363	2.995735	0.1887746
60522	-108.9979	-374.6056	265.6077	2.944751	0.2323217
60528	-102.983	-368.7615	265.7786	2.782887	0.2362816
60534	-109.1585	-375.1466	265.9881	2.66954	0.2891526
60540	-100.9289	-366.9835	266.0545	2.669731	0.3469549
60546	-95.17018	-360.7708	265.6006	2.928335	0.2225213
60552	-106.7363	-372.2833	265.5471	2.981912	0.2225213
60558	-114.861	-380.939	266.0779	2.650128	0.3513091
60564	-108.4493	-374.3761	265.9268	2.727316	0.286767
60570	-104.693	-370.6391	265.946	2.708102	0.286767
60576	-95.71403	-361.5575	265.8435	2.748525	0.2507853
60582	-98.55899	-364.714	266.155	2.549478	0.3265963
60588	-103.0914	-369.5488	266.4574	2.320312	0.5564445
60594	-127.7868	-393.8454	266.0586	2.71425	0.4302586
60600	-102.3719	-368.8404	266.4685	2.156751	0.8364021
60606	-117.9981	-384.6429	266.6448	1.902867	0.926169
60612	-116.6033	-382.7753	266.1719	1.893646	1.358942
60618	-122.6326	-389.1717	266.5391	2.012713	0.9217368
60624	-127.9635	-393.5671	265.6035	2.940041	0.2285259
60630	-120.6206	-387.2143	266.5937	1.979989	0.8974441
60636	-121.8524	-388.3488	266.4964	2.00521	0.9747716
60642	-128.3336	-393.8131	265.4795	3.112874	0.2509838
60648	-124.2506	-389.6643	265.4137	3.112874	0.2215618
60654	-132.9188	-398.4425	265.5237	3.065627	0.2494638
60660	-114.0365	-380.655	266.6185	1.795325	1.061124
60666	-105.111	-371.6366	266.5256	1.580361	1.326792
60672	-104.4363	-370.8969	266.4606	1.593624	1.367907
60678	-105.6959	-372.1924	266.4966	1.680306	1.269096
60684	-115.2888	-380.7935	265.5048	3.062565	0.2389396
60690	-117.9937	-383.5153	265.5216	1.549728	2.065351
60696	-108.7261	-374.3981	265.672	1.540794	1.971342
60702	-108.3842	-374.9416	266.5574	1.538503	1.334854
60708	-118.4367	-385.201	266.7643	1.636249	1.073626
60714	-110.1169	-376.7086	266.5918	1.879656	1.005304
60720	-99.85896	-366.4307	266.5718	2.155964	0.6862618
60726	-103.0903	-369.6292	266.5389	1.920819	1.0169
60732	-120.4092	-386.8526	266.4434	2.076359	0.9560012
60738	-130.086	-396.4647	266.3787	1.903499	1.18007
60744	-126.9687	-392.5504	265.5817	2.041151	1.689018
60750	-117.6557	-383.4183	265.7626	1.750587	1.766191
60756	-121.986	-387.698	265.712	1.340355	2.077875
60762	-114.6278	-380.6835	266.0557	1.86569	1.470453
60768	-120.8971	-386.3904	265.4933	1.792065	1.922482
60774	-117.8396	-384.1039	266.2643	1.721701	1.421095
60780	-122.1258	-386.8336	264.7078	1.858053	2.391384
60786	-109.2921	-375.4761	266.184	1.889401	1.352723
60792	-122.4361	-388.2779	265.8419	2.822038	0.2935208
60798	-119.7421	-386.0242	266.2821	2.501183	0.5117397
60804	-99.9169	-366.3557	266.4388	2.082994	0.9538188
60810	-107.3203	-373.5294	266.209	1.841173	1.371066
60816	-106.8458	-373.0504	266.2046	1.99902	1.246915
60822	-124.0227	-390.3973	266.3746	2.344768	0.7012273
60828	-115.1338	-381.5624	266.4286	2.308761	0.6677534
60834	-133.8313	-400.3181	266.4869	2.102313	0.8796867
60840	-122.736	-389.0528	266.3168	2.272377	0.8796867
60846	-111.2016	-377.4322	266.2306	2.027905	1.200458
60852	-116.3178	-382.3799	266.0621	1.542528	1.701961
60858	-108.1279	-372.1351	264.0073	1.233243	3.199633
60864	-101.0929	-367.0151	265.9222	1.484279	1.840011
60870	-98.60845	-363.5944	264.986	1.625645	2.362394
60876	-95.6898	-359.8785	264.1887	1.481562	2.942931
60882	-99.1534	-363.9875	264.8341	1.144188	2.756174
60888	-104.0306	-367.9789	263.9484	1.106558	3.309278
60894	-94.93591	-359.3326	264.3967	1.251755	2.956098
60900	-98.74128	-364.1586	265.4173	1.344498	2.266602
60906	-109.728	-375.1333	265.4052	1.356572	2.266602
60912	-115.871	-380.6352	264.7642	1.459032	2.60557
60918	-104.4588	-368.0867	263.6279	1.246892	3.415096
60924	-111.9646	-377.117	265.1524	1.480483	2.348902
60930	-112.7871	-377.9939	265.2068	1.159116	2.516909
60936	-97.19525	-360.8636	263.6683	1.227877	3.402538
60942	-110.2617	-374.5384	264.2767	1.401946	2.937924
60948	-108.7138	-374.2498	265.5361	1.783353	1.899447
60954	-124.7838	-390.8694	266.0856	2.66511	0.3825598
60960	-119.5027	-385.5415	266.0389	1.847779	1.496658
60966	-118.5861	-384.2122	265.6262	1.696715	1.897087
60972	-118.6871	-383.4319	264.7448	1.47644	2.606813
60978	-126.4923	-391.5562	265.0639	1.338016	2.494469
60984	-122.2934	-388.0786	265.7852	2.829912	0.2629647
60990	-110.5257	-376.7894	266.2637	2.505104	0.418813
60996	-116.9179	-382.8588	265.9409	2.744792	0.3101232
61002	-119.4107	-383.9005	264.4898	1.551752	2.71745
61008	-115.4797	-381.9568	266.4772	2.003684	0.9958797
61014	-121.8812	-388.5718	266.6906	1.964126	0.7985261
61020	-112.8481	-379.2782	266.4302	2.224544	0.7985261
61026	-113.4039	-379.9523	266.5484	2.165154	0.711178
61032	-103.7788	-370.2155	266.4367	2.307148	0.654622
61038	-114.0712	-380.1801	266.1089	2.620638	0.353122
61044	-116.3099	-382.4508	266.1408	2.619828	0.4004439
61050	-110.2677	-376.4717	266.204	2.578055	0.4724144
61056	-115.0168	-381.1766	266.1598	2.619311	0.4542969
61062	-122.7562	-389.1694	266.4132	2.369997	0.5137771
61068	-109.9194	-376.4609	266.5415	2.241678	0.5137771
61074	-118.154	-384.7247	266.5706	2.110251	0.762051
61080	-109.7079	-376.203	266.4952	2.191829	0.7530822
61086	-113.0566	-379.4527	266.3962	2.282103	0.7658575
61092	-93.59701	-360.4507	266.8537	1.883157	0.6688266
61098	-100.9511	-367.2354	266.2843	2.382906	0.7815166
61104	-92.71269	-359.1587	266.446	2.248906	0.7410906
61110	-91.49239	-358.0922	266.5999	2.127445	0.6870338
61116	-91.64809	-358.3535	266.7054	2.009924	0.7081897
61122	-93.43258	-359.9799	266.5473	2.123964	0.7758345
61128	-101.5564	-368.1376	266.5812	2.129405	0.7160766
61134	-104.5618	-371.3891	266.8273	1.865084	0.7449761
61140	-121.8318	-387.0753	265.2435	1.980024	1.964111
61146	-118.0318	-383.6472	265.6154	1.891655	1.77046
61152	-126.0576	-391.892	265.8344	1.841455	1.651196
61158	-116.9758	-382.3891	265.4133	2.063201	1.791716
61164	-115.0891	-381.4971	266.4081	2.375475	0.5037871
61170	-109.1587	-374.2194	265.0607	1.393971	2.461405
61176	-99.81755	-365.3322	265.5147	1.539353	2.076777
61182	-108.1642	-374.4383	266.2741	1.487544	1.589149
61188	-109.4228	-375.1273	265.7046	1.790191	1.779017
61194	-108.6107	-374.4988	265.888	2.075111	1.438648
61200	-100.6659	-366.8004	266.1345	1.913454	1.372832
61206	-104.3829	-370.6594	266.2765	1.862261	1.300278
61212	-116.5495	-382.5965	266.0469	2.089993	1.301766
61218	-114.7555	-380.8988	266.1433	2.062459	1.245132
61224	-108.2351	-374.6582	266.4231	2.360357	0.4925032
61230	-111.576	-378.1338	266.5578	2.224806	0.4784462
61236	-111.8987	-378.2373	266.3386	2.426742	0.601619
61242	-98.49158	-365.1509	266.6593	2.06842	0.686242
61248	-104.2402	-370.8019	266.5617	2.166013	0.686242
61254	-104.2548	-370.4766	266.2218	2.560401	0.4741056
61260	-115.1227	-381.3283	266.2056	2.577975	0.4961352
61266	-119.5151	-385.809	266.2939	2.482791	0.4436593
61272	-135.1867	-401.6034	266.4167	2.36568	0.4756875
61278	-131.47	-397.6184	266.1484	2.633378	0.4701276
61284	-124.1999	-390.6007	266.4008	2.354076	0.6296926
61290	-119.1982	-385.7472	266.549	2.232182	0.5352597
61296	-110.6966	-377.0849	266.3882	2.354345	0.6571739
61302	-95.68865	-362.294	266.6053	2.144007	0.6425228
61308	-102.4305	-368.5319	266.1015	2.582268	0.3085088
61314	-124.2026	-389.3065	265.1039	2.029697	2.024154
61320	-103.2271	-369.2076	265.9805	2.733261	0.3356664
61326	-108.5666	-374.3601	265.7935	2.784933	0.244117
61332	-105.4847	-371.6308	266.1461	2.582663	0.3521858
61338	-109.0247	-375.3883	266.3636	2.404788	0.4177723
61344	-111.6267	-377.9545	266.3278	2.454698	0.4765916
61350	-109.4811	-374.2674	264.7863	1.714168	2.432612
61356	-109.4916	-373.6656	264.174	1.538392	2.917529
61362	-122.0441	-388.0107	265.9667	1.596666	1.731083
61368	-113.4904	-379.9372	266.4468	1.662922	1.323733
61374	-110.1988	-376.4544	266.2556	2.485069	0.3674773
61380	-110.3421	-376.5526	266.2106	2.479091	0.313383
61386	-101.0745	-367.1496	266.0752	2.674273	0.3804569
61392	-96.80421	-362.9586	266.1544	2.621158	0.4392534
61398	-102.6622	-368.6373	265.9751	2.745087	0.3424222
61404	-110.5967	-377.1968	266.6001	1.627828	1.226497
61410	-102.7426	-369.0158	266.2733	1.891634	1.278941
61416	-110.0415	-376.3175	266.276	1.917089	1.255651
61422	-101.8822	-368.22	266.3378	2.0114	1.120805
61428	-111.8943	-378.5167	266.6225	1.602215	1.229231
61434	-103.1051	-369.3447	266.2397	2.053686	1.170343
61440	-105.1783	-371.7915	266.6132	1.853337	1.010145
61446	-111.7202	-378.1577	266.4375	1.937518	1.097276
61452	-114.2085	-380.8435	266.635	1.921986	0.9159989
61458	-109.3352	-375.3191	265.9839	2.17518	1.283714
61464	-108.3999	-374.8687	266.4688	2.057004	0.9496738
61470	-90.29798	-356.7813	266.4834	2.201384	0.7564077
61476	-99.98136	-366.1751	266.1937	2.587367	0.4653292
61482	-124.4264	-390.829	266.4026	2.333518	0.6702731
61488	-127.1769	-393.4426	266.2657	2.504541	0.5862091
61494	-115.9117	-382.1131	266.2014	2.576799	0.5535409
61500	-109.3499	-375.9168	266.5669	2.18504	0.6365522
61506	-123.2102	-389.6539	266.4437	2.284182	0.6859674
61512	-115.8979	-381.9473	266.0494	1.777265	1.541414
61518	-119.6278	-385.4801	265.8523	1.679341	1.753331
61524	-118.0651	-384.2754	266.2102	2.57233	0.523351
61530	-112.1305	-377.3579	265.2273	1.507546	2.28387
61536	-110.674	-375.0328	264.3588	1.671424	2.724369
61542	-110.3177	-375.4476	265.1298	1.535434	2.32832
61548	-94.79801	-360.2436	265.4456	1.373289	2.229907
61554	-109.2547	-370.1641	260.9094	1.294527	4.934522
61560	-115.1034	-376.9367	261.8333	1.491318	4.30608
61566	-128.3734	-393.4118	265.0384	1.616355	2.334997
61572	-120.8584	-386.2263	265.3679	2.184786	1.738544
61578	-118.6188	-383.5628	264.944	2.163653	2.041376
61584	-122.6876	-387.1755	264.4879	1.524404	2.735346
61590	-116.6784	-381.7171	265.0387	1.777055	2.231907
61596	-111.7406	-377.7562	266.0155	1.797497	1.551459
