Iteration	Posterior	Likelihood	Prior	rate_log_sd	tree_length
0	-116.3608	-381.25	264.8892	1.317727	2.615662
6	-100.3804	-366.51	266.1297	1.415955	1.743515
12	-90.51281	-355.8289	265.3161	1.375605	2.311445
18	-96.76433	-362.6326	265.8683	1.327634	1.982626
24	-96.93778	-363.0001	266.0623	1.380246	1.815164
30	-92.01786	-358.2494	266.2315	1.627331	1.51747
36	-96.91467	-362.9602	266.0456	1.397525	1.814811
42	-107.6727	-371.4473	263.7746	1.080551	3.426591
48	-101.8395	-367.8754	266.0359	1.333586	1.865384
54	-99.0851	-364.1586	265.0735	1.464762	2.408824
60	-99.40469	-362.9711	263.5664	1.211846	3.471529
66	-105.9478	-371.2816	265.3338	1.475348	2.236201
72	-102.3045	-368.0973	265.7928	1.304167	2.048445
78	-101.4408	-366.0168	264.5759	1.308439	2.813371
84	-109.2652	-373.8687	264.6035	1.280879	2.813371
90	-104.8304	-370.6397	265.8093	1.367407	1.995473
96	-106.4859	-369.5314	263.0455	1.246687	3.753652
102	-105.5321	-371.9268	266.3946	2.388825	0.4920975
108	-108.5388	-375.0997	266.561	2.198436	0.6181904
114	-111.6488	-378.3038	266.655	1.884687	0.9348728
120	-109.6662	-376.2715	266.6054	1.786079	1.0821
126	-107.3462	-373.8095	266.4633	2.096908	0.912432
132	-105.0041	-371.5148	266.5107	1.921591	1.043489
138	-98.64479	-365.1684	266.5236	1.799679	1.144031
144	-98.89303	-365.2453	266.3522	1.971015	1.144031
150	-104.1606	-370.6591	266.4985	2.256445	0.6293961
156	-107.2573	-373.5449	266.2876	2.494036	0.4696754
162	-95.57478	-361.9014	266.3266	2.45585	0.4763053
168	-93.69339	-359.9526	266.2592	2.481658	0.3677095
174	-98.44618	-364.2052	265.759	2.867859	0.2696742
180	-102.8691	-368.7584	265.8893	2.801617	0.3144339
186	-114.7516	-380.5277	265.7761	2.914825	0.3144339
192	-114.1038	-379.9727	265.8689	2.854867	0.3464
198	-130.6944	-396.3445	265.6501	3.018502	0.2968826
204	-124.0156	-389.8163	265.8007	2.891475	0.3155091
210	-124.6027	-390.5318	265.9291	2.745728	0.3015889
216	-115.215	-381.1508	265.9358	2.772902	0.3306333
222	-113.251	-379.1746	265.9235	2.803406	0.3500007
228	-121.7157	-388.117	266.4014	2.381943	0.5122923
234	-105.7216	-371.9942	266.2727	1.887262	1.283022
240	-105.777	-372.0979	266.3209	2.058765	1.093007
246	-114.6727	-381.0557	266.383	2.028812	1.062983
252	-125.7095	-392.0386	266.3292	2.234121	0.9090444
258	-123.7108	-390.1785	266.4677	2.08655	0.9190523
264	-117.6658	-384.1195	266.4537	2.070343	0.9514449
270	-118.2824	-384.6594	266.377	2.390382	0.5954276
276	-123.4513	-389.8844	266.4331	2.307303	0.6616744
282	-120.9417	-387.3985	266.4568	2.257822	0.7092969
288	-120.9247	-387.2736	266.3489	2.408617	0.622977
294	-111.105	-377.3674	266.2624	2.520083	0.47671
300	-104.8997	-370.8023	265.9026	2.788392	0.3145099
306	-108.9232	-374.7606	265.8374	2.855909	0.3165166
312	-110.5167	-376.1545	265.6377	2.961925	0.25468
318	-116.2099	-381.874	265.6641	2.937648	0.2558067
324	-107.5554	-372.9347	265.3792	3.178782	0.2347498
330	-111.3475	-376.7584	265.4109	3.034385	0.1928866
336	-107.9146	-373.0567	265.1421	3.225093	0.1706173
342	-107.5065	-372.6893	265.1827	3.226315	0.1820141
348	-113.0214	-378.8245	265.8031	2.847905	0.2846701
354	-104.1431	-370.0849	265.9418	2.722033	0.2934502
360	-105.6318	-371.3559	265.7241	2.926986	0.2847506
366	-107.7035	-373.3408	265.6373	2.958991	0.2529339
372	-120.9121	-386.3285	265.4164	3.185026	0.2556219
378	-103.0306	-368.6874	265.6568	2.929859	0.2481425
384	-101.791	-367.7186	265.9276	2.724912	0.285684
390	-101.6134	-367.555	265.9416	2.694714	0.275318
396	-103.4499	-369.5652	266.1153	2.574386	0.3134415
402	-102.7088	-368.7156	266.0068	2.682948	0.3134415
408	-99.54202	-365.2716	265.7295	2.861399	0.2502448
414	-102.7158	-368.3968	265.681	2.963201	0.2802481
420	-110.4465	-376.5607	266.1142	2.665013	0.4547147
426	-118.9312	-385.3607	266.4295	2.332518	0.6112446
432	-112.8473	-378.4823	265.635	2.892531	0.2219605
438	-113.4446	-379.3024	265.8578	2.805589	0.2931257
444	-123.9303	-390.1708	266.2405	2.542798	0.4873568
450	-118.6472	-384.6917	266.0445	2.679984	0.3472069
456	-118.5622	-384.715	266.1528	2.619473	0.4283391
462	-127.6756	-393.897	266.2214	2.555975	0.4464213
468	-127.3024	-393.4581	266.1556	2.621761	0.4464213
474	-120.4807	-386.724	266.2433	2.534135	0.4464213
480	-130.7356	-397.059	266.3234	2.459609	0.4828322
486	-127.4194	-393.8484	266.429	2.328648	0.6227449
492	-114.5797	-380.8842	266.3045	2.420724	0.6907614
498	-113.5109	-379.5753	266.0644	2.712745	0.4453648
504	-113.6691	-379.6919	266.0228	2.676157	0.3214526
510	-116.2719	-382.393	266.1211	2.583593	0.3267795
516	-113.7458	-379.3891	265.6433	2.979974	0.2675934
522	-117.7664	-383.5291	265.7627	2.860574	0.2675934
528	-108.6581	-374.6242	265.9661	2.777168	0.3710803
534	-129.1108	-395.0637	265.9529	1.455118	1.83898
540	-106.2232	-371.9024	265.6792	2.911444	0.2500786
546	-109.6968	-375.5558	265.859	2.763015	0.2668605
552	-106.8576	-372.1891	265.3315	3.188662	0.219044
558	-111.5567	-376.8662	265.3094	3.143883	0.1954239
564	-116.4198	-381.691	265.2713	3.132464	0.1804989
570	-122.4937	-388.3081	265.8144	2.899941	0.3362494
576	-116.2469	-381.331	265.0841	3.260327	0.1648778
582	-121.57	-386.6829	265.1129	3.240674	0.167137
588	-115.6285	-381.0612	265.4327	3.042278	0.2025958
594	-123.4293	-388.591	265.1618	3.285483	0.1934905
600	-120.3722	-385.5294	265.1573	3.282165	0.1910544
606	-114.1189	-379.2889	265.17	3.234214	0.1806323
612	-107.1578	-372.6508	265.493	3.094913	0.2487362
618	-119.4804	-384.4625	264.9821	3.355855	0.1632876
624	-109.3102	-374.0332	264.723	3.496486	0.1378595
630	-107.1268	-372.2404	265.1137	3.258824	0.1720004
636	-105.4182	-370.5287	265.1105	3.24856	0.1685382
642	-102.4796	-367.5282	265.0486	3.310487	0.1685382
648	-107.1782	-372.0205	264.8423	3.394855	0.1412824
654	-105.3551	-370.7177	265.3626	3.071983	0.1895497
660	-98.39665	-363.7041	265.3075	3.127054	0.1895497
666	-109.3598	-375.0007	265.641	2.982699	0.2678183
672	-119.7397	-386.1178	266.3782	1.815833	1.254893
678	-108.2992	-374.8244	266.5251	1.825003	1.119933
684	-111.8205	-376.9797	265.1591	3.258514	0.1845029
690	-113.0655	-379.2974	266.232	1.694837	1.466365
696	-117.4762	-383.0171	265.5409	1.786769	1.893859
702	-125.8848	-392.1017	266.217	1.832494	1.371652
708	-124.5224	-390.9353	266.413	1.865642	1.183172
714	-114.2667	-380.9572	266.6905	1.917609	0.8573363
720	-113.6025	-380.1935	266.591	2.050456	0.8159184
726	-124.2194	-390.7432	266.5238	2.196041	0.7004809
732	-140.6238	-407.0089	266.3851	1.896218	1.180844
738	-129.0565	-394.4142	265.3577	1.566293	2.161837
744	-139.5602	-405.0864	265.5262	1.442163	2.132959
750	-116.6312	-383.2014	266.5701	2.17287	0.656274
756	-128.1482	-394.6874	266.5393	2.23775	0.5596129
762	-129.7913	-396.3157	266.5245	2.152129	0.7682855
768	-118.7752	-385.3034	266.5281	2.199701	0.6860396
774	-109.3495	-375.8983	266.5487	2.186177	0.6726261
780	-109.9673	-376.433	266.4657	2.189904	0.7973217
786	-115.7837	-382.3393	266.5556	2.130911	0.7537754
792	-121.7084	-388.2143	266.5059	2.16837	0.7715133
798	-117.0131	-383.6801	266.6669	2.030647	0.7369761
804	-112.279	-378.9103	266.6313	1.952174	0.8862373
810	-100.4941	-366.9514	266.4573	1.952174	1.065214
816	-114.0211	-380.4189	266.3978	1.54446	1.454612
822	-125.9367	-392.202	266.2653	1.526559	1.567066
828	-119.0081	-385.4502	266.4421	1.768059	1.24141
834	-113.1606	-379.6722	266.5117	2.044907	0.91649
840	-114.8824	-381.0643	266.1819	1.84433	1.38982
846	-116.1772	-382.212	266.0348	1.738043	1.580996
852	-101.4429	-368.0128	266.5699	1.922394	0.984346
858	-108.8156	-375.3148	266.4992	1.954511	1.02278
864	-103.7865	-370.1079	266.3214	1.775885	1.333719
870	-112.0355	-377.7813	265.7458	1.325035	2.065675
876	-121.1375	-387.2134	266.0759	1.460718	1.749815
882	-116.034	-382.3282	266.2942	1.617087	1.478098
888	-111.5316	-377.4804	265.9488	1.422402	1.864154
894	-120.3713	-384.378	264.0067	1.988128	2.746041
900	-125.1839	-390.4009	265.217	1.234148	2.463625
906	-128.1627	-392.6714	264.5087	1.352161	2.827671
912	-122.5992	-386.9784	264.3792	2.075448	2.461393
918	-121.6132	-386.3288	264.7156	2.010468	2.289508
924	-110.033	-376.2867	266.2537	1.754574	1.403829
930	-127.6889	-393.5662	265.8773	1.677324	1.737214
936	-119.1266	-385.2403	266.1137	1.663027	1.57814
942	-112.5166	-378.7091	266.1925	1.648727	1.530594
948	-109.366	-375.3602	265.9942	1.738868	1.609934
954	-115.0674	-381.2331	266.1657	1.677907	1.528825
960	-106.3121	-372.5369	266.2247	1.97523	1.24993
966	-103.0095	-369.4435	266.4341	1.762895	1.252441
972	-108.8227	-374.5639	265.7413	1.726959	1.797447
978	-106.7765	-373.2063	266.4298	1.825277	1.203376
984	-107.0197	-372.7727	265.753	1.747613	1.774977
990	-118.8506	-384.7879	265.9372	1.902132	1.531957
996	-100.8677	-367.4053	266.5376	2.053659	0.8773243
1002	-104.5072	-371.203	266.6958	1.9609	0.7959058
1008	-108.0198	-374.5716	266.5518	2.20823	0.6165096
1014	-105.3671	-371.6822	266.3151	2.305596	0.8420717
1020	-115.7407	-382.0427	266.302	2.465442	0.4153942
1026	-108.0927	-374.2422	266.1494	2.590832	0.3669047
1032	-104.9138	-371.4391	266.5253	2.25096	0.5630749
1038	-103.9905	-370.4818	266.4914	2.2916	0.4823216
1044	-107.1268	-373.5248	266.398	2.299429	0.7372155
1050	-114.3244	-380.7099	266.3855	2.355942	0.659539
1056	-118.1695	-384.6471	266.4776	2.15196	0.8310646
1062	-138.6234	-404.7294	266.1061	2.166177	1.188662
1068	-128.3531	-394.494	266.1409	2.306711	1.028733
1074	-123.3731	-389.5738	266.2007	1.909805	1.323151
1080	-125.5414	-388.6125	263.0711	1.363747	3.671195
1086	-121.119	-384.5317	263.4127	1.26888	3.52794
1092	-112.6362	-378.9705	266.3344	2.174261	0.967582
1098	-112.206	-377.3214	265.1155	1.91112	2.094793
1104	-118.7115	-383.3919	264.6804	1.850467	2.413448
1110	-115.9645	-380.7396	264.7751	1.451866	2.603262
1116	-100.9174	-365.3942	264.4768	1.529583	2.738987
1122	-96.78976	-362.5459	265.7562	1.600392	1.874162
1128	-102.8894	-368.4795	265.5902	1.489403	2.059929
1134	-114.9973	-380.9985	266.0012	2.177322	1.267762
1140	-107.7482	-374.2008	266.4526	1.977417	1.045722
1146	-109.2921	-375.7689	266.4768	2.001279	0.9986415
1152	-121.1062	-386.9951	265.8889	1.753466	1.675154
1158	-114.066	-380.4361	266.3701	1.753093	1.312903
1164	-116.6402	-382.7404	266.1002	1.792803	1.491873
1170	-117.4743	-383.6323	266.158	1.923015	1.346656
1176	-110.3278	-375.2365	264.9086	1.778837	2.314172
1182	-108.2865	-373.3191	265.0326	1.654847	2.314172
1188	-113.879	-378.9631	265.0841	1.712572	2.244244
1194	-105.6106	-371.1049	265.4943	1.668194	2.004909
1200	-95.80406	-362.3429	266.5388	1.939498	0.9984152
1206	-93.67206	-360.2354	266.5633	2.012154	0.8953922
1212	-92.05545	-358.617	266.5615	2.013961	0.8953922
1218	-95.89982	-362.2927	266.3929	1.733082	1.310676
1224	-104.4867	-371.0839	266.5971	1.673445	1.190092
1230	-104.9433	-370.6804	265.7371	1.908665	1.672712
1236	-106.8077	-372.8251	266.0174	1.887443	1.482985
1242	-105.9828	-372.4221	266.4393	1.843923	1.179153
1248	-94.54642	-361.0287	266.4822	2.118064	0.8666656
1254	-98.0211	-364.7237	266.7026	1.986383	0.7500568
1260	-110.5077	-376.9585	266.4508	2.158023	0.8565184
1266	-104.3523	-370.6848	266.3326	2.182378	0.9609965
1272	-89.7667	-356.4276	266.6609	1.854092	0.9609965
1278	-93.64658	-360.2422	266.5956	1.827658	1.052174
1284	-95.12868	-361.3707	266.242	1.767869	1.402566
1290	-90.7312	-357.2309	266.4997	1.801792	1.163192
1296	-100.3226	-366.6839	266.3613	1.68632	1.373105
1302	-120.6485	-384.8586	264.2101	1.428693	2.961885
1308	-110.4308	-375.7228	265.292	1.235078	2.415881
1314	-104.5952	-367.7855	263.1903	1.257879	3.663497
1320	-112.3949	-376.6968	264.302	1.289879	2.990113
1326	-114.5922	-379.2175	264.6253	1.249087	2.819475
1332	-110.0853	-375.2082	265.1229	1.422632	2.404238
1338	-117.1936	-382.6445	265.4509	1.382589	2.220468
1344	-114.8889	-380.9334	266.0445	1.655663	1.63372
1350	-114.716	-380.5859	265.8699	1.543555	1.835229
1356	-117.2268	-382.7584	265.5317	1.778234	1.905909
1362	-103.8555	-370.0262	266.1707	1.726148	1.488989
1368	-95.15355	-361.4173	266.2637	1.873652	1.301387
1374	-91.19463	-357.2432	266.0485	1.774951	1.543726
1380	-90.83049	-357.2807	266.4502	1.980109	1.045397
1386	-101.6001	-367.1923	265.5922	1.855361	1.811723
1392	-98.73102	-365.0395	266.3084	1.797564	1.326723
1398	-107.388	-373.6532	266.2652	1.664592	1.464088
1404	-101.7467	-367.934	266.1874	1.705561	1.491943
1410	-111.9924	-374.864	262.8716	1.233059	3.861606
1416	-123.7403	-389.4429	265.7026	1.442165	2.016708
1422	-109.6674	-373.3383	263.6709	1.29686	3.360539
1428	-108.7818	-372.5757	263.7938	1.237835	3.322983
1434	-104.0569	-368.6914	264.6345	1.481952	2.671454
1440	-108.9066	-372.4305	263.5239	1.248324	3.475073
1446	-114.0968	-379.1185	265.0218	1.410341	2.475554
1452	-99.83822	-362.4396	262.6014	0.8996253	4.206121
1458	-103.7609	-364.0206	260.2598	0.9245945	5.498424
1464	-108.1564	-367.2362	259.0799	0.7951925	6.214273
1470	-106.523	-370.0063	263.4833	0.9785331	3.655574
1476	-108.4192	-370.7651	262.3459	0.9930614	4.297966
1482	-108.9369	-373.3426	264.4057	1.114382	3.033144
1488	-102.9286	-367.1133	264.1847	1.335333	3.033144
1494	-101.5995	-366.0822	264.4826	1.306641	2.871097
1500	-110.2797	-374.9054	264.6257	1.281069	2.799748
1506	-104.2764	-367.9296	263.6532	1.255967	3.394932
1512	-106.3837	-372.1539	265.7702	1.633302	1.842064
1518	-105.8743	-371.9242	266.0499	1.754126	1.558078
1524	-113.2783	-379.4963	266.2181	1.623773	1.530118
1530	-105.7413	-371.9723	266.231	1.951491	1.264459
1536	-104.714	-371.2223	266.5083	2.104756	0.851418
1542	-122.85	-389.3608	266.5108	1.667364	1.268033
1548	-113.7994	-379.6453	265.8459	1.514989	1.871238
1554	-113.9835	-380.5727	266.5892	1.618074	1.243802
1560	-107.3442	-373.8887	266.5445	1.667857	1.239603
1566	-119.4087	-386.0342	266.6255	1.742348	1.103867
1572	-107.589	-374.2	266.6111	2.044347	0.7975413
1578	-101.9055	-368.4258	266.5203	2.011277	0.9435031
1584	-109.812	-376.0536	266.2416	1.59733	1.532297
1590	-103.5688	-369.0088	265.4399	1.425476	2.199866
1596	-110.479	-376.9283	266.4493	1.833171	1.179776
1602	-110.862	-377.1263	266.2643	1.744388	1.403541
1608	-115.6285	-381.6092	265.9807	1.65907	1.676987
1614	-124.02	-389.4632	265.4432	1.360368	2.239805
1620	-114.1383	-379.28	265.1417	1.402737	2.404931
1626	-108.3777	-374.8997	266.522	1.886202	1.066419
1632	-97.55354	-364.3025	266.7489	1.831452	0.8897902
1638	-95.37061	-361.9561	266.5855	2.023919	0.8558357
1644	-97.77025	-364.2913	266.521	2.26219	0.5140154
1650	-104.8052	-371.5449	266.7397	1.939612	0.7643691
1656	-94.48788	-361.1613	266.6734	2.048081	0.6974876
1662	-99.65665	-366.2692	266.6125	1.987494	0.8669849
1668	-107.7274	-374.3708	266.6434	1.995453	0.8192798
1674	-99.57614	-365.9532	266.377	2.405305	0.5255761
1680	-94.7836	-361.0687	266.2851	2.450304	0.3604084
1686	-97.33983	-363.8688	266.529	2.155568	0.756647
1692	-96.47963	-363.0889	266.6092	2.075361	0.756647
1698	-106.9552	-373.5978	266.6427	1.76006	1.071584
1704	-110.7753	-377.3256	266.5504	1.793405	1.125691
1710	-122.5545	-388.981	266.4265	2.353136	0.4569149
1716	-108.3776	-375.003	266.6254	2.157749	0.4859389
1722	-105.0783	-371.5813	266.5029	2.280354	0.4871596
1728	-102.9679	-369.509	266.5411	2.241586	0.4789919
1734	-105.0476	-371.3509	266.3033	2.474287	0.4473631
1740	-104.2023	-370.7714	266.5691	2.214247	0.5108494
1746	-101.9487	-368.3918	266.4431	2.307034	0.6407967
1752	-112.0128	-377.3064	265.2936	1.486895	2.254636
1758	-99.84223	-365.7581	265.9159	1.581025	1.777542
1764	-103.8415	-368.4795	264.638	1.371104	2.73732
1770	-105.6399	-366.0768	260.4369	1.18544	5.256981
1776	-110.8757	-374.2114	263.3357	1.014926	3.719895
1782	-107.6917	-374.2954	266.6037	2.10818	0.714007
1788	-105.9032	-372.5224	266.6193	1.897908	0.9586972
1794	-93.19539	-355.0403	261.8449	1.17964	4.47539
1800	-88.45193	-352.5904	264.1385	1.422048	3.008909
1806	-87.23459	-352.21	264.9754	1.640481	2.35969
1812	-98.6164	-363.8685	265.2521	1.428397	2.318617
1818	-105.6038	-369.9458	264.3419	1.487503	2.84675
1824	-111.2781	-377.5926	266.3145	1.706149	1.394225
1830	-117.6706	-384.0964	266.4258	2.35381	0.4566668
1836	-111.6785	-377.9366	266.2581	2.517151	0.4381841
1842	-120.7188	-387.2121	266.4933	1.837134	1.137669
1848	-123.3425	-389.6697	266.3272	1.952166	1.182518
1854	-118.8993	-385.2054	266.306	1.945133	1.206758
1860	-112.6538	-379.3361	266.6823	1.97099	0.8004448
1866	-120.2618	-386.93	266.6683	1.885124	0.9199677
1872	-122.798	-388.644	265.846	2.861894	0.3297798
1878	-118.9687	-384.922	265.9533	2.754568	0.3297798
1884	-114.3684	-380.1064	265.738	2.841773	0.2447587
1890	-107.8553	-374.1685	266.3133	2.459945	0.431398
1896	-111.4551	-377.7584	266.3033	2.471022	0.4348129
1902	-117.4409	-383.9251	266.4841	2.273139	0.6236772
1908	-125.7085	-391.6428	265.9342	2.416081	1.119786
1914	-118.7231	-385.1638	266.4407	2.342545	0.5133097
1920	-114.059	-380.6531	266.5941	2.070789	0.7847105
1926	-114.3229	-380.8525	266.5297	2.082727	0.8522323
1932	-115.0101	-381.319	266.3088	1.636076	1.452604
1938	-112.8546	-379.5523	266.6977	1.898377	0.8717035
1944	-112.5881	-379.0285	266.4404	2.019132	1.017088
1950	-113.1027	-379.5902	266.4875	1.974859	1.014285
1956	-103.659	-370.2626	266.6036	2.164137	0.5943803
1962	-106.1862	-372.5584	266.3722	2.401766	0.5726034
1968	-108.7357	-375.1399	266.4042	2.353271	0.623187
1974	-107.98	-374.4453	266.4652	2.304883	0.5866833
1980	-108.3987	-374.8477	266.449	2.314602	0.6068345
1986	-113.7511	-380.0438	266.2927	2.487723	0.4609522
1992	-114.9457	-381.5496	266.6039	2.049521	0.8002773
1998	-102.6632	-369.0234	266.3602	2.42332	0.5056144
2004	-103.2448	-369.5438	266.299	2.483103	0.4731804
2010	-105.7876	-372.1151	266.3275	2.453393	0.5375061
2016	-104.4875	-370.7307	266.2432	2.532477	0.4395251
2022	-101.8016	-368.0767	266.2751	2.480449	0.3907362
2028	-110.5216	-376.691	266.1695	2.603849	0.4316391
2034	-117.3168	-383.4546	266.1377	2.564225	0.3241995
2040	-106.934	-372.9964	266.0624	2.665357	0.350937
2046	-114.8986	-380.9279	266.0293	2.698424	0.350937
2052	-110.5083	-376.2384	265.7301	2.908298	0.2766193
2058	-118.6969	-384.7094	266.0125	2.722936	0.3604307
2064	-111.5623	-377.3867	265.8244	2.842229	0.2954678
2070	-109.0099	-375.7241	266.7142	1.772025	0.990471
2076	-108.006	-374.5611	266.5551	1.922741	0.9989449
2082	-103.0962	-369.8297	266.7336	1.733886	1.009238
2088	-116.0052	-382.6899	266.6848	1.722383	1.067411
2094	-107.6379	-374.3298	266.6919	1.848652	0.9339066
2100	-105.1192	-371.3958	266.2766	1.477185	1.594885
2106	-96.99263	-363.3338	266.3412	1.84891	1.258149
2112	-105.3628	-372.0155	266.6527	2.100734	0.6331108
2118	-116.4022	-382.9434	266.5412	2.04252	0.8860296
2124	-106.4773	-373.0628	266.5855	2.111447	0.7380069
2130	-117.2984	-383.784	266.4856	2.216855	0.7293276
2136	-122.1838	-388.6613	266.4775	2.167876	0.8108436
2142	-104.3578	-370.908	266.5503	2.144853	0.7407577
2148	-100.2803	-366.812	266.5317	2.211449	0.6560413
2154	-106.1086	-372.6604	266.5518	2.191313	0.6560413
2160	-108.5245	-375.0349	266.5103	2.273258	0.500944
2166	-108.3895	-374.8943	266.5048	2.273258	0.5543468
2172	-122.4431	-388.9446	266.5015	2.238154	0.6631403
2178	-124.2797	-390.5976	266.3179	2.451667	0.5883433
2184	-105.0724	-371.2823	266.2099	2.54546	0.3903535
2190	-105.0905	-371.5593	266.4688	2.311765	0.5400896
2196	-106.4854	-373.0276	266.5422	2.237867	0.4592368
2202	-95.69632	-362.3136	266.6173	2.158239	0.5662588
2208	-112.5267	-378.9294	266.4027	2.302097	0.7255885
2214	-115.585	-382.007	266.422	2.325322	0.6469989
2220	-107.2242	-373.5606	266.3364	2.221485	0.9150806
2226	-104.4313	-370.8874	266.4561	2.101788	0.9150806
2232	-98.10776	-364.6332	266.5255	2.032365	0.9150806
2238	-102.0533	-368.5832	266.5299	1.992969	0.9526895
2244	-104.6287	-371.2917	266.663	1.957835	0.841937
2250	-107.0844	-373.6232	266.5388	2.204166	0.6563372
2256	-120.3648	-386.8762	266.5114	2.089936	0.8654412
2262	-122.9659	-388.7646	265.7986	2.817379	0.2634875
2268	-125.6475	-390.429	264.7814	3.418024	0.1341132
2274	-106.6378	-373.1039	266.4662	2.252306	0.7028068
2280	-105.8165	-372.3204	266.504	2.274034	0.5548627
2286	-93.71288	-360.2498	266.5369	2.186663	0.6938589
2292	-97.4706	-364.0922	266.6216	2.049366	0.7762117
2298	-100.582	-367.1084	266.5264	1.87522	1.072626
2304	-107.1779	-373.6571	266.4791	1.974056	1.023285
2310	-107.4398	-374.0407	266.6009	1.90093	0.974591
2316	-107.6962	-374.2721	266.5759	2.012716	0.8803605
2322	-119.4293	-383.6578	264.2285	3.738379	0.09909038
2328	-115.7323	-379.4228	263.6905	4.041791	0.0746355
2334	-110.3386	-376.9203	266.5818	1.680818	1.196988
2340	-121.7695	-385.5437	263.7743	3.829162	0.06426146
2346	-124.2927	-388.3873	264.0946	3.731102	0.08338432
2352	-122.0867	-385.8547	263.768	3.837289	0.06440016
2358	-126.2882	-389.9638	263.6757	4.031577	0.07247223
2364	-127.2442	-393.6355	266.3914	1.735021	1.310312
2370	-113.4278	-377.3415	263.9137	3.746233	0.06858429
2376	-108.0596	-372.2496	264.1899	3.585793	0.0785595
2382	-98.22599	-362.5976	264.3716	3.560602	0.09492029
2388	-98.38772	-363.0354	264.6477	3.448592	0.1168609
2394	-106.0413	-370.7095	264.6681	3.42813	0.1168609
2400	-93.57665	-358.1899	264.6133	3.416721	0.1072936
2406	-92.928	-358.1457	265.2177	3.103145	0.159213
2412	-104.0452	-369.4311	265.3859	2.971057	0.1680032
2418	-102.6149	-367.788	265.1731	3.183907	0.1680032
2424	-99.49611	-364.5847	265.0886	3.250911	0.1636802
2430	-99.33574	-364.0442	264.7085	3.471426	0.130601
2436	-96.40202	-361.372	264.9699	3.316182	0.1514038
2442	-125.1697	-391.5284	266.3587	2.407209	0.6000838
2448	-136.4757	-402.8857	266.41	2.335146	0.6517595
2454	-112.4923	-377.5933	265.1011	3.199805	0.1546522
2460	-109.4995	-374.7678	265.2683	3.199805	0.20027
2466	-108.4762	-373.3808	264.9046	3.358958	0.1466184
2472	-111.4231	-376.5733	265.1502	3.255554	0.1810851
2478	-102.6792	-367.8279	265.1487	3.168379	0.1583378
2484	-109.8384	-375.186	265.3476	3.168379	0.2174049
2490	-126.4759	-392.9175	266.4416	2.26174	0.7279761
2496	-110.0733	-376.5971	266.5238	2.252593	0.5624817
2502	-122.3994	-388.8558	266.4564	2.320781	0.5589988
2508	-119.5389	-385.7773	266.2384	2.538027	0.4424037
2514	-105.9408	-371.0762	265.1354	3.195542	0.1616116
2520	-103.5086	-368.5551	265.0465	3.315594	0.1693175
2526	-98.68707	-363.5868	264.8997	3.357686	0.1453495
2532	-95.82146	-360.8987	265.0772	3.186977	0.1467424
2538	-88.17212	-353.7971	265.6249	2.875131	0.2114457
2544	-97.16609	-362.8063	265.6402	2.833566	0.2021705
2550	-99.23993	-364.8111	265.5712	2.877841	0.1940511
2556	-92.63585	-357.9435	265.3076	3.065223	0.1720974
2562	-99.56855	-364.4679	264.8993	3.267732	0.1283505
2568	-101.5337	-366.4191	264.8855	3.308487	0.1331125
2574	-103.5649	-368.4764	264.9115	3.324245	0.1409905
2580	-109.3025	-374.8699	265.5674	2.976718	0.2287477
2586	-104.759	-370.6481	265.8891	2.704848	0.2517579
2592	-113.308	-379.3038	265.9958	2.717917	0.3356454
2598	-113.7443	-380.0445	266.3001	2.454349	0.3888555
2604	-110.46	-376.8254	266.3655	2.414031	0.5466798
2610	-104.0355	-370.5281	266.4926	2.28337	0.5641689
2616	-110.402	-376.9572	266.5552	2.104132	0.7923016
2622	-114.0683	-381.0173	266.949	1.710333	0.7923016
2628	-103.8332	-370.5055	266.6723	2.067995	0.6619613
2634	-92.46155	-359.041	266.5795	1.908516	0.9886959
2640	-96.29036	-361.4997	265.2093	1.515546	2.290283
2646	-93.96285	-359.8711	265.9082	1.701021	1.698681
2652	-124.3985	-390.8776	266.4792	2.2607	0.6627792
2658	-118.0487	-384.5675	266.5188	1.967884	0.9900131
2664	-104.4296	-371.0076	266.578	2.203308	0.5349816
2670	-100.0071	-366.4781	266.471	2.000556	1.0052
2676	-107.9488	-374.1346	266.1858	1.780533	1.436243
2682	-105.8247	-371.7043	265.8795	1.709823	1.712736
2688	-100.5554	-365.9414	265.386	1.609859	2.114961
2694	-92.08472	-357.5621	265.4774	1.518484	2.114961
2700	-103.4893	-369.4101	265.9207	1.621016	1.746227
2706	-117.2809	-382.202	264.9211	1.870093	2.247756
2712	-111.524	-376.3698	264.8458	1.673692	2.420661
2718	-113.9638	-378.3028	264.339	1.613269	2.772016
2724	-125.1897	-391.6017	266.412	1.806982	1.234056
2730	-132.2038	-398.3535	266.1498	1.618626	1.584235
2736	-132.2	-397.5155	265.3155	1.959324	1.929647
2742	-129.1442	-394.5518	265.4077	1.896501	1.909793
2748	-125.5949	-390.683	265.0881	1.729707	2.230599
2754	-112.4769	-379.0937	266.6168	2.154197	0.583526
2760	-114.7743	-381.1244	266.3501	2.432427	0.5232339
2766	-120.0339	-386.2983	266.2644	2.501161	0.4110041
2772	-120.6431	-386.6644	266.0213	1.716711	1.606351
2778	-116.6735	-381.7632	265.0896	1.568725	2.332701
2784	-111.3569	-377.2569	265.9	2.775009	0.3017187
2790	-110.0932	-376.3331	266.2398	2.541772	0.4690274
2796	-107.5711	-373.6673	266.0962	2.643688	0.3663656
2802	-108.5923	-374.6879	266.0955	2.643688	0.3654284
2808	-95.76236	-361.5212	265.7589	2.855397	0.262521
2814	-111.1465	-377.7591	266.6126	2.120188	0.6767132
2820	-106.2487	-372.7736	266.5249	2.189583	0.7096048
2826	-105.2381	-371.7058	266.4677	2.183091	0.8037699
2832	-109.1432	-374.8012	265.658	2.932567	0.2500515
2838	-113.4378	-379.158	265.7201	2.817822	0.2261828
2844	-114.9917	-380.9241	265.9323	2.76339	0.3185778
2850	-104.8136	-371.1316	266.318	2.187805	0.9705296
2856	-110.8415	-377.3593	266.5178	2.128055	0.8102064
2862	-111.9128	-378.1816	266.2687	2.192812	1.015096
2868	-113.3722	-379.8526	266.4804	2.075427	0.9172686
2874	-107.4036	-373.4433	266.0397	2.690992	0.354495
2880	-111.0731	-377.0481	265.975	2.720358	0.3182512
2886	-106.7273	-372.3546	265.6274	2.963987	0.2504518
2892	-104.0714	-369.6545	265.5831	3.017407	0.2551266
2898	-108.021	-373.8957	265.8747	2.763829	0.2766958
2904	-105.736	-371.9096	266.1736	1.526491	1.633795
2910	-106.7608	-373.3703	266.6095	1.742499	1.11829
2916	-108.7299	-375.1716	266.4417	1.946115	1.085444
2922	-112.0011	-378.1102	266.1091	1.901695	1.401877
2928	-115.3128	-381.815	266.5023	1.801387	1.161333
2934	-114.7161	-380.9493	266.2333	2.514883	0.3784402
2940	-109.0165	-375.2188	266.2023	2.563378	0.4112082
2946	-105.9523	-372.2244	266.2721	2.508666	0.5388082
2952	-122.8292	-388.3108	265.4815	3.061282	0.2282033
2958	-122.3629	-387.8375	265.4746	3.068225	0.2282033
2964	-121.7932	-388.2346	266.4415	2.236627	0.7661206
2970	-110.5937	-377.2391	266.6454	1.814671	1.016515
2976	-114.9438	-381.4207	266.4769	1.736257	1.23893
2982	-111.1726	-377.6291	266.4565	1.845127	1.163137
2988	-108.5216	-374.9763	266.4546	1.846947	1.163137
2994	-105.8372	-372.2326	266.3954	1.714457	1.323659
3000	-122.5712	-389.0156	266.4444	1.931787	1.096205
3006	-132.8397	-399.3873	266.5476	1.858033	1.068877
3012	-132.2591	-398.796	266.5369	1.857621	1.079239
3018	-126.4793	-392.8608	266.3815	2.013001	1.079239
3024	-113.1983	-379.6606	266.4622	1.969426	1.044157
3030	-122.8171	-389.0687	266.2515	2.530134	0.531692
3036	-123.3928	-389.7161	266.3233	2.448953	0.5789657
3042	-115.883	-382.4589	266.5758	1.885573	1.015232
3048	-119.7086	-386.0211	266.3124	1.60861	1.470723
3054	-121.3597	-387.1105	265.7509	1.450133	1.979233
3060	-126.9356	-392.206	265.2704	1.254215	2.417429
3066	-107.5614	-374.0381	266.4767	1.5471	1.391786
3072	-99.50292	-365.853	266.3501	1.486061	1.534354
3078	-110.2634	-375.5187	265.2554	1.394225	2.338294
3084	-108.1757	-374.8541	266.6783	2.06866	0.6477909
3090	-116.1234	-382.6104	266.4869	2.266619	0.632769
3096	-114.9104	-381.298	266.3876	2.396015	0.5014523
3102	-109.357	-376.0746	266.7176	1.994551	0.713516
3108	-116.7758	-383.2966	266.5208	2.241915	0.6092743
3114	-122.1009	-382.0173	259.9164	1.258424	5.50364
3120	-115.0512	-381.6372	266.586	2.176195	0.6106338
3126	-116.4786	-382.9048	266.4263	2.356528	0.5203336
3132	-110.6061	-374.7312	264.1251	1.54008	2.946031
3138	-113.902	-375.3427	261.4407	1.339823	4.612488
3144	-111.1657	-374.3217	263.1559	1.220012	3.705277
3150	-114.6725	-377.9347	263.2622	1.113724	3.705277
3156	-125.0323	-387.41	262.3778	1.11791	4.209175
3162	-125.4656	-391.4603	265.9947	1.614333	1.69884
3168	-126.4431	-392.3232	265.8801	1.649285	1.754857
3174	-128.5204	-394.0722	265.5518	1.608129	2.006637
3180	-129.3543	-392.3384	262.9841	1.375898	3.714502
3186	-125.2716	-387.9906	262.719	1.341071	3.887184
3192	-102.7435	-368.698	265.9545	1.698987	1.667174
3198	-118.6993	-384.7827	266.0834	1.570113	1.667174
3204	-110.0919	-376.315	266.2231	1.633933	1.518818
3210	-104.6819	-368.7048	264.0229	1.206223	3.206411
3216	-102.26	-366.5371	264.2771	1.215443	3.049633
3222	-106.82	-370.8385	264.0185	1.255865	3.17956
3228	-106.559	-372.2064	265.6474	1.268056	2.167435
3234	-107.3724	-372.1998	264.8273	1.265561	2.685951
3240	-106.8172	-370.1991	263.382	0.9957523	3.704251
3246	-112.9132	-377.5037	264.5905	1.197553	2.871807
3252	-110.5571	-373.7464	263.1894	1.175743	3.711532
3258	-104.8859	-366.946	262.0601	1.047218	4.428789
3264	-104.1338	-368.5112	264.3774	1.102566	3.057144
3270	-107.6554	-370.9604	263.305	1.219423	3.61931
3276	-106.8319	-370.4852	263.6532	1.169132	3.445765
3282	-102.9876	-366.0351	263.0475	1.005031	3.891513
3288	-98.44588	-363.5615	265.1156	0.9325593	2.713383
3294	-99.28757	-363.6174	264.3299	0.8686306	3.224516
3300	-93.53049	-358.2887	264.7582	0.9457684	2.922631
3306	-96.70933	-361.1396	264.4303	1.217591	2.956439
3312	-95.18505	-359.7948	264.6098	1.038084	2.956439
3318	-100.0249	-364.5415	264.5167	1.094441	2.978533
3324	-108.9248	-372.9391	264.0143	0.9719628	3.349658
3330	-100.5691	-362.911	262.3419	0.9373065	4.331755
3336	-104.7288	-367.501	262.7722	1.166744	3.956617
3342	-98.52156	-360.5695	262.0479	1.024407	4.448475
3348	-107.7809	-368.8833	261.1024	1.007459	4.986846
3354	-112.7533	-376.0038	263.2505	1.032861	3.758743
3360	-115.7841	-376.9903	261.2062	1.462546	4.675126
3366	-115.8655	-380.4052	264.5397	1.590257	2.663122
3372	-120.9997	-386.1639	265.1643	1.519503	2.316519
3378	-109.3367	-375.3027	265.966	1.722061	1.642395
3384	-104.14	-369.4653	265.3253	1.606802	2.156589
3390	-107.6699	-373.6954	266.0255	1.641619	1.657448
3396	-96.73875	-362.0959	265.3571	1.550592	2.172434
3402	-112.2542	-378.8459	266.5917	1.880709	1.004302
3408	-102.634	-369.3329	266.699	1.788577	0.9891468
3414	-104.1814	-370.709	266.5276	1.840992	1.103164
3420	-106.3459	-372.8679	266.522	1.584975	1.32598
3426	-113.8021	-380.2628	266.4607	1.843859	1.160516
3432	-117.7414	-379.641	261.8996	1.086034	4.497281
3438	-113.1227	-376.4836	263.3609	1.261378	3.562466
3444	-124.1238	-387.4372	263.3134	1.189234	3.631952
3450	-125.5603	-392.0862	266.5259	1.955599	0.995271
3456	-125.0438	-391.4245	266.3807	1.910345	1.172374
3462	-126.2304	-392.5936	266.3632	1.927816	1.172374
3468	-123.375	-389.7858	266.4109	1.870789	1.180513
3474	-119.8314	-385.6787	265.8472	1.618408	1.799234
3480	-119.2589	-384.8084	265.5495	1.424413	2.129313
3486	-115.1326	-379.4118	264.2792	1.734972	2.734207
3492	-135.8049	-401.9975	266.1927	1.601434	1.565398
3498	-133.5892	-399.3355	265.7463	1.652551	1.845286
3504	-126.9632	-392.8754	265.9122	1.788112	1.633581
3510	-116.6809	-382.7292	266.0483	1.687161	1.608216
3516	-129.8017	-395.3017	265.5	1.451543	2.143901
3522	-124.0051	-390.6894	266.6843	1.927665	0.8527093
3528	-121.7307	-387.8454	266.1147	1.993302	1.325141
3534	-119.194	-385.7018	266.5078	2.146943	0.7984942
3540	-127.4343	-393.7369	266.3026	2.159784	1.014293
3546	-111.8599	-378.5282	266.6684	2.012682	0.76186
3552	-114.9647	-381.5032	266.5385	2.194107	0.6771454
3558	-119.058	-385.3299	266.2718	2.51049	0.47514
3564	-115.664	-382.032	266.3679	1.834781	1.247651
3570	-115.0499	-381.1119	266.062	1.775845	1.533089
3576	-104.6348	-371.0839	266.4492	2.01347	1.014023
3582	-128.8757	-395.0911	266.2155	2.563097	0.4515657
3588	-129.586	-396.0028	266.4169	2.287139	0.7268712
3594	-114.6239	-381.2084	266.5845	1.97235	0.9161894
3600	-114.0148	-380.6636	266.6488	2.048832	0.7368795
3606	-103.3867	-370.0155	266.6288	2.116195	0.6520947
3612	-107.5837	-374.0143	266.4306	2.179823	0.8545565
3618	-113.2085	-379.7519	266.5434	2.179823	0.6944192
3624	-134.1267	-400.6449	266.5182	2.11204	0.8302032
3630	-115.054	-381.4785	266.4245	2.351962	0.5620917
3636	-119.24	-385.6594	266.4195	2.362612	0.4728938
3642	-113.1412	-379.633	266.4918	2.277296	0.5901033
3648	-116.4034	-382.7579	266.3545	2.416363	0.5840973
3654	-116.3272	-382.8099	266.4827	2.255122	0.6669956
3660	-109.0756	-375.5095	266.434	2.336052	0.5869163
3666	-104.2976	-370.8215	266.5239	2.079656	0.8627749
3672	-95.74389	-362.1687	266.4248	2.077922	0.9736971
3678	-103.1069	-369.2526	266.1457	1.925801	1.354215
3684	-101.3534	-367.7954	266.4421	1.605919	1.372804
3690	-105.9698	-371.4338	265.464	1.396919	2.202758
3696	-110.468	-376.1002	265.6322	1.495539	2.028032
3702	-105.0713	-371.3794	266.3081	1.714439	1.392746
3708	-98.57716	-364.5476	265.9704	1.585516	1.73626
3714	-100.1408	-366.0866	265.9458	1.762664	1.627766
3720	-103.1253	-369.3055	266.1801	2.157827	1.130897
3726	-105.0553	-371.3898	266.3346	1.77258	1.325804
3732	-103.3757	-368.8139	265.4382	1.627337	2.06917
3738	-102.0444	-366.486	264.4416	1.354609	2.8669
3744	-103.267	-366.0558	262.7888	1.378827	3.825406
3750	-109.6994	-374.2122	264.5128	1.299503	2.857105
3756	-115.2291	-380.5343	265.3052	1.630022	2.154582
3762	-119.4581	-384.0838	264.6257	1.652926	2.571228
3768	-115.6204	-382.1993	266.5788	2.021987	0.8660765
3774	-125.6552	-390.969	265.3138	1.485046	2.242819
3780	-109.8144	-376.2011	266.3868	2.209216	0.8717764
3786	-119.1446	-385.1574	266.0128	1.985658	1.41146
3792	-133.3972	-399.4783	266.0811	1.513512	1.709001
3798	-124.9687	-391.3062	266.3375	1.568216	1.482355
3804	-99.08441	-365.5079	266.4235	2.219887	0.8134334
3810	-96.30351	-362.7715	266.468	1.971514	1.036555
3816	-93.72046	-360.1342	266.4138	2.025773	1.036555
3822	-102.1787	-368.6692	266.4904	1.934259	1.050799
3828	-105.8059	-372.1497	266.3437	2.418996	0.609257
3834	-110.3092	-376.652	266.3428	2.419926	0.609257
3840	-111.7754	-378.3331	266.5577	2.175096	0.6768231
3846	-113.3296	-379.7416	266.4121	2.308915	0.698412
3852	-102.6308	-369.2315	266.6007	2.013735	0.8497557
3858	-97.89753	-364.2472	266.3497	2.404164	0.6321347
3864	-97.92247	-364.2171	266.2946	2.459225	0.6321347
3870	-97.128	-363.2843	266.1563	2.625709	0.4725745
3876	-92.64703	-358.8033	266.1562	2.617775	0.4338876
3882	-110.1123	-371.6123	261.5	1.847153	4.293299
3888	-107.9339	-371.7392	263.8053	1.561861	3.124386
3894	-102.875	-368.2874	265.4124	1.267508	2.318974
3900	-118.3043	-384.46	266.1557	2.615344	0.4248989
3906	-105.4268	-371.9313	266.5045	2.181816	0.7541351
3912	-104.0033	-370.6075	266.6042	2.016285	0.8423711
3918	-112.2614	-378.6807	266.4193	1.955278	1.097657
3924	-112.6896	-379.1083	266.4187	1.95449	1.09893
3930	-107.0071	-373.6678	266.6607	1.894976	0.9174646
3936	-117.5331	-383.9914	266.4583	1.9125	1.10118
3942	-111.2512	-377.3962	266.1451	2.188193	1.135114
3948	-110.1635	-376.4257	266.2622	1.997525	1.199431
3954	-102.3328	-368.7168	266.3841	1.817636	1.248494
3960	-104.7602	-369.5229	264.7627	1.521647	2.5677
3966	-109.4226	-375.4325	266.0098	1.413969	1.828113
3972	-98.74468	-365.2931	266.5484	1.936577	0.9917446
3978	-108.5617	-375.1754	266.6138	1.804794	1.056644
3984	-111.4021	-376.9165	265.5144	1.555903	2.066034
3990	-125.1956	-391.5448	266.3492	1.88699	1.219474
3996	-127.9776	-394.3011	266.3235	1.954015	1.184144
4002	-102.4552	-367.7412	265.286	1.493566	2.255215
4008	-95.27316	-361.3557	266.0826	1.692716	1.57918
4014	-104.9629	-370.4964	265.5335	1.935309	1.797061
4020	-128.6163	-393.6264	265.0101	1.54126	2.400531
4026	-119.8704	-384.9508	265.0804	1.355833	2.472961
4032	-119.8886	-384.9227	265.0341	1.388738	2.481371
4038	-119.0304	-384.8369	265.8065	1.57004	1.860565
4044	-107.563	-373.7837	266.2207	1.271789	1.780599
4050	-104.9039	-370.9654	266.0615	1.430985	1.780599
4056	-115.266	-381.1334	265.8674	1.46951	1.887545
4062	-113.4286	-376.3677	262.9391	1.225385	3.827186
4068	-118.263	-381.1662	262.9031	1.267088	3.823892
4074	-111.8388	-376.1476	264.3088	1.22719	3.023591
4080	-120.6022	-383.1235	262.5213	1.181784	4.091273
4086	-109.8348	-374.8415	265.0067	1.287052	2.561857
4092	-103.6039	-368.4637	264.8598	1.4154	2.57337
4098	-104.8329	-370.1328	265.2999	1.499592	2.242402
4104	-105.5747	-371.0374	265.4627	1.369898	2.221045
4110	-115.2328	-381.5819	266.349	1.819975	1.27556
4116	-110.0512	-376.4766	266.4254	1.924447	1.120186
4122	-103.012	-369.0881	266.0761	1.853399	1.464329
4128	-111.5285	-377.9834	266.4548	1.915165	1.101868
4134	-113.8126	-380.1008	266.2882	2.003038	1.172165
4140	-115.7403	-382.076	266.3357	1.815323	1.290259
4146	-120.7138	-386.7581	266.0443	1.968331	1.400436
4152	-109.9518	-375.7029	265.7511	1.713701	1.79983
4158	-109.8915	-374.6387	264.7472	1.681226	2.47788
4164	-99.43797	-364.3222	264.8842	1.865761	2.274215
4170	-98.17276	-363.6394	265.4666	2.095847	1.731705
4176	-100.5603	-366.2827	265.7224	1.97119	1.638443
4182	-104.2863	-369.7465	265.4601	1.665333	2.029559
4188	-105.8735	-370.3134	264.4399	1.764674	2.617149
4194	-117.1208	-380.8625	263.7416	1.863343	2.98221
4200	-119.0253	-385.2602	266.2349	2.074516	1.156248
4206	-127.033	-393.4093	266.3763	2.272113	0.8068237
4212	-113.5736	-377.9991	264.4254	2.17076	2.372191
4218	-106.1274	-371.3706	265.2432	2.374344	1.692763
4224	-121.0644	-386.2235	265.1591	2.386218	1.743711
4230	-114.5518	-379.6425	265.0907	2.304793	1.847563
4236	-113.6213	-379.1722	265.5509	2.351472	1.484832
4242	-120.9691	-386.7353	265.7662	2.412631	1.26744
4248	-118.6717	-384.1716	265.4998	2.261641	1.589285
4254	-117.0924	-382.8786	265.7862	2.839454	0.2689513
4260	-119.318	-385.2168	265.8988	2.783394	0.3072847
4266	-112.7732	-378.6379	265.8647	2.854837	0.3417564
4272	-110.8907	-376.3799	265.4891	3.064245	0.2327048
4278	-127.1743	-392.7266	265.5523	3.019567	0.2410303
4284	-121.2666	-386.9168	265.6503	2.973717	0.2679964
4290	-123.3874	-388.9129	265.5255	2.912865	0.1907286
4296	-106.6142	-371.8429	265.2287	3.130701	0.1686236
4302	-104.0354	-369.233	265.1976	3.042065	0.1417814
4308	-111.055	-376.3232	265.2681	3.048192	0.1581747
4314	-117.0491	-382.4185	265.3694	3.048192	0.1844987
4320	-116.7942	-381.617	264.8228	1.86288	2.315311
4326	-111.9481	-376.543	264.5949	1.97624	2.388067
4332	-112.7942	-377.3075	264.5133	2.053111	2.391022
4338	-111.9686	-376.4369	264.4683	2.047613	2.422892
4344	-106.9884	-372.8658	265.8774	2.810347	0.311808
4350	-112.5264	-378.3821	265.8557	2.76131	0.2640264
4356	-110.3209	-376.2928	265.9719	2.651529	0.2676759
4362	-106.3374	-372.687	266.3496	2.382629	0.3563238
4368	-100.6028	-367.0364	266.4336	2.319397	0.6341386
4374	-101.1193	-367.7337	266.6144	2.138534	0.6341386
4380	-97.35211	-364.059	266.7069	1.995275	0.7297454
4386	-101.2516	-367.7126	266.461	2.196468	0.7947931
4392	-102.3254	-368.3787	266.0532	1.986691	1.379132
4398	-101.2086	-367.2661	266.0575	1.737369	1.564822
4404	-112.6432	-378.443	265.7998	1.590049	1.851427
4410	-103.1322	-369.1287	265.9965	1.656325	1.667662
4416	-116.1395	-382.4602	266.3207	1.738538	1.363909
4422	-109.6181	-375.5374	265.9192	1.691423	1.697667
4428	-107.3702	-373.3241	265.9539	1.753793	1.628268
4434	-105.858	-371.6754	265.8174	1.729302	1.742781
4440	-100.4073	-366.4677	266.0604	1.573964	1.680859
4446	-94.3458	-360.6598	266.314	1.667168	1.424778
4452	-105.5592	-371.9363	266.3772	1.832751	1.241608
4458	-105.5168	-371.7604	266.2436	1.991638	1.220307
4464	-101.5198	-367.8653	266.3455	2.024017	1.102342
4470	-94.72888	-361.3289	266.6001	2.024017	0.8379163
4476	-102.0786	-368.6031	266.5246	2.003929	0.9467677
4482	-106.2848	-372.4228	266.138	1.917041	1.367279
4488	-110.9214	-377.2522	266.3307	1.864948	1.253507
4494	-105.6496	-371.8769	266.2273	1.929352	1.285735
4500	-118.4641	-384.8237	266.3596	1.796972	1.285735
4506	-121.7581	-387.8374	266.0793	2.018448	1.333322
4512	-122.4645	-388.4844	266.02	2.180548	1.249489
4518	-118.9314	-384.8543	265.9229	2.225955	1.292068
4524	-109.9572	-376.0986	266.1414	2.163743	1.160022
4530	-128.9293	-393.9663	265.037	1.666895	2.303698
4536	-130.4169	-396.4435	266.0265	1.638877	1.658698
4542	-130.8868	-397.4357	266.5489	1.790112	1.129936
4548	-134.1185	-400.6288	266.5103	1.909044	1.055866
4554	-129.3637	-395.5081	266.1444	1.931936	1.350401
4560	-134.111	-400.5424	266.4313	1.947569	1.093718
4566	-121.0098	-387.5494	266.5396	2.04923	0.8801144
4572	-121.5318	-388.1528	266.621	2.079067	0.7331574
4578	-115.6092	-381.8926	266.2834	2.494062	0.5576342
4584	-113.2615	-379.551	266.2895	2.494062	0.5022715
4590	-119.7173	-384.6787	264.9614	1.74464	2.302331
4596	-117.6652	-383.7576	266.0924	1.629581	1.617952
4602	-125.6784	-392.176	266.4976	1.859291	1.113826
4608	-118.3987	-384.8866	266.4878	2.204135	0.7456324
4614	-115.3658	-381.9827	266.6169	2.130625	0.6465947
4620	-119.8523	-385.8336	265.9813	2.765947	0.3770316
4626	-127.1886	-393.1347	265.9461	2.773876	0.3421754
4632	-111.2618	-377.6619	266.4002	2.365382	0.6011187
4638	-116.3763	-382.8451	266.4688	2.240543	0.718179
4644	-107.1016	-373.4295	266.3279	2.444018	0.5803901
4650	-106.3437	-372.6881	266.3443	2.436313	0.4626595
4656	-114.8362	-381.1794	266.3432	2.438206	0.4674707
4662	-105.1948	-371.6826	266.4878	2.288391	0.5632686
4668	-105.3075	-371.8472	266.5398	2.151395	0.7468469
4674	-110.9431	-377.048	266.1049	2.605701	0.3324675
4680	-115.3498	-381.8431	266.4934	2.160186	0.8000863
4686	-113.0174	-379.3406	266.3232	2.215636	0.9357775
4692	-101.7643	-368.2701	266.5058	2.143817	0.8052567
4698	-107.6377	-374.157	266.5193	2.213914	0.675954
4704	-107.9518	-374.4765	266.5247	1.921386	1.030218
4710	-108.8034	-375.2334	266.43	1.876012	1.159229
4716	-128.8742	-395.1272	266.253	1.999433	1.205675
4722	-123.9534	-390.2684	266.315	2.468315	0.5111828
4728	-127.8916	-394.1633	266.2717	2.511523	0.513112
4734	-130.7018	-396.9976	266.2958	1.891537	1.260455
4740	-126.8245	-392.5084	265.684	2.961869	0.2813131
4746	-124.4305	-390.2228	265.7923	2.882416	0.3014579
4752	-123.5263	-390.0263	266.5	1.760377	1.198875
4758	-112.4795	-379.0262	266.5467	2.106901	0.7999922
4764	-114.7378	-381.2277	266.4899	2.16366	0.7999922
4770	-108.102	-374.3709	266.2689	2.513982	0.5185905
4776	-112.2696	-378.4646	266.1951	2.580564	0.5658049
4782	-113.8166	-380.3473	266.5307	1.891284	1.053404
4788	-120.614	-386.7199	266.106	1.787469	1.491575
4794	-116.9999	-383.1735	266.1737	1.817993	1.41669
4800	-120.7439	-387.2796	266.5357	1.820274	1.114626
4806	-117.5974	-383.9137	266.3163	1.78912	1.327203
4812	-112.092	-378.4899	266.3978	1.885397	1.179151
4818	-113.02	-379.6038	266.5837	1.949281	0.9419676
4824	-118.4581	-384.891	266.4329	2.219699	0.801307
4830	-120.1275	-386.4804	266.3529	2.415216	0.5933452
4836	-110.3493	-376.6116	266.2623	2.51658	0.4530735
4842	-98.39867	-364.7683	266.3696	2.411619	0.4664158
4848	-108.4393	-374.819	266.3797	2.372688	0.3852989
4854	-121.9179	-388.1589	266.241	2.501844	0.3704649
4860	-111.6584	-377.7623	266.1039	2.646943	0.3827321
4866	-115.0349	-381.1651	266.1302	2.638018	0.4173575
4872	-108.0406	-374.2856	266.2451	2.533159	0.5536287
4878	-106.0778	-372.2451	266.1673	2.599911	0.4148948
4884	-104.4755	-370.559	266.0836	2.679884	0.4062016
4890	-98.31973	-364.1679	265.8481	2.849764	0.3205338
4896	-108.3302	-374.1676	265.8374	2.810839	0.2829006
4902	-91.74975	-357.5976	265.8478	2.785327	0.2734172
4908	-97.72532	-363.6129	265.8876	2.730972	0.2649327
4914	-95.17975	-360.9664	265.7866	2.864754	0.2849418
4920	-105.8872	-371.5417	265.6546	2.868816	0.2203078
4926	-107.7735	-373.5574	265.7839	2.878871	0.2927476
4932	-97.28541	-362.9038	265.6184	2.893155	0.2157215
4938	-84.1537	-349.7351	265.5814	2.930277	0.2157713
4944	-92.16182	-357.5639	265.4021	2.975957	0.1734593
4950	-95.79777	-360.5342	264.7364	3.412362	0.1252492
4956	-97.64985	-362.32	264.6702	3.366936	0.1082719
4962	-99.56012	-364.6586	265.0985	3.17163	0.1479782
4968	-96.98914	-362.3275	265.3383	3.109859	0.1937896
4974	-116.5385	-382.2839	265.7455	2.90305	0.2830598
4980	-101.5533	-366.84	265.2867	3.122308	0.1820077
4986	-103.2411	-368.9346	265.6935	2.813167	0.2138921
4992	-100.8209	-366.3008	265.4799	3.02679	0.2138921
4998	-107.0368	-372.5153	265.4785	3.02679	0.2133875
5004	-102.9528	-368.6064	265.6536	2.923352	0.2434164
5010	-109.8745	-375.5743	265.6998	2.896591	0.2529984
5016	-102.0515	-367.3802	265.3288	3.185576	0.2167976
5022	-105.9188	-371.5448	265.626	2.977154	0.2565251
5028	-106.2599	-371.7077	265.4478	3.143233	0.2502951
5034	-118.0025	-384.5279	266.5255	2.180841	0.7231122
5040	-117.4272	-383.9801	266.5528	2.190056	0.656513
5046	-120.8354	-387.3575	266.5221	2.220801	0.656513
5052	-97.47912	-363.7742	266.2951	2.48553	0.462544
5058	-95.02785	-361.2912	266.2634	2.517269	0.462544
5064	-109.9137	-376.3978	266.4841	2.299161	0.513189
5070	-118.4872	-384.9768	266.4896	2.186594	0.7689086
5076	-116.0533	-382.5729	266.5196	2.149926	0.7782487
5082	-110.8506	-377.3789	266.5283	2.119597	0.8074825
5088	-110.0443	-376.6837	266.6395	1.949799	0.8795949
5094	-103.2625	-369.8489	266.5865	2.111215	0.7368558
5100	-92.55713	-359.2281	266.6709	1.944005	0.8491362
5106	-105.2624	-371.9126	266.6502	2.005244	0.7975759
5112	-103.7864	-370.4895	266.7031	1.956078	0.7924505
5118	-94.94537	-361.664	266.7186	1.966887	0.7552613
5124	-101.9647	-368.5411	266.5763	2.205157	0.5332323
5130	-92.83353	-359.1933	266.3598	2.419414	0.4544643
5136	-98.84612	-365.1441	266.298	2.474974	0.4305337
5142	-102.9718	-369.3651	266.3932	2.387068	0.5418478
5148	-104.9624	-371.3926	266.4302	2.323111	0.6334289
5154	-103.7158	-370.3722	266.6564	1.983849	0.8174579
5160	-104.4687	-370.3818	265.9131	1.590092	1.773128
5166	-93.68219	-359.8933	266.2111	1.710802	1.470095
5172	-100.6995	-367.3112	266.6117	1.813144	1.050704
5178	-94.45912	-360.619	266.1599	1.819094	1.426456
5184	-106.8235	-373.3418	266.5183	2.022203	0.9339581
5190	-115.7949	-381.7454	265.9506	1.666453	1.693173
5196	-109.2611	-374.9229	265.6618	1.482957	2.016717
5202	-138.1376	-404.1856	266.048	1.78036	1.540126
5208	-136.8362	-402.6621	265.8259	1.675957	1.774076
5214	-114.4136	-381.0348	266.6212	1.885862	0.9692217
5220	-111.7233	-378.2986	266.5753	2.084161	0.7921589
5226	-113.1889	-379.1999	266.011	1.968626	1.425979
5232	-99.66606	-365.49	265.8239	1.678802	1.773498
5238	-110.5592	-375.4893	264.9301	1.537633	2.453205
5244	-115.5149	-381.8422	266.3274	1.623658	1.447935
5250	-113.6193	-377.6508	264.0315	1.801587	2.844541
5256	-116.561	-381.5483	264.9874	1.425731	2.487449
5262	-105.9419	-371.6697	265.7278	1.288813	2.101361
5268	-106.3822	-371.2234	264.8412	1.36062	2.618814
5274	-112.7383	-377.6134	264.875	1.326789	2.618814
5280	-108.3288	-373.4167	265.088	1.386624	2.448904
5286	-105.9935	-371.7865	265.793	1.430309	1.964309
5292	-109.5155	-374.9769	265.4614	1.432901	2.181143
5298	-106.6321	-372.5775	265.9454	1.631091	1.721848
5304	-116.7216	-383.0098	266.2882	2.256218	0.9297045
5310	-114.8902	-381.4198	266.5296	2.140723	0.7770979
5316	-112.82	-379.2807	266.4607	2.152598	0.8511657
5322	-109.8869	-376.4088	266.522	1.737219	1.199889
5328	-117.4216	-383.4748	266.0532	1.564023	1.692988
5334	-115.3397	-380.8471	265.5074	1.494406	2.111081
5340	-109.9601	-376.1525	266.1924	1.605541	1.562549
5346	-113.451	-379.9041	266.4532	1.690384	1.296397
5352	-98.31908	-364.6389	266.3199	1.708851	1.387918
5358	-110.0796	-376.6511	266.5716	1.757762	1.138591
5364	-118.2924	-384.8772	266.5849	1.855917	1.035344
5370	-121.6167	-387.8985	266.2818	2.141487	1.052159
5376	-127.4747	-393.5927	266.118	2.137165	1.203304
5382	-131.5718	-396.276	264.7042	1.859812	2.392548
5388	-137.9494	-402.8367	264.8873	1.753978	2.343594
5394	-129.1796	-395.6698	266.4901	2.293385	0.505922
5400	-112.8153	-379.3695	266.5543	2.190921	0.6516892
5406	-120.8528	-387.5531	266.7003	2.018935	0.701532
5412	-126.5043	-392.3785	265.8742	1.621304	1.778533
5418	-121.927	-387.5953	265.6683	1.728609	1.84656
5424	-124.4015	-390.9523	266.5509	2.018677	0.902063
5430	-119.2438	-385.5128	266.269	1.756288	1.390571
5436	-117.4989	-383.7482	266.2493	1.508217	1.592171
5442	-116.4795	-382.9777	266.4982	1.849195	1.122458
5448	-119.1814	-385.608	266.4266	2.111131	0.9369263
5454	-118.9903	-385.1372	266.1469	2.354605	0.9748948
5460	-120.7165	-386.9075	266.1911	2.592438	0.4940793
5466	-111.3285	-377.4415	266.113	2.670488	0.4940793
5472	-104.6103	-370.6872	266.0769	2.672248	0.3799221
5478	-99.89028	-366.0391	266.1488	2.608297	0.3935155
5484	-103.5296	-369.6683	266.1387	2.630468	0.4197326
5490	-96.50147	-361.9289	265.4275	3.050534	0.2036223
5496	-90.10947	-355.4899	265.3804	3.075464	0.1962421
5502	-96.4067	-362.0238	265.6171	3.007303	0.2682573
5508	-103.1196	-368.7439	265.6243	2.975624	0.2548547
5514	-111.8931	-377.2689	265.3758	3.181452	0.2344219
5520	-104.828	-370.0228	265.1948	3.223423	0.184666
5526	-99.94352	-364.9137	264.9702	3.338766	0.1564777
5532	-108.0459	-373.3301	265.2843	3.254638	0.2265722
5538	-104.7525	-370.2017	265.4491	3.104617	0.2328838
5544	-99.64926	-365.2361	265.5869	3.039333	0.2692977
5550	-106.857	-371.9576	265.1006	3.316283	0.1842835
5556	-108.3136	-373.0692	264.7556	3.391977	0.125044
5562	-117.7614	-382.4777	264.7163	3.543431	0.1458143
5568	-102.9635	-367.8175	264.8541	3.405612	0.1458143
5574	-110.9455	-376.8471	265.9016	1.967777	1.509626
5580	-98.61693	-364.4546	265.8377	2.031696	1.509626
5586	-98.50487	-363.8708	265.3659	1.735049	2.04577
5592	-107.881	-372.8169	264.9359	1.525308	2.457313
5598	-99.44623	-365.0445	265.5982	1.440043	2.087119
5604	-112.8123	-377.2538	264.4415	1.45496	2.806054
5610	-108.8109	-370.9587	262.1478	1.488739	4.129125
5616	-107.1358	-369.3201	262.1844	1.151492	4.299724
5622	-110.0447	-375.1078	265.0632	1.222391	2.566943
5628	-100.3697	-364.0574	263.6876	1.056285	3.491591
5634	-109.4319	-374.6866	265.2547	3.120838	0.1728009
5640	-112.8719	-377.739	264.8671	3.315773	0.1311152
5646	-105.9634	-370.8898	264.9264	3.296418	0.138492
5652	-123.4561	-384.4931	261.0369	0.8891197	5.088878
5658	-111.9586	-375.3579	263.3993	0.831471	3.789072
5664	-120.6991	-386.0198	265.3207	3.122491	0.1922287
5670	-120.1127	-385.862	265.7492	2.921002	0.2981188
5676	-123.5144	-389.2898	265.7754	2.901024	0.3027585
5682	-130.7671	-394.3241	263.5571	1.561911	3.27151
5688	-126.4938	-389.2107	262.7169	1.749757	3.652789
5694	-127.0883	-387.0513	259.963	1.602427	5.288419
5700	-124.5431	-385.1606	260.6175	1.661445	4.892767
5706	-126.1152	-388.7126	262.5975	1.33315	3.961354
5712	-115.4305	-380.801	265.3706	1.300902	2.324341
5718	-111.9676	-377.3285	265.361	1.31054	2.324341
5724	-120.2699	-385.419	265.1491	1.439509	2.376977
5730	-106.6773	-371.9804	265.3031	1.518132	2.228389
5736	-116.5969	-382.3096	265.7126	1.410182	2.031294
5742	-119.0427	-384.0393	264.9966	1.397638	2.499235
5748	-101.0626	-366.7539	265.6912	1.38546	2.061835
5754	-100.5205	-365.7481	265.2275	1.236965	2.455243
5760	-108.3404	-372.0005	263.6602	0.8982281	3.599585
5766	-109.7318	-373.443	263.7112	1.008425	3.505768
5772	-127.404	-393.8023	266.3983	1.948368	1.123062
5778	-110.9287	-377.4935	266.5648	1.781851	1.123062
5784	-108.8248	-375.5239	266.6991	1.823236	0.9532893
5790	-120.3121	-386.7709	266.4587	1.947138	1.068607
5796	-108.8053	-375.4137	266.6084	2.063353	0.7750771
5802	-115.7143	-382.036	266.3216	1.61392	1.459718
5808	-126.6883	-392.5507	265.8624	1.426789	1.919903
5814	-107.8113	-373.8412	266.0299	2.722693	0.3856578
5820	-100.3861	-366.691	266.3049	2.477475	0.5253061
5826	-105.2731	-371.5541	266.281	2.49111	0.4280343
5832	-104.0215	-370.4152	266.3937	2.389755	0.4926422
5838	-98.91992	-364.3325	265.4126	3.054176	0.1998226
5844	-105.406	-370.886	265.4799	2.99931	0.2040515
5850	-106.6837	-372.1002	265.4164	3.045549	0.1982417
5856	-116.3863	-382.171	265.7848	2.833607	0.2648092
5862	-115.1679	-381.1025	265.9347	2.724932	0.2904989
5868	-125.2557	-391.1743	265.9185	2.792169	0.3325824
5874	-115.2941	-381.8983	266.6042	2.137219	0.6595421
5880	-104.9415	-371.3808	266.4393	2.341535	0.4636071
5886	-104.3378	-370.4837	266.1459	2.633593	0.45593
5892	-114.576	-380.9737	266.3976	2.385436	0.4835527
5898	-116.6313	-382.9282	266.2969	2.467556	0.4083864
5904	-114.5859	-380.8187	266.2328	2.52738	0.399421
5910	-108.7024	-374.9998	266.2974	2.449944	0.3772146
5916	-106.8413	-372.9475	266.1062	2.501442	0.2589036
5922	-120.0588	-385.0995	265.0407	1.201891	2.593579
5928	-117.7905	-381.0497	263.2592	1.39953	3.541224
5934	-112.217	-378.4719	266.255	1.783387	1.380381
5940	-134.3625	-400.7219	266.3594	1.79837	1.284751
5946	-124.3371	-390.9561	266.6191	1.96355	0.8872678
5952	-122.202	-388.2521	266.0501	1.711577	1.589129
5958	-121.8066	-387.7053	265.8987	1.731868	1.683531
5964	-127.8215	-394.2789	266.4574	1.762916	1.232932
5970	-141.7675	-408.0715	266.304	2.473549	0.4471072
5976	-126.5473	-392.4058	265.8585	2.842263	0.3231256
5982	-124.8923	-390.797	265.9048	2.778013	0.3077412
5988	-131.3702	-397.3227	265.9525	2.777113	0.3531364
5994	-136.9265	-403.3838	266.4573	1.867415	1.142736
6000	-123.7554	-390.338	266.5826	1.880517	1.01357
6006	-110.5305	-377.0729	266.5424	1.95791	0.9761497
6012	-122.0646	-388.6187	266.5541	1.946229	0.9761497
6018	-124.0404	-390.6204	266.5799	2.077049	0.795453
6024	-118.4517	-385.1489	266.6972	2.018782	0.7070232
6030	-109.5057	-376.0828	266.5771	2.165357	0.6574886
6036	-114.4191	-381.1342	266.7151	1.955784	0.7763707
6042	-120.8451	-387.6959	266.8508	1.876825	0.6864298
6048	-122.2959	-388.8749	266.579	2.066054	0.8112296
6054	-121.1998	-387.5566	266.3568	2.416708	0.4322009
6060	-120.453	-387.0177	266.5647	2.006793	0.8998536
6066	-116.0083	-382.4843	266.4761	2.03965	0.9602312
6072	-102.7159	-369.2996	266.5837	1.814378	1.075952
6078	-109.1398	-375.6288	266.4891	1.86446	1.116885
6084	-103.8167	-370.2449	266.4282	1.86446	1.170967
6090	-105.7141	-371.5443	265.8302	1.717071	1.742336
6096	-114.3526	-380.0789	265.7263	1.954257	1.647826
6102	-106.2104	-372.6677	266.4573	2.154988	0.8523653
6108	-111.4683	-377.9077	266.4394	2.220268	0.7918233
6114	-112.4744	-378.7782	266.3039	2.456908	0.6145532
6120	-126.1244	-392.0886	265.9641	2.717193	0.3065982
6126	-134.5557	-400.526	265.9703	2.655318	0.2689744
6132	-128.7207	-395.0205	266.2998	2.427583	0.6868809
6138	-127.2317	-393.6976	266.4659	2.316338	0.5266922
6144	-131.2232	-397.4316	266.2084	2.513913	0.6960685
6150	-121.7853	-388.1716	266.3863	2.255745	0.8151856
6156	-105.656	-372.1335	266.4775	2.282432	0.6168193
6162	-107.9487	-374.3684	266.4197	2.303351	0.6947985
6168	-107.7864	-374.2634	266.477	2.268746	0.6504056
6174	-110.8648	-377.3196	266.4548	2.116453	0.9000971
6180	-98.53489	-365.0249	266.49	1.768699	1.200297
6186	-91.55472	-357.9203	266.3656	1.893112	1.200297
6192	-99.37995	-365.7951	266.4151	2.296723	0.7140533
6198	-113.336	-379.8412	266.5052	2.150345	0.7973389
6204	-114.5879	-381.1219	266.5341	2.128763	0.7875265
6210	-133.0888	-398.9091	265.8203	2.870454	0.3142936
6216	-130.8149	-396.8559	266.041	2.731955	0.4306303
6222	-130.1097	-396.0463	265.9365	2.806257	0.370389
6228	-124.4385	-390.3739	265.9354	2.807329	0.370389
6234	-102.9579	-368.9397	265.9818	1.887436	1.509711
6240	-108.6224	-374.5265	265.9041	1.945369	1.524475
6246	-105.9319	-371.9857	266.0538	1.73071	1.572435
6252	-97.64393	-363.0138	265.3699	1.679008	2.080158
6258	-98.37769	-363.5103	265.1326	1.409304	2.406533
6264	-103.7022	-369.8579	266.1557	1.405686	1.732417
6270	-99.22868	-365.7422	266.5136	2.260869	0.5708236
6276	-95.91484	-362.5165	266.6017	2.085669	0.7526052
6282	-99.19992	-365.7825	266.5826	1.970562	0.9202496
6288	-97.53778	-364.1652	266.6274	1.979916	0.8582857
6294	-95.33599	-361.9375	266.6015	2.100735	0.7296549
6300	-101.9015	-368.3927	266.4912	2.100735	0.876457
6306	-103.069	-369.6003	266.5314	2.042325	0.8974047
6312	-105.0261	-371.4908	266.4647	2.088356	0.9203187
6318	-100.5439	-366.8035	266.2596	2.169791	1.046332
6324	-108.8416	-375.2723	266.4308	2.217918	0.806499
6330	-98.39279	-364.5938	266.201	2.577203	0.4497875
6336	-102.3	-368.464	266.164	2.586376	0.3820208
6342	-120.3989	-386.8424	266.4435	2.13199	0.8953758
6348	-129.0475	-395.5872	266.5397	2.059185	0.8682983
6354	-105.5068	-371.8328	266.326	2.457585	0.5032049
6360	-112.8733	-379.092	266.2186	2.551256	0.4217574
6366	-110.7265	-377.0623	266.3358	2.443274	0.4538884
6372	-118.114	-384.6156	266.5016	2.21154	0.7118637
6378	-100.8039	-367.1437	266.3397	2.435529	0.5674857
6384	-108.9459	-375.1856	266.2397	2.532472	0.5794226
6390	-118.1851	-384.4828	266.2977	2.455138	0.6344711
6396	-100.7077	-367.1337	266.426	2.349965	0.5643592
6402	-101.4311	-367.9577	266.5266	2.192524	0.7016531
6408	-107.1623	-373.6549	266.4926	2.212185	0.725604
6414	-96.25732	-362.6912	266.4338	2.349472	0.5120529
6420	-100.6994	-367.1867	266.4873	2.289047	0.5626067
6426	-104.2909	-370.8154	266.5245	2.258271	0.5210205
6432	-108.9365	-374.4927	265.5562	2.995065	0.2318026
6438	-104.4687	-370.271	265.8023	2.755669	0.2347446
6444	-102.172	-367.8479	265.676	2.862765	0.2264983
6450	-111.2644	-377.0631	265.7987	2.828837	0.2700519
6456	-114.5536	-380.1813	265.6277	2.923395	0.2317213
6462	-111.665	-377.1922	265.5272	2.993148	0.219111
6468	-107.7115	-373.7652	266.0536	2.682782	0.3617342
6474	-112.4719	-378.5208	266.0488	2.652689	0.323801
6480	-107.6681	-374.1132	266.4452	1.694325	1.299694
6486	-105.8994	-372.3938	266.4944	1.62785	1.313615
6492	-99.3092	-365.7109	266.4017	1.657238	1.364177
6498	-109.5903	-376.2925	266.7022	1.690473	1.080989
6504	-104.8771	-371.5583	266.6811	1.950778	0.8281083
6510	-107.2347	-373.8391	266.6044	2.067668	0.7746935
6516	-102.5415	-369.2607	266.7192	1.821722	0.9335563
6522	-103.9058	-370.42	266.5142	1.950778	1.011698
6528	-105.8393	-372.1258	266.2865	1.659854	1.451484
6534	-102.5252	-368.8791	266.3539	1.636905	1.417363
6540	-102.9215	-369.1845	266.263	1.620964	1.49867
6546	-109.8456	-376.1794	266.3338	1.774254	1.325052
6552	-116.3947	-381.8263	265.4316	1.765915	1.981537
6558	-110.6173	-375.0291	264.4118	2.122442	2.411359
6564	-123.3797	-389.0864	265.7067	1.397046	2.043928
6570	-123.5805	-386.4089	262.8284	1.256426	3.872955
6576	-113.418	-377.9328	264.5149	1.497665	2.735218
6582	-118.8278	-385.2973	266.4695	1.554932	1.391264
6588	-110.4698	-375.4055	264.9358	1.613873	2.401633
6594	-109.088	-375.3839	266.2959	1.576635	1.507219
6600	-114.6379	-380.646	266.0081	1.576283	1.716264
6606	-107.4448	-373.1162	265.6714	1.795628	1.798251
6612	-101.0964	-366.9865	265.8901	1.680458	1.725992
6618	-108.0245	-372.761	264.7365	1.395372	2.661968
6624	-109.3455	-375.2286	265.8831	1.61681	1.775456
6630	-119.9072	-384.9864	265.0792	1.44003	2.42083
6636	-108.1842	-373.5086	265.3244	1.552184	2.192635
6642	-111.2778	-377.4249	266.1471	2.600303	0.3772246
6648	-100.7172	-366.9953	266.2781	2.493188	0.4256573
6654	-106.254	-372.6616	266.4076	2.375244	0.5192109
6660	-116.1817	-382.6351	266.4534	2.001229	1.021857
6666	-106.4532	-372.7037	266.2505	2.039187	1.173555
6672	-95.29675	-361.7446	266.4479	2.037495	0.9913441
6678	-107.8029	-374.2461	266.4432	2.057224	0.9760726
6684	-114.7966	-380.6113	265.8147	2.764755	0.2446316
6690	-102.579	-368.7128	266.1338	2.62466	0.3960632
6696	-106.1306	-372.3777	266.2471	2.511333	0.3960632
6702	-111.6665	-377.9713	266.3049	2.475078	0.4583846
6708	-119.683	-386.0735	266.3905	2.391515	0.4724649
6714	-120.7273	-387.1316	266.4043	2.340891	0.651609
6720	-121.0112	-387.4368	266.4256	2.331877	0.6231192
6726	-109.6966	-376.0626	266.366	2.353367	0.7012491
6732	-114.765	-381.2046	266.4396	2.296263	0.6708043
6738	-108.6344	-375.0867	266.4523	2.323055	0.5668196
6744	-112.3527	-378.6869	266.3342	2.421502	0.6276648
6750	-100.8589	-367.4388	266.5799	2.122952	0.728681
6756	-112.7372	-379.3333	266.5961	2.116433	0.7128886
6762	-109.032	-375.4261	266.3941	2.342403	0.6695158
6768	-123.3189	-389.6424	266.3235	2.145623	1.007582
6774	-125.3408	-391.9074	266.5666	2.086172	0.8011169
6780	-125.6267	-391.6892	266.0625	1.804977	1.51101
6786	-129.7129	-395.8904	266.1774	1.545278	1.617447
6792	-120.323	-386.9436	266.6206	2.095826	0.706297
6798	-116.2032	-382.7419	266.5387	2.133758	0.7741231
6804	-104.2293	-370.7776	266.5483	2.136252	0.7566756
6810	-114.5546	-381.2834	266.7288	2.006048	0.6727768
6816	-122.9489	-389.529	266.5801	2.154731	0.6727768
6822	-117.3952	-384.1036	266.7084	1.992705	0.7315441
6828	-109.7164	-376.3304	266.614	2.076462	0.7479511
6834	-114.9765	-381.348	266.3715	2.411042	0.5236312
6840	-120.4056	-387.0605	266.6549	2.087343	0.6579186
6846	-127.0181	-393.6329	266.6148	2.129722	0.6531287
6852	-112.6365	-378.3563	265.7198	1.474136	1.983938
6858	-101.6044	-367.3535	265.7491	1.511856	1.938977
6864	-114.6548	-380.3633	265.7085	2.887403	0.2527501
6870	-122.4884	-386.773	264.2845	1.370024	2.952417
6876	-122.1206	-387.7121	265.5915	1.650998	1.95142
6882	-115.6946	-381.5577	265.8631	1.563896	1.825916
6888	-120.6625	-386.0797	265.4171	1.615909	2.090574
6894	-130.5406	-396.0435	265.5029	1.796285	1.913149
6900	-116.2441	-381.5614	265.3173	3.15768	0.2025845
6906	-121.1574	-386.2293	265.0719	3.278023	0.1662248
6912	-120.9578	-387.4574	266.4996	2.123234	0.8393931
6918	-127.6627	-394.0197	266.3571	2.397839	0.6295567
6924	-117.5193	-384.2748	266.7555	1.895071	0.8040376
6930	-109.7203	-375.1553	265.435	2.927805	0.1694987
6936	-108.1363	-373.2132	265.0769	3.14752	0.1387995
6942	-105.6285	-371.1201	265.4916	2.986938	0.2038057
6948	-98.28392	-363.6067	265.3228	3.066797	0.1765678
6954	-95.1754	-360.5773	265.4019	3.015754	0.1845108
6960	-104.9119	-370.3567	265.4447	3.043567	0.2072057
6966	-108.2246	-373.5573	265.3327	3.155593	0.2072057
6972	-133.0336	-397.1567	264.1231	3.815462	0.09567158
6978	-111.7406	-375.9772	264.2366	3.637503	0.08840233
6984	-112.6746	-376.6512	263.9765	3.832966	0.08178181
6990	-113.0776	-377.1723	264.0946	3.760551	0.08640037
6996	-116.2464	-380.5075	264.261	3.606637	0.08771803
7002	-108.5426	-374.0908	265.5482	2.978544	0.2216268
7008	-107.4933	-373.4291	265.9358	2.737974	0.3007739
7014	-101.794	-367.7348	265.9408	2.72066	0.2917839
7020	-102.3472	-368.5991	266.2519	2.524179	0.4412912
7026	-106.4961	-372.7399	266.2437	2.527804	0.4262985
7032	-114.2715	-378.4202	264.1487	3.657425	0.08145802
7038	-108.1166	-372.905	264.7884	3.373792	0.1275074
7044	-114.0103	-378.3602	264.3498	3.657499	0.1042584
7050	-90.83355	-357.3667	266.5332	2.240211	0.5748379
7056	-95.9642	-362.3298	266.3656	2.416129	0.4700254
7062	-86.51182	-353.0628	266.5509	2.173121	0.6929365
7068	-90.91127	-357.4133	266.502	2.281219	0.5134326
7074	-94.26246	-360.9002	266.6378	2.084364	0.6963407
7080	-88.00757	-354.4484	266.4408	2.32828	0.5899819
7086	-87.5802	-354.0489	266.4687	2.293269	0.6114436
7092	-91.11716	-357.5913	266.4741	2.2006	0.7709422
7098	-90.72573	-356.9398	266.2141	2.556537	0.4238006
7104	-91.7746	-358.0335	266.2589	2.498076	0.3933985
7110	-87.03946	-353.1172	266.0778	2.676039	0.3876636
7116	-92.9582	-358.9924	266.0342	2.727849	0.4032803
7122	-88.45574	-354.5695	266.1138	2.633018	0.3763771
7128	-90.79559	-357.105	266.3094	2.44943	0.3968676
7134	-97.94881	-364.2369	266.288	2.470818	0.3968676
7140	-102.883	-369.0785	266.1955	2.578696	0.4345249
7146	-100.7609	-366.7124	265.9515	2.796088	0.377526
7152	-112.9143	-378.9915	266.0772	2.67026	0.3773379
7158	-106.8305	-372.6769	265.8463	2.896658	0.3707108
7164	-111.1703	-377.5513	266.381	2.394241	0.438287
7170	-107.2877	-372.8282	265.5405	3.120799	0.2916637
7176	-102.7258	-368.3219	265.5961	2.991787	0.2487233
7182	-108.6941	-374.2343	265.5402	3.054791	0.2522743
7188	-109.4912	-375.0304	265.5393	3.055692	0.2522743
7194	-106.1346	-371.3972	265.2626	3.203774	0.1996926
7200	-109.0072	-374.3529	265.3457	3.203774	0.2310491
7206	-113.6864	-379.064	265.3776	3.171948	0.2310491
7212	-112.5439	-377.963	265.4191	3.130465	0.2310491
7218	-113.5387	-378.8283	265.2895	3.230256	0.2188848
7224	-118.9436	-384.0798	265.1362	3.35803	0.209311
7230	-104.0461	-369.33	265.2839	3.162824	0.1933307
7236	-118.5804	-384.1917	265.6113	3.011156	0.2671419
7242	-112.2178	-378.4148	266.197	2.567839	0.6032309
7248	-120.8651	-386.9547	266.0896	2.693262	0.4807562
7254	-121.8112	-387.7701	265.959	2.796002	0.3896873
7260	-125.386	-391.2531	265.8671	2.869574	0.3620101
7266	-123.7688	-389.5096	265.7407	2.894209	0.274504
7272	-119.9088	-384.6538	264.745	3.401524	0.1248775
7278	-120.8253	-385.9632	265.1379	3.236624	0.1725315
7284	-121.4599	-386.9713	265.5114	3.03914	0.23148
7290	-120.3521	-385.8329	265.4809	3.069666	0.23148
7296	-113.9546	-379.4346	265.4799	3.069666	0.2310821
7302	-118.2205	-384.0542	265.8337	2.911102	0.3732838
7308	-116.9065	-382.526	265.6194	3.047635	0.2958002
7314	-115.5736	-381.1828	265.6092	3.035566	0.2806119
7320	-116.2686	-381.8344	265.5658	2.987362	0.2326176
7326	-116.5325	-382.5064	265.9738	2.697407	0.29886
7332	-121.2076	-387.3434	266.1358	2.601538	0.362951
7338	-120.8603	-387.0978	266.2376	2.471726	0.7183001
7344	-105.7293	-371.9826	266.2532	2.520736	0.5725726
7350	-109.834	-375.8717	266.0377	2.732485	0.42256
7356	-109.1504	-375.5204	266.37	2.390409	0.615455
7362	-135.8251	-401.4643	265.6392	3.022078	0.2917003
7368	-141.4597	-407.7237	266.264	2.506999	0.424859
7374	-113.9208	-380.399	266.4782	2.16185	0.8176857
7380	-115.8743	-382.1526	266.2783	2.085059	1.107928
7386	-101.4871	-367.8368	266.3497	2.013666	1.107928
7392	-102.0818	-368.5992	266.5174	1.910499	1.047767
7398	-106.0962	-372.273	266.1768	1.730572	1.481085
7404	-104.1331	-370.7912	266.6581	1.800409	1.018048
7410	-113.5729	-379.9209	266.348	1.753672	1.33021
7416	-117.9715	-384.5214	266.5499	1.988853	0.935788
7422	-128.4774	-394.9248	266.4474	2.3197	0.5964556
7428	-116.7792	-383.1381	266.3589	2.424581	0.4935992
7434	-121.246	-387.2547	266.0087	2.712467	0.3435162
7440	-123.2287	-389.6904	266.4617	2.21401	0.7695332
7446	-112.1029	-378.6143	266.5113	2.230338	0.6590644
7452	-114.7863	-381.2455	266.4592	2.316672	0.5647003
7458	-120.0158	-386.5136	266.4978	2.230152	0.6858986
7464	-121.6503	-388.0424	266.3921	2.375149	0.5959192
7470	-106.8347	-373.2604	266.4257	2.315332	0.6604524
7476	-113.5861	-380.0625	266.4764	2.264607	0.6604524
7482	-117.9952	-384.4046	266.4094	1.889551	1.165449
7488	-125.1161	-390.8515	265.7354	1.734995	1.795918
7494	-116.1563	-382.214	266.0576	1.667953	1.615351
7500	-113.3131	-379.0471	265.734	1.687957	1.829398
7506	-120.0863	-386.3358	266.2496	1.671217	1.470934
7512	-121.2552	-387.4932	266.238	1.950118	1.259761
7518	-127.3175	-393.555	266.2375	2.121772	1.111638
7524	-116.7634	-383.1586	266.3952	2.304797	0.7331866
7530	-123.9797	-390.4266	266.4468	2.258475	0.7247646
7536	-136.3625	-402.6584	266.2959	2.409417	0.7247646
7542	-118.0412	-384.4462	266.405	2.370094	0.5681183
7548	-114.5736	-380.8214	266.2478	2.535175	0.5181019
7554	-111.2007	-377.8522	266.6514	2.120842	0.5790629
7560	-108.8606	-375.134	266.2734	2.470873	0.3725855
7566	-113.1661	-379.6237	266.4576	2.316835	0.5709023
7572	-112.1965	-378.5129	266.3164	2.458005	0.5709023
7578	-119.541	-385.9118	266.3708	2.407474	0.4503524
7584	-146.7519	-412.9719	266.2201	2.561481	0.4686662
7590	-137.2531	-403.4308	266.1777	2.602043	0.4574803
7596	-133.9252	-400.1165	266.1912	2.588554	0.4574803
7602	-137.2894	-403.4347	266.1453	2.625765	0.4249497
7608	-129.2411	-395.501	266.2599	2.510909	0.4242405
7614	-111.8356	-378.3196	266.4839	2.287374	0.5825521
7620	-112.6921	-379.287	266.5948	2.002614	0.8700365
7626	-108.0592	-374.6312	266.572	1.927602	0.976892
7632	-102.9589	-369.5122	266.5533	1.900429	1.022756
7638	-101.4611	-367.9239	266.4628	2.290177	0.6341714
7644	-107.3979	-373.6588	266.2609	2.262206	0.9525031
7650	-117.74	-383.9898	266.2499	2.533683	0.50499
7656	-112.966	-379.5497	266.5837	2.101241	0.7561266
7662	-103.0788	-369.6125	266.5337	2.123103	0.7956924
7668	-103.7693	-370.1263	266.357	2.350447	0.721233
7674	-112.0989	-378.4957	266.3968	2.189863	0.8826317
7680	-114.9976	-381.3757	266.3781	2.029139	1.067364
7686	-103.6849	-370.2262	266.5414	1.955156	0.9800294
7692	-128.4423	-394.9748	266.5325	2.19493	0.6868131
7698	-129.8338	-396.4651	266.6313	2.144726	0.5641121
7704	-108.8343	-375.2153	266.3811	2.40046	0.4685348
7710	-114.594	-381.062	266.4681	2.312621	0.5391738
7716	-112.9894	-379.287	266.2976	2.485808	0.5093575
7722	-107.9664	-374.403	266.4366	2.336347	0.5767266
7728	-111.359	-377.9434	266.5844	2.139802	0.6926245
7734	-117.9138	-384.4429	266.5291	2.120659	0.8050484
7740	-114.6056	-380.9737	266.3681	2.376319	0.6533968
7746	-111.9489	-378.3879	266.439	2.310778	0.6415603
7752	-112.7352	-379.3313	266.5961	2.113652	0.717493
7758	-113.732	-380.1149	266.3829	1.883474	1.193764
7764	-110.0784	-375.9609	265.8826	1.711832	1.709166
7770	-117.151	-383.5863	266.4353	1.700655	1.302566
7776	-122.4938	-388.4641	265.9703	1.974767	1.452441
7782	-124.3336	-388.921	264.5874	1.466217	2.710024
7788	-128.7335	-394.9317	266.1982	1.454609	1.667699
7794	-124.0665	-387.7178	263.6512	1.771735	3.091163
7800	-119.0212	-385.5533	266.5322	2.109611	0.8155327
7806	-128.2226	-394.6111	266.3885	2.085851	1.002429
7812	-128.5261	-395.2151	266.6889	1.763213	1.02433
7818	-126.9383	-393.4917	266.5534	1.913385	1.009937
7824	-124.3428	-390.8973	266.5545	2.102611	0.79536
7830	-129.1534	-395.61	266.4567	2.200399	0.79536
7836	-125.776	-392.3269	266.551	1.978355	0.9458951
7842	-143.7266	-408.4556	264.729	1.381432	2.67516
7848	-139.8918	-405.6013	265.7095	1.732155	1.815788
7854	-125.0843	-391.7444	266.6601	2.05932	0.7010522
7860	-142.8519	-409.021	266.1691	1.735808	1.482947
7866	-142.6224	-408.9616	266.3393	1.835329	1.270953
7872	-126.4869	-393.0009	266.514	1.947974	1.014627
7878	-123.4354	-389.7343	266.2989	2.411478	0.7165217
7884	-123.8261	-390.2828	266.4567	2.179382	0.8227716
7890	-151.0413	-417.5599	266.5186	1.957817	1.000321
7896	-142.9133	-409.2569	266.3436	2.008786	1.117905
7902	-112.8259	-379.3993	266.5735	2.040633	0.8501568
7908	-104.2575	-370.7233	266.4658	2.230796	0.7385008
7914	-106.0191	-372.3733	266.3542	2.428229	0.5244588
7920	-102.8998	-369.2739	266.3741	2.399204	0.5753266
7926	-102.4468	-368.8073	266.3605	2.393578	0.6315499
7932	-97.72409	-364.4841	266.7601	1.999201	0.6185664
7938	-89.02614	-355.2807	266.2545	2.520953	0.4389873
7944	-104.2205	-370.3542	266.1337	2.6357	0.420427
7950	-98.86167	-365.0271	266.1654	2.618008	0.4914647
7956	-97.59201	-363.7554	266.1634	2.616643	0.4590542
7962	-106.9939	-373.3917	266.3977	2.385619	0.5108711
7968	-103.2082	-369.6375	266.4293	2.346499	0.5651288
7974	-102.4429	-368.837	266.3941	2.389328	0.4906792
7980	-99.33523	-365.792	266.4568	2.32462	0.5339014
7986	-104.8127	-371.4861	266.6734	2.105537	0.5496744
7992	-97.79992	-364.4636	266.6637	2.085656	0.6425262
7998	-102.8146	-369.4043	266.5897	1.882647	1.004339
8004	-102.6967	-369.397	266.7003	1.907652	0.8575957
8010	-99.79054	-366.3513	266.5607	2.192394	0.6338291
8016	-103.6197	-369.916	266.2963	2.481837	0.5543136
8022	-112.0117	-378.3584	266.3468	2.240579	0.881795
8028	-99.52361	-365.985	266.4614	2.305567	0.414257
8034	-93.77599	-360.3055	266.5295	2.213304	0.6567073
8040	-94.73041	-361.2595	266.5291	2.056289	0.8840896
8046	-99.54713	-365.8595	266.3124	1.929229	1.214867
8052	-108.8701	-375.4696	266.5995	1.679377	1.182961
8058	-105.1417	-371.2101	266.0684	1.673781	1.603336
8064	-103.171	-369.7105	266.5395	2.185584	0.6910166
8070	-104.4589	-370.3949	265.936	1.497396	1.821505
8076	-95.60891	-361.9245	266.3156	1.731639	1.373378
8082	-107.767	-374.1586	266.3916	1.619435	1.401666
8088	-105.8001	-371.9688	266.1687	1.541871	1.626227
8094	-105.2458	-371.3901	266.1442	2.60823	0.385381
8100	-105.69	-372.074	266.384	2.337206	0.6980311
8106	-104.7721	-371.0486	266.2765	2.504595	0.5362245
8112	-105.4347	-371.8654	266.4307	2.350314	0.5365716
8118	-105.0587	-371.5354	266.4767	2.297644	0.5713143
8124	-88.0887	-354.516	266.4273	2.35574	0.5174241
8130	-103.4414	-369.1126	265.6712	1.410086	2.058789
8136	-103.5379	-370.0298	266.492	1.956897	1.027503
8142	-93.64273	-360.2113	266.5686	2.018026	0.8826743
8148	-98.60041	-365.3678	266.7673	1.881316	0.8065425
8154	-106.0487	-372.2846	266.2358	2.510102	0.3750519
8160	-95.61916	-361.9982	266.379	2.049498	1.047134
8166	-102.6828	-369.2458	266.5631	2.181159	0.6537416
8172	-99.33347	-365.8062	266.4728	2.310724	0.4929474
8178	-104.5744	-371.0872	266.5128	2.260759	0.5741463
8184	-110.3964	-376.9054	266.509	2.236196	0.651759
8190	-95.51082	-362.054	266.5432	2.239833	0.5169087
8196	-111.4062	-377.9398	266.5336	2.228374	0.6112823
8202	-98.90394	-365.5767	266.6727	2.035912	0.7193517
8208	-102.3493	-368.5835	266.2342	2.500771	0.3598876
8214	-112.3143	-378.518	266.2037	2.565803	0.4206709
8220	-108.6491	-375.0317	266.3827	2.095944	0.9981105
8226	-105.2591	-371.6645	266.4054	1.829203	1.220845
8232	-103.0425	-369.3125	266.27	1.889845	1.283096
8238	-101.1788	-367.8175	266.6387	1.788143	1.048791
8244	-113.0294	-379.3304	266.3011	1.791179	1.337731
8250	-106.5254	-373.0749	266.5495	1.950399	0.9765166
8256	-113.0164	-379.6236	266.6072	1.87402	0.9954788
8262	-110.2242	-376.8447	266.6206	2.043371	0.7860085
8268	-105.6179	-372.2023	266.5844	1.967898	0.9211967
8274	-105.5747	-372.2029	266.6282	1.924118	0.9211967
8280	-129.213	-388.4599	259.2469	0.9753684	6.025198
8286	-118.8272	-379.6329	260.8057	0.8899738	5.216467
8292	-106.4407	-372.923	266.4823	2.18389	0.7829326
8298	-107.5145	-373.7996	266.2851	2.492828	0.5552785
8304	-98.91666	-365.276	266.3593	2.420418	0.457427
8310	-95.91615	-362.3908	266.4747	2.259573	0.6739391
8316	-92.49054	-358.8797	266.3891	2.389312	0.5525245
8322	-119.0278	-384.7234	265.6955	2.786217	0.2049178
8328	-112.0359	-377.1964	265.1605	3.231421	0.1772173
8334	-114.7177	-381.2537	266.536	2.101752	0.8207471
8340	-97.44369	-363.9508	266.5071	2.017234	0.9512206
8346	-104.3555	-370.9126	266.5571	2.082518	0.8182853
8352	-121.1649	-386.5896	265.4247	2.820796	1.211583
8358	-118.6056	-384.82	266.2144	2.021443	1.219815
8364	-111.8171	-376.8983	265.0812	3.290605	0.1718189
8370	-107.0785	-371.7006	264.6221	3.384711	0.1041937
8376	-105.9281	-370.0799	264.1518	3.782144	0.09512796
8382	-111.6977	-375.9687	264.271	1.302854	3.000897
8388	-112.8124	-377.8878	265.0753	1.536401	2.362337
8394	-104.031	-368.1691	264.1381	3.758115	0.09081355
8400	-100.3807	-364.1288	263.7481	3.805991	0.06073947
8406	-100.9226	-365.3504	264.4278	3.617625	0.109437
8412	-100.0488	-365.993	265.9442	2.729774	0.3008704
8418	-106.7048	-372.8446	266.1398	2.612123	0.3844476
8424	-109.3002	-375.5479	266.2477	2.504179	0.3844476
8430	-96.89283	-363.2373	266.3444	2.438234	0.5218725
8436	-99.32743	-365.7983	266.4709	2.311756	0.5218725
8442	-106.752	-373.0394	266.2873	2.495266	0.5225314
8448	-111.0433	-377.2822	266.2389	2.492369	0.3551632
8454	-105.5573	-371.6177	266.0604	2.671598	0.3560525
8460	-108.7656	-375.0659	266.3003	2.479474	0.4574432
8466	-118.4878	-384.98	266.4922	2.185372	0.7668706
8472	-111.5473	-378.0026	266.4552	2.252109	0.7214748
8478	-120.0066	-386.4081	266.4015	2.381912	0.4900108
8484	-117.965	-381.3786	263.4136	1.355163	3.477102
8490	-115.9693	-378.4158	262.4465	1.003642	4.234993
8496	-113.0407	-377.6117	264.5709	1.397302	2.762277
8502	-114.6231	-380.7349	266.1119	2.594215	0.3280734
8508	-106.5856	-372.6975	266.1119	2.594215	0.3280734
8514	-107.2191	-373.3469	266.1278	2.588745	0.338561
8520	-103.4068	-369.6515	266.2447	2.535372	0.4589729
8526	-101.9015	-368.2216	266.3201	2.462865	0.5175612
8532	-105.8176	-372.0593	266.2417	2.53696	0.5512926
8538	-109.8882	-376.3317	266.4435	2.305943	0.6423837
8544	-108.3894	-374.8655	266.4761	2.297883	0.5726323
8550	-97.46603	-363.4749	266.0088	2.737908	0.3762554
8556	-92.65111	-359.0171	266.366	2.412742	0.4524253
8562	-95.80439	-362.1904	266.386	2.39275	0.4524253
8568	-106.4267	-372.6945	266.2677	2.5148	0.4771291
8574	-106.8802	-373.3658	266.4856	2.297661	0.5121792
8580	-100.8476	-367.2735	266.4259	2.278781	0.7257089
8586	-103.4206	-369.8745	266.4539	2.301526	0.6282488
8592	-108.1878	-374.8225	266.6347	1.734077	1.10303
8598	-100.345	-367.0014	266.6564	1.848971	0.9709296
8604	-102.1252	-368.4839	266.3587	2.295821	0.7987543
8610	-108.5239	-375.1733	266.6494	2.007071	0.796185
8616	-121.7402	-387.8561	266.1159	1.792426	1.480355
8622	-111.3773	-377.9314	266.5541	1.978649	0.9422264
8628	-113.8272	-380.3188	266.4916	2.085184	0.8938475
8634	-116.657	-383.0161	266.3591	1.87219	1.223653
8640	-114.8952	-381.4733	266.5781	1.915691	0.9828416
8646	-112.444	-378.9244	266.4804	2.022744	0.9732734
8652	-94.72126	-361.1969	266.4757	2.062496	0.9364601
8658	-105.9583	-372.6403	266.682	1.856146	0.9364601
8664	-104.9897	-371.3006	266.3109	1.615381	1.466775
8670	-104.1901	-370.6416	266.4516	1.685265	1.301833
8676	-105.1792	-371.6801	266.5009	2.131559	0.827466
8682	-119.4257	-382.9304	263.5047	1.400961	3.396983
8688	-122.1075	-385.6292	263.5217	1.266264	3.465887
8694	-125.7259	-392.2164	266.4905	2.162619	0.8006999
8700	-118.8308	-383.0327	264.2019	1.842445	2.715757
8706	-118.2888	-384.7024	266.4136	2.15597	0.9020034
8712	-107.1022	-373.69	266.5878	2.038648	0.8349347
8718	-109.7462	-376.3627	266.6165	1.811972	1.047205
8724	-113.0898	-379.7507	266.6609	1.775077	1.040013
8730	-113.3887	-379.8402	266.4515	2.121703	0.8979099
8736	-103.7968	-370.5075	266.7107	1.862527	0.8979099
8742	-104.2256	-370.6429	266.4173	2.1342	0.9220605
8748	-102.9359	-369.4678	266.5319	2.032047	0.9082732
8754	-99.95065	-366.2961	266.3455	1.932093	1.184066
8760	-101.3104	-367.4356	266.1252	1.909657	1.383082
8766	-104.822	-370.6805	265.8585	1.939229	1.562729
8772	-105.6192	-372.0623	266.4432	2.168779	0.8527732
8778	-100.4657	-366.6751	266.2094	2.573061	0.4764588
8784	-105.4237	-371.566	266.1423	2.544515	0.7533744
8790	-93.6406	-359.5539	265.9133	2.642984	0.9168288
8796	-103.9141	-369.6333	265.7192	2.314655	1.383901
8802	-97.58221	-363.047	265.4648	2.459383	1.468333
8808	-104.319	-370.6179	266.2988	2.145994	1.031432
8814	-109.1337	-375.5472	266.4135	2.26251	0.7690894
8820	-115.4824	-381.4641	265.9818	2.069831	1.369956
8826	-103.8621	-370.0715	266.2094	1.724997	1.460606
8832	-104.0291	-370.0981	266.069	1.847106	1.474478
8838	-102.9777	-368.4638	265.4861	1.67093	2.008579
8844	-98.22917	-361.4995	263.2703	1.90937	3.235654
8850	-105.2135	-370.5791	265.3656	2.09127	1.805322
8856	-106.0334	-370.8879	264.8545	1.974776	2.223195
8862	-99.11864	-364.6355	265.5169	2.132446	1.670154
8868	-105.7077	-371.4129	265.7052	2.25061	1.444249
8874	-107.7892	-373.3922	265.603	2.015219	1.692338
8880	-133.7291	-399.9497	266.2205	2.561143	0.4697113
8886	-124.5031	-390.8073	266.3042	2.476112	0.5419405
8892	-121.5011	-387.2122	265.711	2.428369	1.299768
8898	-114.6037	-380.0424	265.4387	2.343012	1.574497
8904	-112.054	-376.9955	264.9415	2.132962	2.063322
8910	-130.9785	-396.3774	265.3989	2.168371	1.728319
8916	-127.7047	-393.0283	265.3236	2.343225	1.657692
8922	-141.1508	-407.0679	265.9172	2.744782	0.292164
8928	-138.9935	-405.2262	266.2328	2.548724	0.4683608
8934	-136.1888	-401.6606	265.4718	2.181874	1.667058
8940	-133.9749	-398.4782	264.5033	2.083856	2.377917
8946	-129.326	-393.75	264.424	1.801605	2.60413
8952	-135.1153	-401.5905	266.4752	2.261277	0.6696665
8958	-130.9977	-397.5724	266.5747	2.030065	0.8613512
8964	-125.0977	-390.3094	265.2117	1.903658	2.036274
8970	-131.4346	-396.7513	265.3166	2.286359	1.703098
8976	-136.2014	-400.1499	263.9486	1.659344	2.980438
8982	-131.254	-395.7169	264.4629	1.663937	2.665068
8988	-119.2554	-383.0989	263.8435	1.824301	2.944459
8994	-130.7249	-392.7146	261.9897	1.644194	4.130657
9000	-124.3673	-390.7678	266.4005	2.382814	0.4880312
9006	-131.7106	-397.8325	266.1218	2.659807	0.4693208
9012	-114.9965	-378.7906	263.7941	1.483656	3.177566
9018	-120.0226	-385.2125	265.19	1.520957	2.299199
9024	-125.5929	-391.748	266.1551	2.626189	0.4669165
9030	-134.5341	-400.8066	266.2725	2.509147	0.5319897
9036	-127.9531	-394.0562	266.1031	2.677241	0.4604388
9042	-132.7752	-399.3331	266.5579	2.119444	0.767138
9048	-118.5205	-384.8462	266.3257	2.354772	0.762718
9054	-114.8534	-381.1891	266.3357	2.047525	1.089696
9060	-117.6833	-383.8241	266.1408	1.946134	1.342009
9066	-113.3803	-379.8745	266.4942	1.866077	1.110742
9072	-125.7315	-390.4767	264.7453	1.387947	2.661147
9078	-122.2683	-387.558	265.2897	1.873332	2.004581
9084	-123.0039	-389.2262	266.2223	1.82288	1.374995
9090	-100.7731	-366.9697	266.1965	1.910841	1.325616
9096	-107.3265	-373.5327	266.2062	2.202071	1.066363
9102	-110.7699	-376.883	266.1131	2.089219	1.247966
9108	-110.3954	-376.2986	265.9033	2.327867	1.223789
9114	-109.3136	-375.5738	266.2602	2.162006	1.053178
9120	-113.0676	-379.4647	266.3971	2.289631	0.753457
9126	-125.7896	-392.1837	266.3941	2.294893	0.7501275
9132	-116.5706	-382.9895	266.4189	2.111413	0.944847
9138	-116.0056	-382.5123	266.5067	2.0268	0.9414862
9144	-123.1938	-389.9259	266.7321	1.915428	0.8080788
9150	-112.801	-379.3954	266.5945	1.915428	0.9662647
9156	-101.8224	-368.3646	266.5422	2.025303	0.9043592
9162	-101.7721	-368.2868	266.5147	2.08285	0.8699228
9168	-98.08725	-364.5305	266.4433	1.906812	1.120005
9174	-109.4389	-375.727	266.2881	1.800748	1.340464
9180	-118.129	-384.1514	266.0224	1.751821	1.579961
9186	-111.8505	-377.737	265.8865	1.729142	1.694124
9192	-118.7496	-384.9009	266.1513	2.180662	1.136261
9198	-116.224	-382.2684	266.0445	2.479234	0.9518361
9204	-109.9118	-376.3815	266.4697	2.233616	0.7279398
9210	-109.9461	-376.4302	266.4841	2.128875	0.8515171
9216	-114.2378	-380.7528	266.515	2.184749	0.7336475
9222	-110.9331	-377.1477	266.2146	2.175453	1.083422
9228	-99.3364	-365.8462	266.5098	2.214818	0.6920025
9234	-101.9584	-368.3304	266.3719	2.025118	1.076885
9240	-106.8961	-373.4057	266.5097	2.045697	0.9178139
9246	-107.2868	-373.8274	266.5406	1.987077	0.9476701
9252	-102.4112	-368.8911	266.4799	1.95093	1.044889
9258	-112.7746	-379.1117	266.3371	1.797966	1.303272
9264	-104.6149	-371.2075	266.5926	1.667779	1.198901
9270	-99.45195	-365.7864	266.3345	1.827738	1.281153
9276	-100.0395	-366.6049	266.5654	1.850538	1.059147
9282	-104.3455	-370.8957	266.5502	1.938326	0.9881362
9288	-107.3455	-373.8369	266.4914	1.964928	1.020211
9294	-109.2658	-375.8379	266.5722	1.943544	0.9602184
9300	-102.4019	-368.9346	266.5327	2.094419	0.8341259
9306	-107.878	-374.3598	266.4818	2.175254	0.7954018
9312	-105.0156	-371.5899	266.5743	2.011644	0.8833978
9318	-109.0798	-375.6258	266.546	1.89224	1.037806
9324	-112.096	-378.6191	266.5231	2.185482	0.7195137
9330	-110.436	-376.7615	266.3255	2.453814	0.5476758
9336	-108.8491	-375.0806	266.2314	2.551886	0.4879193
9342	-106.1572	-372.611	266.4538	2.291181	0.6521942
9348	-111.066	-377.4427	266.3767	2.26033	0.8216655
9354	-106.9846	-373.1586	266.174	2.089497	1.196228
9360	-114.4525	-380.9071	266.4546	1.881094	1.132927
9366	-109.2546	-375.73	266.4754	2.283069	0.6205788
9372	-109.5506	-375.7324	266.1817	2.593196	0.4369723
9378	-107.0277	-372.8766	265.8489	2.827531	0.3028003
9384	-102.8589	-368.9487	266.0898	2.664173	0.3879131
9390	-100.0603	-366.1501	266.0898	2.664173	0.3879131
9396	-105.8746	-371.9244	266.0498	2.693701	0.3714427
9402	-102.4909	-368.5227	266.0318	2.696421	0.3515232
9408	-107.8574	-373.9651	266.1076	2.591277	0.3214094
9414	-103.9145	-369.7811	265.8665	2.832374	0.3214094
9420	-108.6889	-374.4574	265.7685	2.864458	0.2732967
9426	-112.1667	-377.653	265.4864	3.146592	0.2732967
9432	-102.6556	-368.3884	265.7328	2.877783	0.2604684
9438	-100.5677	-366.6249	266.0572	2.685434	0.370237
9444	-98.93834	-365.2166	266.2783	2.495691	0.4337323
9450	-100.3408	-366.581	266.2402	2.516772	0.3933843
9456	-101.5128	-367.5789	266.0661	2.641367	0.3293881
9462	-110.8222	-376.9321	266.1098	2.641367	0.3833085
9468	-110.8456	-376.9797	266.1341	2.645541	0.4569947
9474	-99.65859	-365.8315	266.1729	2.606761	0.4569947
9480	-103.7488	-370.0391	266.2903	2.493188	0.5070933
9486	-102.177	-368.3295	266.1525	2.625852	0.4503292
9492	-106.0826	-372.6615	266.5789	2.096832	0.769528
9498	-101.3245	-367.7781	266.4537	2.005763	1.017159
9504	-99.33633	-365.8067	266.4704	1.989085	1.017159
9510	-96.47903	-363.001	266.522	1.957133	0.9976277
9516	-109.105	-375.6322	266.5272	1.826864	1.116419
9522	-112.6636	-378.3566	265.693	2.905602	0.2541416
9528	-107.5789	-373.2434	265.6645	2.942716	0.2586874
9534	-107.5739	-374.088	266.5142	1.938961	1.023356
9540	-101.9179	-368.4444	266.5265	2.11995	0.8094554
9546	-111.4421	-377.8324	266.3904	2.11995	0.9658317
9552	-107.4868	-374.3065	266.8197	1.690654	0.9658317
9558	-121.5873	-388.0811	266.4938	2.034615	0.9468427
9564	-114.8992	-381.0825	266.1834	2.590788	0.4343531
9570	-101.7846	-368.2542	266.4697	2.247228	0.7055054
9576	-106.6031	-373.1228	266.5197	2.121893	0.8158141
9582	-125.1998	-391.5232	266.3235	2.460013	0.4920307
9588	-122.5467	-388.9125	266.3658	2.400787	0.5979014
9594	-105.1437	-371.6995	266.5558	2.031714	0.8815804
9600	-107.8908	-374.5663	266.6755	1.923085	0.8687166
9606	-107.8535	-374.3851	266.5315	2.199713	0.6796739
9612	-141.147	-407.575	266.428	2.330512	0.620517
9618	-140.221	-406.6894	266.4684	2.315207	0.5013963
9624	-118.5125	-385.099	266.5865	1.547493	1.304145
9630	-99.32131	-365.6526	266.3313	1.702106	1.384264
9636	-96.79404	-363.5332	266.7391	1.762368	0.9749302
9642	-121.8935	-388.0913	266.1978	2.511089	0.3307784
9648	-128.962	-395.1031	266.1411	2.631471	0.4293043
9654	-100.5895	-366.7157	266.1262	1.925678	1.369761
9660	-101.9572	-368.4242	266.467	1.724999	1.256571
9666	-94.92262	-361.5746	266.652	1.617718	1.190853
9672	-95.36566	-361.0722	265.7066	1.634221	1.884925
9678	-96.92432	-363.4676	266.5433	1.897378	1.03549
9684	-101.3262	-367.8961	266.5699	2.111057	0.7620118
9690	-101.5227	-368.1269	266.6042	2.091686	0.7395955
9696	-109.4785	-375.7489	266.2704	2.052684	1.144198
9702	-105.4905	-372.0631	266.5727	1.678333	1.206911
9708	-110.1923	-376.6571	266.4648	1.570656	1.382604
9714	-117.6278	-383.0747	265.4469	1.528991	2.127996
9720	-112.8305	-376.7711	263.9407	1.446185	3.112696
9726	-108.5506	-373.694	265.1434	1.396972	2.407507
9732	-106.5438	-372.1779	265.634	1.632996	1.93487
9738	-105.3169	-371.1472	265.8303	1.479925	1.905661
9744	-101.2192	-367.2814	266.0622	1.621609	1.645476
9750	-108.6643	-374.4758	265.8115	1.872307	1.645476
9756	-111.9259	-378.3545	266.4286	1.948834	1.095065
9762	-99.92089	-366.349	266.4281	1.725347	1.288284
9768	-117.8318	-384.0394	266.2076	2.158025	1.105903
9774	-129.5122	-395.9866	266.4744	1.971599	1.030337
9780	-114.2405	-380.6264	266.3859	1.875885	1.197627
9786	-122.0885	-388.5835	266.495	2.181274	0.7687865
9792	-111.9086	-378.4416	266.533	2.16897	0.7300247
9798	-104.8182	-371.1568	266.3385	2.444385	0.5184574
9804	-114.3187	-380.6738	266.3552	2.425329	0.461564
9810	-115.2182	-381.8954	266.6772	2.084679	0.6115588
9816	-117.3567	-383.9215	266.5648	1.868345	1.042699
9822	-123.5882	-389.9603	266.3721	1.750623	1.313305
9828	-109.4079	-375.936	266.5282	1.796448	1.142813
9834	-113.5969	-380.0223	266.4254	1.870358	1.168211
9840	-118.8956	-385.4792	266.5836	1.90719	0.9858133
9846	-128.4804	-394.9665	266.4861	2.207407	0.7432606
9852	-122.2316	-388.3295	266.0979	2.005668	1.328672
9858	-132.829	-399.5177	266.6887	1.956849	0.8106681
9864	-123.906	-390.514	266.608	1.97928	0.8819025
9870	-131.3488	-397.5548	266.206	2.185616	1.081949
9876	-138.5749	-404.9714	266.3965	1.749242	1.294604
9882	-121.8075	-383.1719	261.3644	1.399705	4.621681
9888	-115.5378	-379.6566	264.1188	1.496992	2.97572
9894	-112.089	-378.6507	266.5617	2.032128	0.8743344
9900	-118.3901	-384.7465	266.3565	2.237199	0.8744908
9906	-105.7472	-372.3441	266.5969	2.12836	0.6906795
9912	-123.7773	-388.791	265.0136	1.674138	2.313961
9918	-115.8233	-381.4483	265.625	1.628141	1.944248
9924	-117.5732	-383.9973	266.4241	1.537167	1.440125
9930	-109.0741	-374.1426	265.0685	1.530423	2.370476
9936	-111.0993	-376.0956	264.9963	1.532685	2.414663
9942	-108.1313	-372.2912	264.1599	1.195748	3.131292
9948	-118.2825	-380.911	262.6285	1.322433	3.949708
9954	-109.2227	-373.0638	263.8411	1.299709	3.258647
9960	-107.4534	-370.9353	263.482	1.108523	3.580937
9966	-104.4681	-369.4858	265.0176	1.194084	2.612705
9972	-110.1018	-372.496	262.3942	1.49315	3.986109
9978	-105.3558	-369.0228	263.667	1.596601	3.185961
9984	-103.4632	-368.8057	265.3425	1.234722	2.384198
9990	-108.0395	-374.5093	266.4698	1.421675	1.493035
9996	-116.7987	-382.0827	265.284	1.312637	2.371888
10002	-126.3227	-391.1572	264.8345	1.559747	2.49924
10008	-128.6266	-393.7854	265.1588	1.391207	2.401421
10014	-108.0928	-373.3678	265.275	1.345557	2.356741
10020	-101.3917	-366.8497	265.4581	1.240436	2.307105
10026	-93.90798	-357.8194	263.9114	1.384039	3.167055
10032	-87.95481	-352.7639	264.8091	1.308177	2.670945
10038	-91.61384	-355.4863	263.8724	1.253742	3.267269
10044	-82.08447	-347.5264	265.4419	1.451092	2.182003
10050	-91.57292	-355.8877	264.3148	1.448164	2.887015
10056	-94.31357	-358.6316	264.318	1.444935	2.887015
10062	-99.84544	-362.5025	262.6571	1.114703	4.0521
10068	-112.1529	-375.6874	263.5345	1.033982	3.593751
10074	-123.0159	-382.3668	259.3508	0.9029771	6.00801
10080	-110.0519	-373.7839	263.732	1.367676	3.282916
10086	-113.7158	-379.8355	266.1197	1.694448	1.550646
10092	-108.4477	-373.7158	265.268	1.498754	2.263432
10098	-118.9717	-383.7834	264.8117	1.312959	2.666413
10104	-117.249	-382.295	265.0459	1.391761	2.472043
10110	-105.5847	-371.75	266.1653	1.795591	1.440355
10116	-111.294	-377.73	266.436	1.993736	1.046007
10122	-112.2177	-378.6994	266.4817	2.194617	0.7686607
10128	-125.2208	-391.701	266.4802	1.946154	1.049252
10134	-124.3426	-390.818	266.4753	1.95098	1.049252
10140	-118.7957	-385.2921	266.4964	2.155211	0.8026717
10146	-121.0365	-387.5571	266.5206	2.149419	0.7775268
10152	-101.9299	-368.3459	266.416	2.25406	0.7775268
10158	-96.93258	-363.3835	266.4509	2.32544	0.442174
10164	-96.02613	-362.3727	266.3466	2.436065	0.5217496
10170	-98.12277	-364.5861	266.4634	2.314777	0.5540771
10176	-106.0853	-372.6505	266.5652	2.125133	0.7481369
10182	-96.28676	-362.676	266.3893	2.280205	0.7783281
10188	-99.10257	-365.8165	266.7139	2.0225	0.6697222
10194	-96.15846	-362.7493	266.5908	2.098605	0.749424
10200	-90.74989	-357.3711	266.6212	2.064444	0.7551311
10206	-81.69076	-348.4424	266.7516	1.782815	0.9404572
10212	-90.64977	-357.3786	266.7289	1.909217	0.820258
10218	-97.75532	-364.3671	266.6118	2.121615	0.6755535
10224	-91.46234	-357.9442	266.4819	2.122079	0.8623695
10230	-100.3466	-366.848	266.5014	2.102568	0.8623695
10236	-96.82657	-363.3809	266.5544	2.15928	0.7110246
10242	-94.86617	-361.4315	266.5653	1.972122	0.9372818
10248	-88.47349	-355.0219	266.5484	2.218899	0.5957724
10254	-104.7446	-371.255	266.5104	2.232794	0.6558081
10260	-102.6245	-369.1227	266.4982	2.276661	0.569024
10266	-104.0462	-370.5461	266.4999	2.279201	0.5490168
10272	-131.1239	-396.9272	265.8033	2.83127	0.2743037
10278	-125.3162	-391.4454	266.1292	2.636691	0.4116233
10284	-123.7414	-389.7656	266.0242	2.706465	0.3544272
10290	-122.7772	-388.8322	266.055	2.677178	0.356355
10296	-115.3318	-381.6922	266.3603	2.416939	0.4459097
10302	-116.824	-382.9412	266.1172	2.660029	0.445728
10308	-121.1632	-387.1807	266.0176	2.740363	0.3951171
10314	-126.1141	-392.3717	266.2576	2.525985	0.4967763
10320	-117.1893	-383.3794	266.1901	2.577882	0.4168261
10326	-116.0328	-382.3615	266.3287	2.453548	0.5264399
10332	-116.9476	-383.3163	266.3688	2.414607	0.5105626
10338	-120.856	-387.3012	266.4453	2.314433	0.6173928
10344	-121.7208	-388.2671	266.5463	2.057956	0.8620318
10350	-111.1712	-377.7157	266.5445	2.045155	0.8791346
10356	-110.1349	-376.5978	266.4629	2.293136	0.6267537
10362	-108.2198	-374.8367	266.6169	2.098334	0.7083004
10368	-104.8625	-371.3897	266.5272	2.23378	0.61411
10374	-104.1986	-370.6069	266.4083	2.373945	0.5267582
10380	-104.1363	-370.3739	266.2376	2.516758	0.3886781
10386	-103.2881	-369.8153	266.5272	2.241016	0.5929043
10392	-104.6168	-371.1279	266.5111	2.22815	0.6639886
10398	-116.8106	-383.1785	266.3679	2.303758	0.7752755
10404	-112.6266	-379.2006	266.5741	2.185553	0.6175862
10410	-109.5185	-376.1408	266.6223	2.016499	0.8193392
10416	-113.9395	-380.5433	266.6038	2.009437	0.8512328
10422	-114.3332	-380.9943	266.6612	1.98086	0.8152074
10428	-111.9804	-378.6646	266.6842	2.083744	0.5937687
10434	-104.5603	-371.1225	266.5623	2.177602	0.6628008
10440	-123.0637	-389.3569	266.2932	2.454588	0.6459142
10446	-113.9906	-380.4288	266.4381	2.195146	0.8263761
10452	-115.4315	-382.0324	266.6009	2.15027	0.6383986
10458	-113.4237	-380.0075	266.5838	2.185851	0.5881263
10464	-111.7708	-378.1229	266.3521	1.808015	1.282863
10470	-117.9873	-384.1376	266.1503	2.072376	1.230952
10476	-115.1333	-381.4027	266.2694	2.360317	0.8308841
10482	-102.0317	-368.4925	266.4608	1.910305	1.10088
10488	-106.8708	-373.3302	266.4595	1.836503	1.168055
10494	-108.2829	-374.7503	266.4674	1.902396	1.102067
10500	-105.452	-372.0765	266.6245	1.748985	1.098653
10506	-99.35744	-365.8743	266.5168	1.856712	1.098653
10512	-100.9434	-366.6257	265.6822	1.524243	1.975558
10518	-98.9508	-363.9269	264.9761	1.538574	2.423669
10524	-113.4018	-379.9897	266.5879	2.0374	0.8363872
10530	-99.90891	-363.379	263.4701	1.202264	3.533305
10536	-110.5725	-370.6626	260.0902	1.22175	5.428224
10542	-119.9691	-381.7673	261.7982	1.165583	4.509569
10548	-110.7932	-374.6314	263.8382	1.300128	3.260062
10554	-102.8822	-367.4433	264.561	1.260957	2.851265
10560	-99.68148	-364.6525	264.971	1.47607	2.466143
10566	-99.58442	-365.5438	265.9593	1.459017	1.831855
10572	-100.9264	-366.1576	265.2312	1.374307	2.366277
10578	-101.4865	-366.8654	265.3789	1.226645	2.366277
10584	-111.6273	-376.9984	265.3711	1.45385	2.226007
10590	-111.4711	-376.664	265.1929	1.42047	2.361284
10596	-114.511	-379.5937	265.0827	1.45813	2.407175
10602	-110.508	-376.7696	266.2616	2.521482	0.483395
10608	-113.3346	-379.3847	266.0501	2.685892	0.361153
10614	-107.8638	-374.0298	266.1661	2.529358	0.3183374
10620	-108.6783	-374.8249	266.1466	2.587871	0.359256
10626	-96.1233	-362.4088	266.2855	2.495727	0.46633
10632	-102.4041	-368.7249	266.3208	2.449002	0.4214314
10638	-108.7573	-375.1784	266.421	2.355009	0.5639774
10644	-100.8684	-367.2535	266.3851	2.394331	0.4559914
10650	-104.2383	-370.5403	266.302	2.480658	0.4786334
10656	-107.1548	-373.3775	266.2228	2.547244	0.4220646
10662	-102.8817	-369.1004	266.2187	2.560353	0.4538429
10668	-110.0922	-376.485	266.3929	2.379739	0.5777949
10674	-114.0417	-380.5378	266.496	2.217787	0.7107311
10680	-123.161	-388.4186	265.2576	1.753995	2.104663
10686	-125.296	-388.8473	263.5514	1.518082	3.300725
10692	-117.5757	-383.8528	266.2772	2.054742	1.136326
10698	-106.2669	-372.6353	266.3684	2.119091	0.9891651
10704	-110.4133	-376.9082	266.4949	2.282345	0.5584714
10710	-104.9577	-371.3547	266.397	2.37054	0.5951157
10716	-103.0007	-369.429	266.4283	2.350286	0.5517158
10722	-120.2913	-386.7467	266.4554	1.699865	1.286844
10728	-122.799	-388.8674	266.0684	1.863933	1.462195
10734	-105.3189	-370.3332	265.0143	3.332439	0.1654472
10740	-102.8176	-368.5985	265.781	2.882678	0.2933597
10746	-109.4393	-375.2829	265.8437	2.89822	0.3691333
10752	-113.3392	-379.8375	266.4984	1.821288	1.147209
10758	-123.6862	-390.3179	266.6317	2.059947	0.7461262
10764	-120.1323	-386.6988	266.5664	2.081136	0.8079745
10770	-121.0527	-387.0252	265.9725	2.776855	0.3803746
10776	-126.3707	-392.52	266.1493	2.599372	0.3791736
10782	-105.8398	-372.3204	266.4806	2.291239	0.4271087
10788	-99.04705	-365.3123	266.2652	2.5078	0.4307614
10794	-98.26987	-364.545	266.2751	2.502296	0.4465535
10800	-95.49157	-361.7299	266.2383	2.514255	0.3855817
10806	-91.59165	-357.955	266.3634	2.389225	0.3855817
10812	-98.56564	-365.1818	266.6162	2.165362	0.5326163
10818	-111.2508	-377.8471	266.5963	2.182	0.5532186
10824	-115.165	-381.7898	266.6248	1.721	1.123827
10830	-104.5706	-370.7257	266.1551	1.563235	1.620614
10836	-99.0946	-365.6703	266.5757	1.59761	1.272031
10842	-107.0724	-373.7876	266.7152	1.790368	0.9706945
10848	-111.1903	-377.7694	266.5791	1.81713	1.07764
10854	-113.6167	-380.1219	266.5052	1.94719	1.024041
10860	-110.257	-376.885	266.6281	2.149576	0.5565324
10866	-113.1919	-379.78	266.588	1.932518	0.9551651
10872	-120.8157	-387.354	266.5384	2.00556	0.9302411
10878	-123.9467	-390.024	266.0774	1.637216	1.623321
10884	-113.8083	-379.7261	265.9178	1.648669	1.728901
10890	-112.8443	-378.6519	265.8076	1.780466	1.713682
10896	-121.0877	-387.306	266.2183	1.632866	1.523208
10902	-119.7518	-384.9039	265.1521	2.219325	1.864033
10908	-130.4775	-394.5613	264.0838	2.067222	2.650146
10914	-112.273	-376.0016	263.7286	2.0684	2.866388
10920	-114.6396	-380.4127	265.7731	1.996713	1.583184
10926	-106.847	-371.4746	264.6276	1.899633	2.415749
10932	-97.5788	-362.4536	264.8748	1.652458	2.415749
10938	-86.69206	-351.9705	265.2784	1.383895	2.330188
10944	-95.7526	-360.1157	264.3631	1.488398	2.833343
10950	-89.36887	-355.5833	266.2144	1.21733	1.82262
10956	-93.96339	-359.4142	265.4508	1.277041	2.288344
10962	-97.55839	-361.4962	263.9379	1.097131	3.321016
10968	-96.81787	-361.8019	264.984	1.114681	2.682379
10974	-122.8051	-386.0735	263.2684	1.189068	3.658116
10980	-119.4842	-385.0862	265.602	1.313064	2.167658
10986	-102.4498	-367.0344	264.5847	1.241757	2.848572
10992	-107.1401	-369.0485	261.9084	1.220119	4.416823
10998	-95.8276	-360.8299	265.0023	1.220403	2.60589
11004	-100.3478	-364.7524	264.4046	1.444991	2.834534
11010	-94.62586	-359.0228	264.3969	1.324043	2.912373
11016	-102.7914	-367.2123	264.421	1.314445	2.903653
11022	-112.5679	-378.1548	265.5869	1.351512	2.152466
11028	-124.3776	-389.7413	265.3637	1.668958	2.09082
11034	-126.8723	-392.1518	265.2795	1.498531	2.256197
11040	-110.062	-371.9932	261.9312	1.127341	4.45627
11046	-102.7285	-366.1366	263.4081	1.127153	3.613039
11052	-107.5011	-371.4445	263.9433	1.469991	3.096914
11058	-106.7588	-371.7443	264.9855	2.187408	1.997989
11064	-111.1537	-377.7823	266.6286	1.960159	0.8801471
11070	-109.8326	-376.3356	266.503	1.904163	1.06744
11076	-109.6999	-376.2287	266.5287	2.253302	0.5283355
11082	-117.655	-384.1208	266.4658	1.976694	1.033687
11088	-116.3351	-382.2193	265.8842	1.982469	1.511654
11094	-114.2169	-380.4127	266.1958	1.791983	1.419682
11100	-104.1067	-370.6576	266.5509	1.885236	1.03988
11106	-103.267	-369.6163	266.3493	2.064533	1.061093
11112	-96.83184	-363.1899	266.358	2.197423	0.9177119
11118	-94.88382	-361.1656	266.2818	1.897372	1.267159
11124	-120.5613	-387.1223	266.561	2.10501	0.7831918
11130	-109.1318	-375.7837	266.6519	1.740154	1.081542
11136	-104.5008	-370.5628	266.062	1.835512	1.488521
11142	-112.3999	-378.2754	265.8755	1.795669	1.654571
11148	-121.1382	-387.2429	266.1047	1.871398	1.428705
11154	-109.3474	-375.4623	266.1149	1.798728	1.476334
11160	-109.4265	-376.0007	266.5743	1.752956	1.140494
11166	-103.9389	-370.3423	266.4035	1.722466	1.310665
11172	-106.5871	-372.9853	266.3982	1.859778	1.200957
11178	-109.5744	-376.0263	266.4518	2.043846	0.9808656
11184	-107.153	-373.4898	266.3368	1.932762	1.190971
11190	-109.0141	-375.3092	266.2951	2.108125	1.071135
11196	-110.9011	-377.1565	266.2554	1.850114	1.327103
11202	-113.5885	-379.924	266.3356	1.855227	1.257555
11208	-116.5796	-383.0306	266.4511	1.987352	1.037612
11214	-119.5278	-385.5418	266.0141	2.724795	0.3649681
11220	-106.4717	-372.8073	266.3356	2.445448	0.5364091
11226	-113.8126	-380.2143	266.4017	2.379396	0.5364091
11232	-107.4106	-373.7559	266.3453	2.37778	0.6946027
11238	-120.0195	-386.0987	266.0792	2.674019	0.386666
11244	-108.7602	-375.2047	266.4445	2.337469	0.528947
11250	-111.9738	-378.3846	266.4108	2.324932	0.6711035
11256	-129.7609	-396.2666	266.5057	2.247558	0.6334676
11262	-128.681	-394.8291	266.1481	2.623015	0.4252351
11268	-122.8644	-388.9965	266.132	2.645722	0.447941
11274	-111.7242	-377.9424	266.2182	2.562271	0.5406924
11280	-111.0818	-377.5879	266.5061	2.276856	0.482131
11286	-112.1829	-378.7535	266.5706	2.19948	0.5868655
11292	-120.1333	-386.5056	266.3723	2.410203	0.5234045
11298	-135.7866	-402.1698	266.3832	2.384772	0.5937472
11304	-109.8921	-375.9102	266.0182	2.684953	0.3252849
11310	-114.2867	-380.3396	266.053	2.662007	0.336894
11316	-111.8709	-377.7499	265.879	2.784988	0.2935626
11322	-125.7233	-391.8246	266.1013	2.612826	0.3360742
11328	-113.8062	-380.2341	266.4279	2.355451	0.4885041
11334	-110.4105	-376.6943	266.2838	2.499502	0.5120235
11340	-109.6415	-376.0323	266.3908	2.372197	0.6086025
11346	-122.6705	-388.7577	266.0872	2.686331	0.4322784
11352	-121.1392	-387.0633	265.9241	1.466861	1.850651
11358	-130.4043	-396.4874	266.0831	1.643295	1.614796
11364	-123.8033	-390.1632	266.3599	2.423151	0.5167251
11370	-113.0595	-379.3945	266.335	2.443106	0.5541594
11376	-109.0546	-375.2402	266.1856	2.597705	0.4871329
11382	-113.6787	-380.2032	266.5245	2.219404	0.6543349
11388	-133.9312	-400.3953	266.4642	2.250522	0.7092569
11394	-126.4618	-392.8978	266.436	2.339796	0.5651355
11400	-140.0684	-406.5683	266.5	2.232076	0.678173
11406	-143.4904	-409.8341	266.3437	2.406224	0.6411209
11412	-135.2121	-401.7292	266.5171	1.881161	1.075707
11418	-135.3576	-401.7778	266.4202	1.978105	1.075707
11424	-125.6414	-391.9945	266.3531	2.224876	0.8925835
11430	-123.7849	-390.4416	266.6568	2.1016	0.6208554
11436	-128.7517	-395.1422	266.3905	2.366738	0.6238743
11442	-122.8447	-389.3042	266.4595	2.297715	0.6238743
11448	-127.3434	-393.774	266.4306	2.350589	0.5354299
11454	-130.8189	-397.2202	266.4013	2.368199	0.4206853
11460	-126.1212	-392.1516	266.0303	2.69627	0.3496268
11466	-127.562	-393.6388	266.0768	2.645763	0.3450218
11472	-124.3153	-390.6074	266.2921	2.44934	0.3685633
11478	-121.5337	-387.6724	266.1388	2.602718	0.3685633
11484	-123.1158	-388.9104	265.7946	2.854483	0.2833964
11490	-124.8998	-390.9574	266.0576	2.677256	0.3597066
11496	-129.427	-395.4173	265.9903	2.66685	0.2888291
11502	-149.9271	-415.5703	265.6432	1.523795	2.001948
11508	-143.4689	-409.5131	266.0441	1.738302	1.57396
11514	-111.0227	-376.8639	265.8412	2.826997	0.2965985
11520	-123.3034	-388.949	265.6456	2.946865	0.2510146
11526	-110.3013	-375.6373	265.336	3.136939	0.2018834
11532	-120.6999	-386.2138	265.5139	3.025475	0.2267791
11538	-121.3326	-386.8939	265.5613	3.00804	0.2398514
11544	-121.3927	-386.4393	265.0465	3.210041	0.1451762
11550	-120.6228	-386.1894	265.5666	3.023903	0.2500057
11556	-134.9087	-400.7578	265.8491	2.80733	0.2883259
11562	-132.6265	-398.7324	266.1059	2.637545	0.371305
11568	-133.4912	-399.6459	266.1547	2.600022	0.389327
11574	-118.2663	-381.6743	263.408	0.9355296	3.723991
11580	-115.8817	-380.4348	264.5531	0.9561669	3.039618
11586	-112.8857	-376.2354	263.3497	0.9696703	3.737953
11592	-124.1262	-387.9356	263.8094	0.8457808	3.543315
11598	-114.703	-378.3881	263.6851	0.9700773	3.543315
11604	-115.1488	-378.3568	263.208	0.8899106	3.865463
11610	-118.4683	-379.8353	261.367	1.042202	4.820174
11616	-121.9767	-385.353	263.3762	1.080169	3.658736
11622	-106.7595	-370.8752	264.1157	1.125792	3.199034
11628	-112.3295	-376.129	263.7994	1.282363	3.293451
11634	-102.2137	-364.7702	262.5564	0.8976689	4.232739
11640	-101.5159	-364.4598	262.9439	0.864795	4.031063
11646	-108.5897	-369.3813	260.7915	0.9048873	5.216029
11652	-120.0419	-380.6508	260.6089	1.08755	5.216029
11658	-122.0995	-386.8272	264.7277	1.344003	2.698944
11664	-120.9214	-386.0219	265.1005	1.420258	2.419831
11670	-125.08	-391.1345	266.0545	1.543982	1.706325
11676	-123.359	-389.2721	265.9131	1.403976	1.901027
11682	-110.8201	-377.0389	266.2188	1.742562	1.440043
11688	-108.907	-375.4261	266.5191	1.967196	0.9903933
11694	-122.5911	-388.9848	266.3936	1.893766	1.175522
11700	-109.558	-376.1628	266.6049	1.899028	0.9724677
11706	-105.1792	-371.3356	266.1564	1.721379	1.503313
11712	-106.8414	-373.3697	266.5282	1.536769	1.35938
11718	-106.2438	-372.4639	266.2201	1.563955	1.572787
11724	-107.8324	-374.078	266.2456	1.736081	1.424427
11730	-103.5661	-369.9572	266.3911	1.878141	1.191226
11736	-104.3533	-370.9992	266.6459	1.806005	1.024512
11742	-101.5293	-367.8483	266.319	1.851549	1.274255
11748	-90.21971	-356.8687	266.649	1.809524	1.018074
11754	-93.03486	-358.9655	265.9307	1.241585	1.998413
11760	-96.24962	-361.0462	264.7966	1.446148	2.593514
11766	-109.4247	-373.5136	264.0889	1.352369	3.080221
11772	-121.1415	-385.7319	264.5904	1.281298	2.821081
11778	-108.9599	-375.2838	266.3239	1.518509	1.529724
11784	-108.6407	-375.4066	266.7658	1.755298	0.9545528
11790	-108.875	-375.3588	266.4838	1.741099	1.229055
11796	-108.3004	-374.5755	266.2752	2.023093	1.166062
11802	-111.4417	-377.9962	266.5544	1.828882	1.089624
11808	-117.1392	-383.6648	266.5256	1.836777	1.108797
11814	-117.0383	-383.5148	266.4764	1.999248	1.001062
11820	-135.4615	-401.0529	265.5914	1.19437	2.251227
11826	-132.8811	-397.4711	264.5899	1.215096	2.861541
11832	-109.5629	-375.7105	266.1476	1.756551	1.483494
11838	-120.1907	-386.8328	266.6421	2.01842	0.790704
11844	-120.3768	-385.8493	265.4724	1.561975	2.089667
11850	-121.636	-387.1298	265.4938	1.742809	1.95535
11856	-126.7263	-393.11	266.3838	1.831677	1.236974
11862	-112.8501	-379.1002	266.2501	1.767165	1.396855
11868	-117.6244	-383.6398	266.0153	1.898518	1.476179
11874	-121.586	-387.8556	266.2695	2.152773	1.053095
11880	-123.3401	-389.6187	266.2786	2.112873	1.082086
11886	-113.0791	-379.2864	266.2073	2.285739	0.9835314
11892	-110.7892	-377.0085	266.2193	2.00235	1.231795
11898	-122.5547	-387.8883	265.3336	1.669993	2.109874
11904	-109.9372	-376.4493	266.5121	2.107609	0.8432712
11910	-105.3941	-371.9977	266.6036	1.841455	1.031215
11916	-113.6305	-379.6048	265.9743	1.758132	1.61039
11922	-113.2565	-379.1954	265.9389	1.806805	1.600741
11928	-107.0146	-373.4431	266.4285	1.963237	1.081861
11934	-99.2415	-365.7236	266.4821	2.037028	0.9566578
11940	-97.50401	-363.9527	266.4487	1.963016	1.063094
11946	-101.3816	-367.9722	266.5906	1.823817	1.060599
11952	-104.8423	-371.5085	266.6662	1.956612	0.839454
11958	-102.6747	-369.3849	266.7103	1.925312	0.8234637
11964	-103.99	-370.5711	266.5812	2.16469	0.6502572
11970	-109.3758	-375.9941	266.6182	2.138336	0.6254183
11976	-108.0396	-374.6045	266.5649	2.053037	0.8455342
11982	-115.3882	-381.9628	266.5747	2.19727	0.5802913
11988	-100.7875	-367.1925	266.405	2.374642	0.545657
11994	-97.58652	-363.9107	266.3242	2.456257	0.4612886
12000	-104.0922	-370.5962	266.504	2.279332	0.5108587
12006	-110.1431	-376.1369	265.9938	2.69584	0.313356
12012	-104.7785	-370.5027	265.7241	2.855404	0.2446559
12018	-112.9444	-378.5612	265.6168	2.945315	0.2365723
12024	-110.7724	-376.1213	265.3489	3.129268	0.2036883
12030	-128.5111	-394.199	265.6879	2.987724	0.3021544
12036	-116.7023	-382.9867	266.2844	2.497987	0.4757327
12042	-108.6555	-373.9777	265.3222	3.0916	0.1833889
12048	-104.7134	-369.9383	265.2249	3.201141	0.1869688
12054	-102.9623	-368.3563	265.3939	3.135928	0.2228794
12060	-110.2139	-375.5605	265.3466	3.138647	0.206131
12066	-114.2225	-379.57	265.3475	3.162292	0.215079
12072	-108.5483	-375.0908	266.5424	2.026397	0.9028494
12078	-111.0201	-377.6924	266.6723	1.980443	0.8011395
12084	-111.8664	-377.4276	265.5612	2.997087	0.234893
12090	-99.76882	-366.2885	266.5197	1.942039	1.014913
12096	-105.2172	-371.778	266.5608	2.061805	0.8397211
12102	-108.783	-374.8028	266.0198	2.724836	0.3731263
12108	-111.5449	-377.7243	266.1794	2.60155	0.4644422
12114	-101.9156	-368.2966	266.381	2.399904	0.4644422
12120	-102.3286	-368.112	265.7834	2.887293	0.2984616
12126	-106.1226	-372.0927	265.9701	2.784643	0.3892406
12132	-110.9596	-377.4388	266.4792	1.827869	1.158361
12138	-108.8121	-375.2258	266.4137	1.848689	1.197141
12144	-124.4177	-390.721	266.3032	2.480255	0.4919847
12150	-117.2021	-382.9379	265.7358	1.241882	2.126847
12156	-114.6307	-380.2304	265.5998	1.309788	2.171236
12162	-112.3871	-377.8046	265.4176	1.417633	2.219398
12168	-110.0968	-373.3369	263.2401	1.226192	3.652982
12174	-114.2833	-378.9564	264.673	1.13145	2.861864
12180	-107.6974	-370.6577	262.9603	1.343554	3.746887
12186	-111.5624	-376.6064	265.044	1.205231	2.589497
12192	-104.7447	-370.1981	265.4534	1.366176	2.229486
12198	-98.47604	-364.0577	265.5817	1.352034	2.155546
12204	-104.1463	-370.2081	266.0618	1.533677	1.708437
12210	-94.89689	-361.547	266.6501	1.522883	1.272283
12216	-94.54293	-360.998	266.4551	1.763859	1.234052
12222	-112.5424	-378.7359	266.1934	2.585475	0.4531442
12228	-125.5331	-391.9083	266.3752	2.404058	0.5481542
12234	-122.6658	-388.5928	265.9271	2.801757	0.3522558
12240	-101.56	-367.8781	266.3181	1.335725	1.666945
12246	-99.08834	-364.6853	265.5969	1.272778	2.197084
12252	-132.5397	-398.8498	266.3102	2.468623	0.452538
12258	-128.6284	-394.8142	266.1858	2.593665	0.4558628
12264	-108.151	-371.4975	263.3465	0.9707705	3.739181
12270	-109.0767	-372.7168	263.6401	0.8669505	3.629377
12276	-110.5374	-373.9964	263.459	0.9243425	3.701014
12282	-115.8931	-379.1146	263.2215	1.161819	3.701014
12288	-115.5498	-379.6977	264.1479	1.060462	3.218656
12294	-122.4693	-385.1923	262.7231	1.061142	4.045013
12300	-131.3318	-397.2113	265.8796	2.877282	0.3931489
12306	-136.3167	-402.4242	266.1075	2.670933	0.4510632
12312	-113.5005	-377.7493	264.2488	1.272096	3.032666
12318	-106.041	-369.7589	263.7179	1.17052	3.407108
12324	-103.9678	-368.3835	264.4157	1.246369	2.947893
12330	-113.2934	-376.7098	263.4165	1.516447	3.381011
12336	-126.808	-389.9651	263.157	1.20439	3.713669
12342	-123.8113	-390.3335	266.5222	2.258132	0.541527
12348	-122.9453	-389.518	266.5726	2.170026	0.6570119
12354	-105.2113	-367.3442	262.1329	1.092055	4.362391
12360	-114.5081	-380.8803	266.3722	2.051813	1.051464
12366	-123.9919	-390.6439	266.652	1.987769	0.8181052
12372	-115.2761	-380.4575	265.1814	1.573324	2.271146
12378	-109.3414	-374.673	265.3317	1.615858	2.146537
12384	-113.2705	-378.5845	265.314	1.490297	2.239303
12390	-119.4349	-385.8798	266.4449	2.334937	0.4579572
12396	-114.8635	-381.0625	266.199	2.545985	0.3735988
12402	-103.2842	-367.5988	264.3145	1.339155	2.952926
12408	-97.88438	-362.9137	265.0293	1.43231	2.457045
12414	-105.5632	-371.5002	265.9371	1.79483	1.610779
12420	-103.3821	-369.6741	266.2919	1.715079	1.404831
12426	-112.6738	-378.9144	266.2406	1.766435	1.404831
12432	-116.7858	-383.1395	266.3537	2.001028	1.115778
12438	-121.533	-387.09	265.557	1.958635	1.764494
12444	-120.116	-386.259	266.143	2.594267	0.3628207
12450	-110.9668	-377.0207	266.054	2.649185	0.3253061
12456	-106.5045	-372.6755	266.1711	2.529113	0.3225701
12462	-107.5845	-373.8794	266.2949	2.467006	0.4029974
12468	-100.2311	-366.578	266.3469	2.430122	0.4449208
12474	-97.12805	-363.5132	266.3852	2.390596	0.4400602
12480	-91.58946	-358.1996	266.6101	2.163563	0.5736443
12486	-84.85568	-351.1972	266.3415	2.442055	0.4984106
12492	-96.31237	-362.6418	266.3294	2.413989	0.3713438
12498	-92.03959	-358.3235	266.2839	2.495235	0.4543742
12504	-93.09978	-359.3531	266.2534	2.529924	0.5125935
12510	-94.53768	-360.7764	266.2387	2.543465	0.4735903
12516	-84.14584	-350.4072	266.2613	2.510092	0.4260073
12522	-84.31872	-350.6994	266.3807	2.40189	0.5227929
12528	-92.49526	-358.9963	266.501	2.282565	0.5028395
12534	-88.66831	-355.1042	266.4358	2.347113	0.4822512
12540	-86.22746	-352.6515	266.4241	2.286856	0.7155603
12546	-96.10001	-362.4275	266.3275	2.238942	0.9055754
12552	-97.90686	-364.4962	266.5894	2.137597	0.6876152
12558	-102.1741	-368.7887	266.6145	2.112445	0.6876152
12564	-98.03953	-364.6078	266.5683	2.198119	0.5985419
12570	-98.66258	-365.2714	266.6089	1.821643	1.04525
12576	-100.5001	-367.0645	266.5643	2.063276	0.8335064
12582	-101.0981	-367.6151	266.517	2.174136	0.7468067
12588	-103.1745	-369.7354	266.5609	2.090697	0.8026415
12594	-126.7648	-392.8738	266.109	2.670971	0.4587167
12600	-125.4077	-391.5612	266.1536	2.625486	0.4539765
12606	-110.6359	-376.8537	266.2178	2.55972	0.5572899
12612	-105.0982	-371.2891	266.191	2.59084	0.5303256
12618	-104.6556	-370.7092	266.0536	2.692187	0.3747489
12624	-90.7225	-356.6585	265.936	2.748809	0.3093702
12630	-99.51539	-365.6587	266.1433	2.617578	0.4008154
12636	-101.0298	-367.0858	266.056	2.70488	0.4008154
12642	-108.1015	-374.5532	266.4517	2.239575	0.7467392
12648	-106.0144	-372.2659	266.2516	1.943196	1.254252
12654	-100.4383	-366.7669	266.3286	2.404073	0.6769073
12660	-101.8928	-368.4112	266.5184	2.15477	0.7731841
12666	-105.0789	-371.4801	266.4011	2.349926	0.6386117
12672	-88.49162	-355.1286	266.637	2.041123	0.766062
12678	-94.67222	-361.0403	266.3681	2.295703	0.7861789
12684	-99.36105	-365.8663	266.5053	2.249871	0.628961
12690	-123.7265	-390.2358	266.5093	1.71485	1.229653
12696	-112.6803	-379.324	266.6437	1.838556	0.994519
12702	-113.1567	-379.7858	266.6292	1.775257	1.06999
12708	-118.7582	-385.5179	266.7598	1.748769	0.9676676
12714	-107.954	-374.1286	266.1746	2.241711	1.058765
12720	-102.8857	-369.4124	266.5267	2.136331	0.7872498
12726	-95.2115	-361.8073	266.5958	2.097123	0.7441545
12732	-97.68379	-364.2315	266.5478	2.010974	0.9141016
12738	-95.86076	-361.3445	265.4837	1.547526	2.091744
12744	-116.2798	-380.8315	264.5517	1.275182	2.848292
12750	-103.2996	-368.9832	265.6836	1.841786	1.757687
12756	-107.1135	-371.4865	264.3731	1.738766	2.674305
12762	-116.3317	-382.2976	265.9659	1.80398	1.583117
12768	-120.4658	-384.9251	264.4592	1.558986	2.731724
12774	-108.1528	-371.4094	263.2566	1.090174	3.722148
12780	-99.22829	-363.2853	264.057	1.177835	3.203007
12786	-104.7858	-369.3089	264.5231	1.196675	2.9131
12792	-95.30372	-360.0284	264.7247	1.147152	2.820998
12798	-109.9176	-375.1733	265.2557	1.319335	2.385583
12804	-108.2595	-373.6437	265.3842	1.33086	2.296541
12810	-118.3462	-382.6851	264.3389	1.215823	3.012389
12816	-104.2675	-369.3586	265.0912	1.31534	2.491575
12822	-105.9246	-371.9596	266.0349	1.648155	1.646002
12828	-101.8524	-368.2763	266.4239	1.829802	1.20455
12834	-105.1002	-371.5662	266.466	2.046178	0.9638629
12840	-101.282	-368.0927	266.8107	1.745641	0.9167519
12846	-105.546	-371.9744	266.4284	1.794886	1.230421
12852	-104.5505	-371.029	266.4784	1.696924	1.270335
12858	-102.4871	-368.9286	266.4415	1.733806	1.270335
12864	-137.5983	-403.5101	265.9117	2.804482	0.3381799
12870	-115.8952	-382.2037	266.3085	1.719388	1.388531
12876	-108.8875	-375.3452	266.4576	1.825056	1.179638
12882	-105.9539	-372.3888	266.4349	1.847727	1.179638
12888	-110.9514	-377.759	266.8077	1.827889	0.8235114
12894	-110.9278	-377.1539	266.226	1.774595	1.409785
12900	-123.6922	-389.8088	266.1166	1.801823	1.472736
12906	-119.7479	-386.0203	266.2724	1.569815	1.529846
12912	-118.1903	-384.7876	266.5974	1.526438	1.312394
12918	-125.6618	-391.9751	266.3133	1.633135	1.451421
12924	-124.5502	-390.6708	266.1206	1.63403	1.594295
12930	-132.4355	-397.5637	265.1283	1.409259	2.409261
12936	-132.3841	-396.8673	264.4832	1.339547	2.85078
12942	-122.1583	-388.5142	266.3559	1.818646	1.27099
12948	-119.7822	-386.3465	266.5643	1.795215	1.111484
12954	-120.0145	-386.4098	266.3953	1.687918	1.344922
12960	-116.8124	-383.5284	266.716	1.827469	0.9307821
12966	-119.1894	-385.6199	266.4306	1.887598	1.148535
12972	-120.66	-387.0648	266.4048	2.376867	0.5317557
12978	-120.7953	-387.239	266.4437	2.31624	0.6166789
12984	-112.1962	-378.521	266.3248	2.443928	0.5911853
12990	-113.8467	-379.9726	266.1259	2.630339	0.3919537
12996	-119.1997	-385.5237	266.3239	2.447461	0.4258604
13002	-121.7648	-388.1573	266.3925	2.348638	0.6602834
13008	-126.5989	-392.8135	266.2146	2.567236	0.5302103
13014	-119.679	-385.2864	265.6073	1.565857	1.997795
13020	-122.3419	-387.9868	265.645	1.398739	2.083563
13026	-120.7971	-386.6505	265.8534	1.739292	1.710397
13032	-114.527	-381.0026	266.4755	1.672578	1.292661
13038	-116.6948	-383.4048	266.7101	1.452519	1.280823
13044	-115.5908	-382.0545	266.4636	1.467096	1.463401
13050	-110.2838	-376.2941	266.0103	1.443959	1.807118
13056	-112.842	-379.1324	266.2904	1.306888	1.707109
13062	-101.3286	-367.3289	266.0003	1.567564	1.727906
13068	-115.9292	-381.2075	265.2783	1.348836	2.352577
13074	-113.9176	-378.1708	264.2532	1.298622	3.014114
13080	-117.4936	-382.6915	265.198	1.181593	2.508427
13086	-121.8273	-386.9049	265.0776	1.266824	2.530317
13092	-109.4879	-374.9814	265.4935	1.402257	2.180204
13098	-104.8531	-370.8558	266.0027	1.274778	1.927824
13104	-118.3883	-384.3093	265.921	1.353878	1.929574
13110	-137.5692	-403.6442	266.0749	2.69075	0.411222
13116	-141.3993	-407.5336	266.1343	2.638008	0.4285916
13122	-111.7517	-378.4291	266.6774	2.074738	0.6361075
13128	-114.7475	-381.2615	266.514	2.25554	0.4206941
13134	-106.5923	-373.2277	266.6354	2.139116	0.5705951
13140	-98.2941	-364.9762	266.6821	2.044015	0.6892971
13146	-104.4091	-371.0272	266.6181	2.103041	0.6981095
13152	-105.7651	-372.3166	266.5515	2.169621	0.6981095
13158	-96.34295	-362.9499	266.6069	2.164959	0.5804508
13164	-92.24394	-358.2122	265.9683	2.683928	0.2854931
13170	-94.00026	-360.0969	266.0967	2.652473	0.3799762
13176	-100.8756	-366.8853	266.0097	2.7393	0.3797239
13182	-99.98454	-366.2567	266.2721	2.511243	0.4894228
13188	-114.9568	-380.8441	265.8872	2.817296	0.3265846
13194	-112.6407	-378.3444	265.7037	2.945528	0.2835053
13200	-107.05	-372.5524	265.5024	2.962627	0.1992384
13206	-108.926	-375.2067	266.2808	2.481837	0.4044054
13212	-108.7008	-375.0434	266.3426	2.440575	0.5146294
13218	-99.62253	-366.0223	266.3997	2.383429	0.5146294
13224	-103.9714	-370.2637	266.2923	2.435307	0.6864582
13230	-107.2566	-373.7142	266.4576	2.325711	0.5116758
13236	-106.9199	-373.3329	266.413	1.956034	1.102782
13242	-107.9547	-374.6167	266.662	1.883475	0.9286113
13248	-103.8264	-370.5782	266.7518	1.793658	0.9286113
13254	-99.09622	-365.7804	266.6842	1.823176	0.9689124
13260	-108.7858	-373.3748	264.589	1.705179	2.561618
13266	-98.48714	-364.9167	266.4295	1.342352	1.581671
13272	-99.6683	-365.7266	266.0583	1.466316	1.758228
13278	-103.0317	-368.6424	265.6107	1.400691	2.104782
13284	-119.1306	-385.7887	266.6581	1.270785	1.46475
13290	-114.0372	-379.1933	265.1562	1.298728	2.461272
13296	-116.256	-381.3271	265.0712	1.153276	2.604846
13302	-118.6874	-382.4759	263.7886	1.405514	3.227119
13308	-125.9828	-391.3679	265.3851	1.455293	2.216043
13314	-124.7578	-389.2862	264.5284	1.492665	2.72999
13320	-116.5408	-380.5113	263.9704	1.426539	3.106654
13326	-126.1951	-390.6574	264.4623	1.705532	2.639816
13332	-122.8685	-389.4081	266.5396	2.223635	0.6077505
13338	-120.8903	-387.413	266.5227	2.213629	0.6698282
13344	-129.4018	-395.701	266.2992	1.668756	1.434985
13350	-134.6812	-399.5452	264.8641	1.638317	2.431406
13356	-136.5314	-402.7992	266.2677	1.64135	1.479768
13362	-132.8161	-399.0096	266.1935	1.832682	1.389901
13368	-128.6192	-394.9175	266.2983	2.382079	0.7627806
13374	-130.3158	-396.6387	266.323	2.460444	0.4903019
13380	-113.7293	-379.9134	266.1841	2.347614	0.9433895
13386	-108.5102	-374.644	266.1338	2.318007	1.024661
13392	-101.684	-367.9877	266.3037	2.29906	0.8637691
13398	-100.9851	-367.3109	266.3258	2.007746	1.134835
13404	-104.8397	-371.3707	266.531	2.085851	0.8467658
13410	-101.7167	-367.9872	266.2706	2.243253	0.9621917
13416	-103.239	-369.5981	266.3591	2.407944	0.596551
13422	-99.61143	-366.0674	266.456	2.264498	0.6992715
13428	-99.73203	-366.1596	266.4276	2.213718	0.8161498
13434	-100.1974	-366.6207	266.4234	2.213732	0.8215314
13440	-109.7809	-376.0557	266.2747	2.194309	1.007693
13446	-110.2749	-376.4473	266.1723	1.89239	1.359609
13452	-113.2127	-379.4827	266.27	2.087398	1.113377
13458	-114.8812	-381.2358	266.3546	2.002766	1.113377
13464	-115.5179	-381.8941	266.3762	2.350544	0.6880445
13470	-114.3872	-380.7408	266.3536	2.429645	0.5136607
13476	-105.6071	-372.2997	266.6925	1.972833	0.784026
13482	-107.026	-373.3851	266.3591	2.423939	0.5172724
13488	-112.4993	-378.8679	266.3686	2.391975	0.6150398
13494	-112.2056	-378.7688	266.5632	2.197379	0.6150398
13500	-108.6098	-374.8966	266.2868	2.395098	0.7606027
13506	-102.9366	-369.2281	266.2914	2.022471	1.152292
13512	-97.48146	-363.9248	266.4434	1.846006	1.173808
13518	-100.5204	-366.8097	266.2893	2.207044	0.9801678
13524	-109.5376	-375.6564	266.1188	2.64807	0.4140426
13530	-115.9502	-382.155	266.2048	2.562661	0.4155479
13536	-111.7634	-378.3041	266.5407	2.19305	0.6748638
13542	-104.4485	-370.7761	266.3276	2.444475	0.5797331
13548	-115.5481	-381.8848	266.3368	2.446799	0.5017598
13554	-117.3039	-383.6936	266.3896	2.391246	0.5377531
13560	-118.2803	-384.6407	266.3604	2.417651	0.5545601
13566	-116.0942	-382.4424	266.3482	2.429878	0.5545601
13572	-121.9381	-388.2578	266.3197	2.458059	0.555995
13578	-122.1881	-388.6586	266.4705	2.042899	0.9626345
13584	-126.2726	-392.7488	266.4762	1.933425	1.065043
13590	-121.791	-388.0672	266.2762	2.133489	1.065043
13596	-106.58	-373.0099	266.4299	2.058146	0.9886334
13602	-106.7073	-373.1475	266.4401	2.205777	0.8101673
13608	-108.9315	-375.4825	266.551	2.084413	0.8237309
13614	-135.1939	-399.5205	264.3266	1.35378	2.936873
13620	-118.5027	-383.7975	265.2948	1.561863	2.205548
13626	-106.8165	-372.1912	265.3746	1.635119	2.105872
13632	-109.3093	-374.0705	264.7612	1.693918	2.461105
13638	-100.0806	-365.6224	265.5418	1.592273	2.023815
13644	-100.6425	-367.2354	266.5928	1.661549	1.204018
13650	-99.40729	-365.9198	266.5125	1.99855	0.9650571
13656	-107.4767	-373.9161	266.4394	1.934289	1.098496
13662	-113.4303	-380.0173	266.5871	2.01214	0.8679886
13668	-118.4501	-384.9138	266.4637	2.056513	0.9555185
13674	-115.4027	-380.4507	265.048	1.311	2.521277
13680	-125.3936	-391.8583	266.4648	1.933059	1.076138
13686	-123.4183	-389.4553	266.0369	2.03686	1.352426
13692	-118.7849	-384.7003	265.9154	1.79681	1.625044
13698	-108.1375	-374.4875	266.35	1.55216	1.484987
13704	-93.17301	-359.3834	266.2104	1.35123	1.73231
13710	-100.4647	-367.0645	266.5998	1.762115	1.109281
13716	-101.3845	-367.5503	266.1658	1.731535	1.488654
13722	-104.6539	-370.3161	265.6621	1.523038	1.989799
13728	-114.1765	-380.3532	266.1767	1.844941	1.393454
13734	-113.6823	-380.0057	266.3234	1.69823	1.393454
13740	-111.2274	-377.373	266.1456	1.722563	1.510502
13746	-117.7163	-384.1324	266.4161	1.885842	1.162817
13752	-113.1387	-379.1536	266.015	2.654611	0.2976213
13758	-122.6994	-388.6531	265.9537	2.716941	0.2984438
13764	-107.4179	-371.2709	263.853	1.349541	3.222116
13770	-97.42663	-361.4915	264.0648	1.137712	3.222116
13776	-114.3001	-378.9286	264.6284	1.34267	2.760523
13782	-110.0699	-375.2653	265.1954	1.571414	2.263391
13788	-114.3712	-379.894	265.5228	1.578355	2.045682
13794	-108.0972	-373.8876	265.7904	2.790928	0.2455424
13800	-100.4778	-365.9977	265.5199	3.015344	0.2250761
13806	-109.4516	-374.5798	265.1282	3.218638	0.1654643
13812	-101.0834	-365.7194	264.636	3.417944	0.1106316
13818	-100.0494	-364.854	264.8047	3.358966	0.1277622
13824	-111.2186	-376.8771	265.6586	2.893764	0.2322565
13830	-112.6695	-378.4953	265.8258	2.826668	0.2856489
13836	-106.3345	-372.6915	266.357	2.417037	0.4339946
13842	-108.1343	-374.0555	265.9212	2.798065	0.3414116
13848	-114.8141	-381.1303	266.3162	2.433167	0.3802947
13854	-101.0524	-367.4401	266.3877	2.393237	0.4641387
13860	-115.6577	-376.7674	261.1097	0.9542836	5.012336
13866	-114.1397	-374.9785	260.8388	1.055372	5.106555
13872	-106.2772	-369.5114	263.2341	0.9716839	3.803408
13878	-106.1798	-368.2505	262.0707	0.9547562	4.474888
13884	-112.1523	-375.6548	263.5025	1.378917	3.411203
13890	-119.2743	-381.4914	262.2171	1.494366	4.086474
13896	-112.9655	-374.8671	261.9016	1.341112	4.352371
13902	-128.53	-395.196	266.666	1.885352	0.9222057
13908	-119.4704	-385.6969	266.2265	1.675186	1.48539
13914	-117.1146	-379.902	262.7874	1.30116	3.870811
13920	-107.2841	-373.8079	266.5238	1.997179	0.9546822
13926	-118.6488	-384.2475	265.5987	1.762298	1.871182
13932	-121.2073	-387.0383	265.831	1.358455	1.986931
13938	-121.4088	-386.1883	264.7795	1.31821	2.682997
13944	-102.4861	-369.0491	266.563	2.134582	0.7370348
13950	-101.4641	-368.0183	266.5542	2.120537	0.7708964
13956	-99.47225	-366.1499	266.6777	1.982124	0.7916835
13962	-99.02803	-365.576	266.548	2.207293	0.6286901
13968	-109.5008	-375.7916	266.2908	2.484922	0.4399142
13974	-102.3411	-368.211	265.8699	2.823905	0.3169441
13980	-114.6722	-380.5425	265.8703	2.823905	0.3173143
13986	-111.5674	-377.3778	265.8104	2.823905	0.2741148
13992	-123.6947	-389.2379	265.5432	3.043908	0.2483374
13998	-123.1393	-388.7809	265.6417	2.954483	0.2528826
14004	-129.1321	-395.192	266.06	2.68919	0.3799849
14010	-136.378	-403.0207	266.6427	1.911886	0.9186172
14016	-136.9639	-403.4624	266.4985	1.965377	1.012831
14022	-133.7703	-400.4383	266.668	1.915505	0.8862129
14028	-124.4828	-391.0419	266.5591	1.892207	1.025147
14034	-123.0632	-389.3023	266.2391	2.543278	0.4756588
14040	-123.8198	-390.1324	266.3126	2.463298	0.5648552
14046	-123.7439	-389.8404	266.0966	2.661172	0.3947639
14052	-122.5429	-388.9448	266.4019	2.379901	0.5307063
14058	-121.0905	-387.3583	266.2679	2.515646	0.5062788
14064	-118.5007	-384.8751	266.3744	2.395247	0.4210791
14070	-128.7693	-393.8615	265.0923	1.75975	2.208537
14076	-126.6381	-391.4208	264.7827	1.622012	2.492726
14082	-112.9958	-376.6435	263.6477	1.435254	3.292758
14088	-125.7129	-390.9648	265.2519	1.543262	2.245184
14094	-126.1571	-391.7945	265.6373	2.058151	1.637085
14100	-130.3097	-396.0412	265.7315	2.098877	1.538651
14106	-136.2061	-402.6337	266.4276	2.112496	0.9343841
14112	-130.5095	-396.6162	266.1067	2.361305	1.008712
14118	-120.7319	-386.9787	266.2468	2.249041	0.9807499
14124	-124.3487	-390.3661	266.0174	2.265461	1.179461
14130	-115.4034	-381.2335	265.8301	2.471864	1.162802
14136	-117.5356	-383.5866	266.051	2.43861	0.9870458
14142	-111.1502	-377.0544	265.9042	2.195856	1.331503
14148	-120.4898	-386.9493	266.4595	2.226817	0.7541077
14154	-133.6708	-399.8369	266.1661	2.570183	0.3615799
14160	-114.2195	-380.3181	266.0987	2.562202	0.7901979
14166	-125.4248	-391.445	266.0202	2.599958	0.8427562
14172	-124.5211	-390.3354	265.8143	2.82688	0.8163348
14178	-118.3564	-383.8255	265.4692	2.145615	1.694729
14184	-112.3983	-378.1096	265.7112	2.031424	1.602969
14190	-129.2741	-395.7112	266.4371	2.238344	0.7699674
14196	-125.2688	-391.6266	266.3578	2.389046	0.6481111
14202	-112.1786	-377.944	265.7653	2.255265	1.394261
14208	-113.1771	-379.607	266.4298	2.074011	0.9724984
14214	-114.5898	-381.236	266.6463	1.997016	0.8135761
14220	-117.4026	-383.2076	265.805	2.254054	1.36411
14226	-112.6548	-378.2655	265.6108	1.807786	1.831735
14232	-128.4019	-395.0532	266.6512	1.897465	0.9250869
14238	-123.5687	-390.1557	266.587	1.825127	1.06272
14244	-128.6878	-393.3891	264.7013	1.574346	2.573111
14250	-133.8688	-396.868	262.9991	1.801411	3.458525
14256	-126.5658	-390.2361	263.6703	1.669235	3.140848
14262	-101.0984	-367.3775	266.2791	1.683326	1.439221
14268	-102.5235	-368.7919	266.2684	1.745287	1.399629
14274	-108.6616	-374.9438	266.2822	1.740124	1.392939
14280	-109.789	-376.4202	266.6312	1.740124	1.100696
14286	-110.4983	-377.1999	266.7016	1.932485	0.8253718
14292	-108.5791	-374.8856	266.3064	1.833927	1.298979
14298	-102.6696	-369.1343	266.4647	1.945218	1.064833
14304	-110.525	-377.0196	266.4946	1.952487	1.029211
14310	-109.6552	-376.1739	266.5188	2.158056	0.7679505
14316	-119.0505	-385.3849	266.3344	2.264033	0.8688977
14322	-118.8443	-385.1653	266.321	2.335527	0.7960168
14328	-117.7382	-384.0477	266.3095	2.335527	0.8113281
14334	-102.3398	-368.9194	266.5796	2.179098	0.6200852
14340	-109.1705	-375.6168	266.4464	2.312321	0.6200852
14346	-107.857	-374.3032	266.4462	2.332364	0.5520002
14352	-100.6252	-367.0031	266.3779	2.376805	0.6300237
14358	-87.87682	-354.4099	266.533	2.250197	0.486469
14364	-87.67292	-353.8346	266.1617	2.536559	0.3208048
14370	-97.14345	-363.0678	265.9243	2.773875	0.3208048
14376	-97.8685	-363.9596	266.0911	2.68985	0.4645159
14382	-96.73093	-362.8927	266.1618	2.589945	0.3841585
14388	-107.5339	-373.7789	266.245	2.537468	0.4767979
14394	-107.7338	-374.2984	266.5646	2.136661	0.7311825
14400	-97.52314	-363.7717	266.2486	2.488453	0.3624989
14406	-92.92387	-359.3855	266.4616	2.321713	0.5117008
14412	-96.4952	-363.0749	266.5797	2.190892	0.5849589
14418	-95.90906	-362.0479	266.1388	2.636749	0.4392732
14424	-97.53015	-363.9309	266.4007	2.382779	0.5060013
14430	-97.52276	-363.7573	266.2345	2.549035	0.494936
14436	-113.2981	-379.5403	266.2422	2.541298	0.494936
14442	-107.4374	-373.4741	266.0367	2.660072	0.319519
14448	-111.3786	-377.0351	265.6565	2.978518	0.2745314
14454	-120.1992	-385.1335	264.9343	1.665691	2.369773
14460	-126.376	-391.9963	265.6203	2.98823	0.2594043
14466	-110.955	-376.6019	265.6468	2.883307	0.2229898
14472	-112.4863	-377.9814	265.4951	3.021294	0.217571
14478	-112.9665	-378.5879	265.6215	2.951508	0.2415544
14484	-113.3483	-378.9853	265.637	2.935963	0.2415544
14490	-108.6152	-374.3765	265.7614	2.811607	0.2415544
14496	-99.81689	-365.5044	265.6875	2.907854	0.2524844
14502	-105.4439	-371.0393	265.5954	2.96955	0.2378471
14508	-120.6507	-386.0872	265.4365	3.085474	0.2197314
14514	-128.8663	-394.2778	265.4116	3.105086	0.2176839
14520	-113.9569	-379.4013	265.4443	3.015407	0.1975093
14526	-124.0309	-389.865	265.8341	2.890481	0.3473038
14532	-124.4951	-390.7165	266.2214	2.006552	1.226458
14538	-132.2104	-398.5521	266.3418	1.67281	1.398953
14544	-108.7519	-374.7632	266.0113	2.742621	0.3879389
14550	-105.7111	-371.7963	266.0852	2.682222	0.415432
14556	-113.6999	-380.0606	266.3607	2.42069	0.5337058
14562	-109.1605	-375.3719	266.2113	2.557462	0.5910458
14568	-106.9907	-373.3319	266.3412	2.327247	0.7797406
14574	-110.442	-376.9097	266.4676	2.088077	0.9174126
14580	-119.118	-384.2741	265.1562	1.343857	2.432902
14586	-122.0177	-386.0474	264.0297	1.269001	3.165094
14592	-114.3047	-380.8923	266.5876	2.042946	0.8298594
14598	-131.311	-397.4508	266.1398	1.906942	1.373758
14604	-114.7319	-381.3902	266.6584	1.969502	0.8332036
14610	-118.2001	-383.8355	265.6354	1.361132	2.114515
14616	-114.8999	-379.8097	264.9099	1.422566	2.537808
14622	-117.9153	-384.2197	266.3044	1.945073	1.208212
14628	-121.7869	-388.0485	266.2615	1.858777	1.315222
14634	-133.5917	-398.1682	264.5765	1.182247	2.889566
14640	-116.0013	-382.0821	266.0809	1.380308	1.802322
14646	-125.803	-390.2332	264.4302	1.613304	2.716234
14652	-113.2255	-379.7622	266.5366	2.136418	0.7733092
14658	-120.1667	-386.9236	266.7569	1.985207	0.6582155
14664	-112.8223	-379.2995	266.4772	2.26645	0.6548769
14670	-116.0568	-382.345	266.2882	2.287379	0.895242
14676	-113.1435	-379.6471	266.5036	2.230215	0.6747685
14682	-108.8044	-375.208	266.4036	2.098766	0.9740583
14688	-109.9749	-376.4963	266.5214	2.185404	0.7223815
14694	-113.1544	-379.5825	266.4281	2.276398	0.7261143
14700	-106.4579	-373.0054	266.5475	1.941239	0.9879142
14706	-105.5462	-372.1011	266.5549	2.170311	0.6909291
14712	-104.426	-371.129	266.703	1.892696	0.8721016
14718	-99.44042	-366.1118	266.6714	1.954518	0.8356754
14724	-95.43731	-362.04	266.6027	2.023201	0.8356754
14730	-100.5541	-366.9489	266.3948	2.275671	0.7769371
14736	-107.1318	-373.5825	266.4506	2.011812	1.014215
14742	-140.4791	-406.7267	266.2475	1.772909	1.39438
14748	-135.722	-401.6681	265.9461	1.653746	1.705341
14754	-130.358	-395.9589	265.6009	1.553251	2.010468
14760	-120.132	-385.6512	265.5192	1.624741	2.017261
14766	-121.5941	-387.2518	265.6576	1.797084	1.806778
14772	-113.7235	-380.0495	266.326	1.789575	1.319047
14778	-112.2369	-378.4909	266.254	1.812007	1.358568
14784	-122.9112	-389.4244	266.5133	2.108984	0.8401597
14790	-110.6875	-377.186	266.4984	1.883304	1.091103
14796	-121.3455	-387.2256	265.8801	1.696566	1.72172
14802	-118.3874	-384.2764	265.8889	1.687704	1.72172
14808	-124.1628	-390.3367	266.1738	1.694584	1.510319
14814	-128.52	-394.3288	265.8088	1.496827	1.908795
14820	-111.4415	-378.0787	266.6372	1.953432	0.8779733
14826	-109.8867	-376.2219	266.3352	2.145451	0.9960895
14832	-117.8987	-384.0908	266.1921	1.906604	1.332567
14838	-118.8599	-385.2482	266.3883	2.393975	0.4746903
14844	-104.7464	-371.1678	266.4214	2.354803	0.5633574
14850	-103.3049	-369.8841	266.5792	2.141077	0.6996492
14856	-101.8699	-368.2447	266.3748	2.407958	0.5213463
14862	-101.5365	-367.8101	266.2736	2.485271	0.3969569
14868	-106.2031	-372.3542	266.1511	2.62821	0.4551191
14874	-119.2267	-385.7625	266.5358	1.825643	1.109736
14880	-122.6403	-388.7987	266.1584	1.706038	1.513335
14886	-118.2934	-384.1245	265.8311	1.81889	1.669699
14892	-94.76877	-360.4902	265.7214	2.908371	0.2714198
14898	-99.19359	-365.3693	266.1757	2.596775	0.4292249
14904	-97.86399	-363.883	266.019	2.73923	0.3956599
14910	-97.4298	-363.8498	266.42	2.194456	0.8496979
14916	-90.12548	-356.6496	266.5241	2.080901	0.8610591
14922	-104.1771	-370.7071	266.5299	2.00523	0.939673
14928	-114.3431	-381.0201	266.677	1.898654	0.8952284
14934	-125.8511	-392.4302	266.5792	1.996441	0.8952284
14940	-124.4123	-390.5805	266.1681	2.149516	1.149009
14946	-112.4284	-378.9952	266.5669	2.116335	0.7586995
14952	-109.2013	-375.7812	266.5799	2.102192	0.7603136
14958	-114.836	-381.116	266.28	1.976102	1.202578
14964	-97.83663	-364.2505	266.4139	2.353091	0.5967406
14970	-104.3241	-370.8152	266.4911	2.275853	0.5967406
14976	-110.643	-377.3268	266.6838	1.968641	0.8015442
14982	-110.9374	-377.4363	266.4989	2.174189	0.7732599
14988	-106.8836	-373.588	266.7044	1.990796	0.7406776
14994	-112.1602	-378.7171	266.557	2.005869	0.9095278
15000	-105.0082	-371.4857	266.4775	2.07151	0.924778
15006	-109.3925	-376.099	266.7065	1.929136	0.823361
15012	-117.781	-384.2471	266.4661	1.785322	1.206499
15018	-121.8966	-388.429	266.5323	1.779452	1.154157
15024	-132.5562	-398.4715	265.9153	1.675217	1.711889
15030	-123.6681	-389.7094	266.0413	2.273627	1.151358
15036	-137.7863	-404.2041	266.4178	2.23014	0.8074332
15042	-128.4941	-394.2363	265.7422	1.694785	1.819018
15048	-116.6025	-382.7259	266.1234	1.769288	1.492145
15054	-131.2501	-396.6935	265.4434	3.058425	0.2121027
15060	-118.3079	-384.6168	266.3089	1.68334	1.416283
15066	-110.0343	-376.5509	266.5165	1.849585	1.105417
15072	-106.0641	-372.5003	266.4361	2.105562	0.9326833
15078	-119.3607	-385.5757	266.215	2.186392	1.072867
15084	-115.808	-380.7322	264.9243	3.340778	0.1469242
15090	-120.9637	-387.2233	266.2595	2.186828	1.029932
15096	-124.5959	-390.935	266.339	2.239405	0.8920194
15102	-108.0999	-373.4882	265.3883	3.095877	0.2057614
15108	-98.68724	-363.9079	265.2206	3.13993	0.1689205
15114	-99.05641	-364.3789	265.3225	3.143731	0.1996507
15120	-96.6751	-362.5741	265.899	2.726335	0.2688036
15126	-102.5938	-368.4921	265.8983	2.789786	0.3120777
15132	-102.4266	-368.2562	265.8296	2.832791	0.2924781
15138	-103.3161	-369.1413	265.8251	2.83728	0.2924781
15144	-107.2065	-373.0167	265.8103	2.852158	0.2924781
15150	-111.1367	-376.9863	265.8496	2.861247	0.3327351
15156	-104.4082	-370.3849	265.9767	2.775179	0.3844314
15162	-107.3042	-373.6926	266.3884	2.395065	0.5072236
15168	-111.7879	-378.3075	266.5197	2.253456	0.5757843
15174	-106.8317	-373.3293	266.4977	2.24775	0.6511984
15180	-104.7472	-371.1639	266.4167	2.343767	0.6154898
15186	-110.6228	-377.0931	266.4702	2.307443	0.55653
15192	-118.9517	-385.2649	266.3131	2.46452	0.55653
15198	-122.9649	-389.4431	266.4782	2.279908	0.6215891
15204	-104.2954	-370.7015	266.4061	2.361076	0.5961422
15210	-103.2915	-369.6328	266.3413	2.436387	0.4475865
15216	-106.4192	-372.7515	266.3324	2.449162	0.5328714
15222	-116.7814	-383.3748	266.5935	1.91425	0.9685136
15228	-120.5542	-386.9694	266.4153	1.968012	1.089685
15234	-118.3884	-384.5406	266.1522	1.926848	1.348236
15240	-116.2159	-381.897	265.6812	1.94154	1.68912
15246	-115.2297	-381.3033	266.0736	1.789529	1.514254
15252	-109.7294	-375.6141	265.8847	1.884672	1.583508
15258	-105.6058	-371.7593	266.1536	1.727744	1.500661
15264	-119.6023	-384.6025	265.0003	1.307678	2.553048
15270	-116.7167	-381.6757	264.9589	1.349024	2.553048
15276	-116.6318	-381.1729	264.5411	1.247148	2.871702
15282	-115.4388	-381.4151	265.9763	1.685129	1.661515
15288	-116.4335	-382.1145	265.681	1.670477	1.877618
15294	-124.7512	-388.8896	264.1384	1.298974	3.082574
15300	-124.6216	-390.6111	265.9896	2.706547	0.3189351
15306	-117.6054	-383.4029	265.7976	2.840758	0.2765676
15312	-107.5	-372.7361	265.2361	1.493946	2.286954
15318	-120.9023	-385.5406	264.6383	1.426816	2.702986
15324	-111.5232	-375.8547	264.3315	1.411983	2.898801
15330	-116.1692	-382.3644	266.1952	2.557351	0.3855444
15336	-107.4882	-373.5011	266.0129	2.659547	0.2997759
15342	-106.885	-372.364	265.479	1.859429	1.886509
15348	-116.1263	-381.0164	264.8901	1.737181	2.352453
15354	-119.4843	-385.0896	265.6053	2.951025	0.2340265
15360	-101.4414	-367.0436	265.6022	2.916217	0.2183734
15366	-104.0946	-369.5646	265.47	3.014911	0.206029
15372	-104.4905	-369.0482	264.5576	1.539404	2.68339
15378	-104.4186	-368.8293	264.4107	1.835328	2.591487
15384	-103.6836	-368.9583	265.2748	1.891786	2.002226
15390	-95.17113	-359.4334	264.2623	1.743241	2.739514
15396	-102.7848	-369.0805	266.2957	1.920463	1.236347
15402	-103.4501	-369.0042	265.5541	1.509186	2.070659
15408	-108.7349	-374.7368	266.0018	2.088034	1.339662
15414	-109.4452	-375.1609	265.7157	1.838482	1.737515
15420	-116.5803	-382.4329	265.8525	2.86882	0.3437067
15426	-126.7554	-392.8401	266.0847	2.636631	0.3437067
15432	-123.6138	-389.5396	265.9258	2.692299	0.2646507
15438	-132.5989	-398.9601	266.3612	2.397362	0.3962899
15444	-128.214	-394.8352	266.6212	1.978435	0.8675046
15450	-130.4448	-396.7619	266.3171	2.455057	0.5795178
15456	-128.6764	-394.7981	266.1217	2.625496	0.3769048
15462	-134.9867	-401.4137	266.427	2.356559	0.5047728
15468	-138.0057	-404.5187	266.513	2.237716	0.6393832
15474	-114.008	-380.0092	266.0012	2.663034	0.2937334
15480	-117.9231	-383.932	266.0089	2.655253	0.2937334
15486	-115.2391	-381.4646	266.2255	2.521959	0.3773628
15492	-108.9057	-375.4375	266.5318	2.04798	0.8905478
15498	-101.7128	-368.3945	266.6817	2.077213	0.6194764
15504	-111.3406	-378.0551	266.7145	1.957078	0.7754013
15510	-109.4803	-376.1279	266.6475	2.098447	0.6499241
15516	-96.24849	-362.3378	266.0893	2.602369	0.315069
15522	-108.1161	-374.1132	265.997	2.565693	0.2368441
15528	-103.7385	-369.5626	265.8242	2.738546	0.2368441
15534	-109.9166	-376.3551	266.4385	2.344596	0.5155043
15540	-103.2782	-368.7321	265.454	3.003171	0.1966604
15546	-101.2654	-366.7758	265.5103	3.067139	0.2436792
15552	-95.62593	-361.2611	265.6351	2.908293	0.2284599
15558	-101.0325	-366.8228	265.7903	2.780405	0.240491
15564	-115.8908	-381.2606	265.3698	3.041544	0.1826759
15570	-107.097	-372.2903	265.1933	3.195414	0.176345
15576	-110.9842	-376.2644	265.2802	3.136979	0.184362
15582	-111.3201	-376.6053	265.2851	3.164552	0.1942637
15588	-114.6837	-380.5779	265.8942	2.783629	0.3038485
15594	-118.7224	-384.5421	265.8198	2.858053	0.3038485
15600	-117.6513	-383.7549	266.1036	2.661155	0.4090191
15606	-110.3665	-376.3412	265.9747	2.764075	0.3648363
15612	-113.8557	-380.2438	266.3881	2.33292	0.6984158
15618	-120.0219	-386.5014	266.4795	2.285358	0.6032496
15624	-107.0378	-373.6213	266.5836	2.181255	0.6032496
15630	-111.8196	-378.2772	266.4576	2.324518	0.4731132
15636	-124.0058	-390.25	266.2442	2.53787	0.4731132
15642	-107.8729	-374.5672	266.6943	2.024365	0.702375
15648	-105.5218	-372.041	266.5192	2.140346	0.7919489
15654	-122.0059	-388.2974	266.2914	2.483782	0.4380502
15660	-108.6357	-375.2597	266.624	2.153694	0.4477455
15666	-114.4231	-380.8815	266.4584	2.32095	0.4554596
15672	-117.865	-384.1749	266.3099	2.47314	0.4835529
15678	-114.8315	-380.9832	266.1517	2.58003	0.3557825
15684	-109.1001	-374.7718	265.6717	2.949467	0.2663963
15690	-117.0174	-382.4308	265.4135	2.974753	0.1762026
15696	-109.3848	-374.5606	265.1757	3.209262	0.1753283
15702	-107.8325	-373.0043	265.1718	3.18101	0.1669614
15708	-100.0389	-365.6928	265.6539	2.857465	0.215647
15714	-114.2995	-379.7659	265.4663	3.058295	0.2207893
15720	-106.8598	-372.7699	265.9101	2.753466	0.2932609
15726	-111.9299	-377.7545	265.8245	2.838981	0.2932609
15732	-109.1524	-374.7174	265.5649	2.923215	0.2071602
15738	-95.35493	-360.8441	265.4891	2.949009	0.1906536
15744	-120.0782	-385.0276	264.9494	3.262569	0.1364323
15750	-111.1723	-376.2893	265.117	3.267527	0.1751997
15756	-112.867	-377.7254	264.8584	3.38938	0.1433854
15762	-110.0665	-375.0864	265.0199	3.285931	0.1557678
15768	-111.0714	-376.1324	265.061	3.251569	0.1573039
15774	-105.1719	-370.4253	265.2535	3.102441	0.1677353
15780	-111.4287	-376.0171	264.5884	3.454103	0.1090208
15786	-110.9937	-375.6022	264.6086	3.407817	0.1054584
15792	-126.1385	-392.4362	266.2977	2.4775	0.5677411
15798	-119.675	-385.9272	266.2522	2.528854	0.4650012
15804	-111.9394	-377.089	265.1496	3.018945	0.1286151
15810	-120.3723	-384.8739	264.5016	3.536717	0.1084471
15816	-120.6289	-385.1818	264.5529	3.533843	0.1154227
15822	-122.7486	-387.5471	264.7985	3.388008	0.1317737
15828	-118.0534	-382.9425	264.8891	3.297397	0.1317737
15834	-109.8445	-374.7067	264.8622	3.42401	0.1514134
15840	-123.2676	-388.4254	265.1578	3.182693	0.1639056
15846	-125.789	-390.5115	264.7225	3.478553	0.1344011
15852	-120.7383	-386.5046	265.7662	2.888582	0.2872284
15858	-100.4741	-366.2076	265.7334	2.921448	0.2872821
15864	-100.243	-366.1308	265.8878	2.807471	0.3182107
15870	-106.1761	-372.297	266.1209	2.648007	0.4190877
15876	-110.7494	-376.8136	266.0642	2.667786	0.3560497
15882	-109.1469	-375.1211	265.9742	2.757715	0.3560497
15888	-109.622	-375.6258	266.0038	2.7243	0.3513763
15894	-105.0608	-371.1351	266.0743	2.659147	0.3578662
15900	-106.7578	-372.812	266.0542	2.679187	0.3578662
15906	-101.5311	-367.776	266.2448	2.534307	0.548777
15912	-99.41564	-365.8546	266.4389	2.323969	0.6087002
15918	-100.122	-366.6484	266.5264	2.23647	0.6087002
15924	-103.5979	-370.0141	266.4163	2.324762	0.6604463
15930	-115.959	-382.0751	266.1161	2.279468	1.078252
15936	-118.4408	-384.9022	266.4615	2.236222	0.7368105
15942	-128.0345	-392.9375	264.9031	3.316828	0.137934
15948	-119.6751	-384.3791	264.704	3.554299	0.1455223
15954	-119.2389	-384.2109	264.972	3.364138	0.16285
15960	-114.2721	-379.3205	265.0483	3.276887	0.1602492
15966	-111.2365	-376.4848	265.2483	3.122658	0.1715967
15972	-106.5598	-371.7854	265.2255	3.185476	0.1825819
15978	-97.30678	-362.6234	265.3166	3.185476	0.212188
15984	-107.1161	-372.4103	265.2942	3.234092	0.2222491
15990	-123.5092	-389.9737	266.4645	1.904517	1.102773
15996	-124.1125	-390.5174	266.405	1.890996	1.168068
16002	-105.1643	-371.3944	266.23	2.521759	0.3842639
16008	-108.4249	-374.3548	265.9299	2.73966	0.2975869
16014	-105.0232	-370.7163	265.6931	2.869736	0.2368964
16020	-106.3425	-372.155	265.8126	2.750249	0.2368964
16026	-114.509	-380.1944	265.6854	2.93784	0.267589
16032	-103.4698	-369.2473	265.7776	2.845712	0.267589
16038	-104.2856	-370.0729	265.7873	2.799522	0.2482027
16044	-106.9893	-373.113	266.1237	2.577648	0.3236247
16050	-120.5946	-386.3761	265.7815	2.83225	0.2622465
16056	-120.3544	-386.4682	266.1138	2.664833	0.4518838
16062	-113.7166	-379.466	265.7494	2.9088	0.289564
16068	-116.3607	-382.2253	265.8645	2.793691	0.289564
16074	-103.1454	-368.7969	265.6514	2.920906	0.2412573
16080	-106.3851	-372.0774	265.6923	2.875547	0.2391769
16086	-111.0975	-376.898	265.8004	2.768551	0.2397007
16092	-122.5235	-388.1638	265.6402	2.998823	0.2770148
16098	-130.2532	-395.6357	265.3825	3.126349	0.2147035
16104	-104.5602	-369.7075	265.1473	3.214915	0.1693349
16110	-113.5411	-379.1838	265.6427	2.983425	0.269255
16116	-115.8732	-381.7831	265.91	2.781402	0.3148224
16122	-105.5931	-371.619	266.026	2.659663	0.3100495
16128	-102.752	-368.971	266.219	2.521988	0.3678745
16134	-106.517	-372.9094	266.3924	2.389673	0.4728606
16140	-111.1398	-377.3046	266.1648	2.61327	0.4493023
16146	-127.2326	-393.2983	266.0658	2.701113	0.4140277
16152	-127.2801	-393.1926	265.9125	2.780772	0.3164312
16158	-124.8095	-390.5938	265.7843	2.917565	0.3241271
16164	-121.7393	-387.8429	266.1037	2.571289	0.3016443
16170	-114.9047	-380.7639	265.8592	2.728285	0.2485305
16176	-115.8834	-381.5649	265.6815	2.905952	0.2485305
16182	-101.129	-366.7692	265.6402	2.947315	0.2485305
16188	-109.6576	-375.2013	265.5437	3.043837	0.2485305
16194	-113.0248	-378.8513	265.8265	2.873342	0.3222433
16200	-109.3681	-375.5434	266.1754	2.563228	0.3645931
16206	-110.0481	-376.3425	266.2944	2.484222	0.451659
16212	-123.3871	-389.7568	266.3697	2.413901	0.5000181
16218	-111.6398	-378.2876	266.6478	2.043323	0.7468626
16224	-106.1628	-372.4823	266.3195	2.455758	0.4381982
16230	-106.2832	-372.4033	266.1202	2.653368	0.4324105
16236	-112.0094	-378.1042	266.0948	2.668242	0.4053793
16242	-106.0156	-372.0752	266.0596	2.623591	0.3080937
16248	-113.6389	-379.7912	266.1523	2.610403	0.4045856
16254	-111.3764	-377.5409	266.1645	2.618857	0.4900489
16260	-108.2982	-374.5334	266.2352	2.517567	0.3859678
16266	-108.7086	-374.9068	266.1982	2.554624	0.3859678
16272	-100.7542	-366.8921	266.1379	2.578837	0.3386908
16278	-98.60577	-364.6121	266.0064	2.734151	0.3672336
16284	-94.30735	-359.5173	265.21	3.074336	0.1510103
16290	-88.00052	-353.7669	265.7663	2.845439	0.2611478
16296	-94.63343	-360.587	265.9536	2.76113	0.3366525
16302	-98.42104	-364.7026	266.2815	2.501982	0.4940334
16308	-104.8762	-371.0909	266.2148	2.560188	0.4370607
16314	-98.87605	-365.3801	266.504	2.264116	0.5931912
16320	-125.6653	-391.753	266.0876	2.646015	0.3581576
16326	-127.9265	-394.2366	266.3101	2.460017	0.4223895
16332	-94.58411	-360.9169	266.3328	2.449271	0.5279377
16338	-98.6527	-365.0497	266.397	2.385131	0.5279377
16344	-120.0143	-386.121	266.1067	2.639103	0.3748694
16350	-101.415	-367.7082	266.2932	2.490381	0.4948704
16356	-99.70258	-366.0496	266.347	2.429753	0.443798
16362	-105.434	-371.6675	266.2334	2.543347	0.443798
16368	-110.5183	-376.5593	266.041	2.664676	0.3277049
16374	-111.5009	-377.4797	265.9788	2.729028	0.3297633
16380	-105.1117	-371.5461	266.4344	2.340463	0.5689518
16386	-112.4236	-379.0391	266.6155	2.130935	0.6489447
16392	-103.9406	-370.5861	266.6455	2.08473	0.6815184
16398	-100.9774	-367.6119	266.6344	1.990264	0.8371383
16404	-112.6064	-378.5208	265.9144	1.612253	1.756765
16410	-96.69168	-362.8253	266.1336	1.553638	1.643022
16416	-99.77915	-366.2995	266.5204	1.883957	1.070048
16422	-95.10373	-361.3897	266.286	1.732452	1.395932
16428	-83.94368	-350.5826	266.639	1.761425	1.073774
16434	-92.44173	-359.0216	266.5799	1.738332	1.148489
16440	-95.74666	-362.1264	266.3797	1.638186	1.396351
16446	-88.50966	-354.8369	266.3273	1.612461	1.456529
16452	-88.11579	-354.3212	266.2054	1.734366	1.456529
16458	-91.80923	-357.349	265.5398	1.612299	2.011876
16464	-93.27702	-359.7421	266.4651	1.7229	1.259859
16470	-98.97592	-365.5892	266.6133	1.883688	0.9795662
16476	-88.12917	-354.8005	266.6713	1.924559	0.8718562
16482	-93.19157	-359.8118	266.6202	1.565713	1.261613
16488	-105.4141	-371.9839	266.5698	1.879725	1.026823
16494	-114.7233	-381.0105	266.2871	2.476901	0.6055161
16500	-120.9816	-387.1207	266.1391	2.630657	0.4213601
16506	-118.7211	-384.9427	266.2216	2.546897	0.592115
16512	-126.0656	-392.0693	266.0037	1.927819	1.462753
16518	-114.9356	-381.3358	266.4002	1.837794	1.217963
16524	-118.0544	-384.3376	266.2832	2.490571	0.4331805
16530	-115.2558	-381.5168	266.261	2.490571	0.3839055
16536	-106.8986	-373.236	266.3373	2.442326	0.4569296
16542	-104.3964	-370.6073	266.2109	1.874127	1.343499
16548	-112.9241	-378.6669	265.7428	1.621411	1.86893
16554	-90.10631	-356.5828	266.4765	2.291243	0.5943558
16560	-92.60097	-359.0642	266.4633	2.316789	0.5433327
16566	-100.7651	-367.0852	266.3201	2.463472	0.4976878
16572	-112.0524	-378.5992	266.5469	1.762	1.156757
16578	-118.6623	-385.1095	266.4472	1.947136	1.079388
16584	-110.2198	-376.7618	266.542	2.200605	0.6571925
16590	-112.73	-379.2019	266.4719	2.298977	0.5841455
16596	-107.0885	-373.4759	266.3874	2.39607	0.508978
16602	-103.8328	-370.3285	266.4956	2.26515	0.6146171
16608	-101.2157	-367.7032	266.4875	2.295681	0.4860999
16614	-100.0293	-366.3969	266.3677	2.415542	0.4860999
16620	-96.28191	-362.4935	266.2116	2.570413	0.4720368
16626	-98.42506	-364.9437	266.5186	2.048948	0.9043062
16632	-99.66873	-366.2858	266.617	1.924769	0.9325475
16638	-102.6732	-369.0899	266.4167	2.35341	0.586581
16644	-119.138	-385.5665	266.4286	2.341574	0.586581
16650	-118.9649	-385.266	266.3011	2.481619	0.5206364
16656	-109.6087	-376.0175	266.4087	2.340526	0.6426877
16662	-100.5952	-366.8219	266.2268	2.201566	1.047331
16668	-110.6239	-376.7185	266.0947	1.875103	1.433579
16674	-111.813	-375.1295	263.3165	1.695829	3.33435
16680	-107.7063	-372.9594	265.2531	1.856603	2.03999
16686	-107.3979	-373.9991	266.6011	2.03806	0.8188497
16692	-106.2802	-372.2748	265.9947	1.860536	1.520199
16698	-111.0854	-377.0348	265.9494	1.859064	1.554823
16704	-107.5063	-373.651	266.1447	1.788777	1.461283
16710	-113.2637	-379.5371	266.2734	2.089965	1.107945
16716	-105.4866	-371.9265	266.4399	2.099463	0.9352175
16722	-98.82234	-365.1327	266.3104	2.22898	0.9352175
16728	-104.1109	-370.5758	266.4649	2.24837	0.7116629
16734	-110.0085	-376.5051	266.4966	2.279031	0.5659209
16740	-110.8137	-377.2127	266.3989	2.383735	0.5219321
16746	-119.3025	-385.5816	266.2791	2.503389	0.4771463
16752	-105.5748	-371.5868	266.0119	2.707912	0.3420463
16758	-104.621	-370.5586	265.9376	2.811114	0.379263
16764	-105.7563	-371.6108	265.8545	2.856386	0.3327179
16770	-114.4501	-380.9366	266.4865	2.173347	0.7915788
16776	-122.4669	-389.0514	266.5845	1.955971	0.9339807
16782	-111.9987	-378.616	266.6172	1.870897	0.9885604
16788	-112.1003	-378.13	266.0297	1.704939	1.608804
16794	-112.9043	-378.33	265.4256	1.457862	2.188167
16800	-111.0993	-372.8764	261.777	1.3757	4.403165
16806	-104.5093	-368.4065	263.8971	1.210339	3.278294
16812	-117.334	-383.7892	266.4552	2.316578	0.4270833
16818	-109.0837	-375.5388	266.4551	2.325054	0.5429591
16824	-122.9725	-385.0473	262.0747	1.398499	4.221906
16830	-111.5061	-375.7406	264.2344	1.227086	3.068154
16836	-121.0592	-384.1778	263.1186	1.215513	3.729455
16842	-128.0618	-390.311	262.2492	1.452231	4.0922
16848	-125.0156	-388.877	263.8614	1.335851	3.225256
16854	-129.917	-395.596	265.679	1.561026	1.953069
16860	-124.9912	-391.0256	266.0344	1.655276	1.641262
16866	-122.9471	-388.489	265.5419	1.531684	2.063904
16872	-111.4937	-377.385	265.8913	1.696071	1.71413
16878	-103.3205	-368.3559	265.0354	1.457579	2.43731
16884	-104.6104	-369.246	264.6357	1.487966	2.667042
16890	-106.9464	-370.0385	263.092	1.536221	3.558991
16896	-109.0304	-374.2361	265.2058	1.386332	2.374777
16902	-106.1468	-371.1094	264.9626	1.428514	2.5012
16908	-100.2771	-365.3315	265.0544	1.365019	2.483503
16914	-96.88227	-361.8865	265.0042	1.41842	2.48149
16920	-87.25876	-352.842	265.5832	1.562382	2.016188
16926	-93.66215	-358.6481	264.986	1.477187	2.456088
16932	-99.01533	-364.1774	265.1621	1.647088	2.236187
16938	-112.9261	-375.9556	263.0295	1.465341	3.636448
16944	-112.3941	-378.8463	266.4522	2.092262	0.9297019
16950	-111.4978	-377.8594	266.3616	2.421824	0.4909358
16956	-109.7598	-376.1108	266.351	2.432453	0.4909358
16962	-111.0179	-373.2367	262.2188	1.388792	4.145624
16968	-112.5796	-374.0526	261.473	1.132667	4.710425
16974	-116.6481	-382.7683	266.1202	2.656392	0.4430306
16980	-124.7546	-390.9358	266.1812	2.581277	0.4042052
16986	-130.7939	-396.9536	266.1597	2.595314	0.389714
16992	-126.2683	-392.389	266.1207	2.659654	0.4609908
16998	-111.8283	-378.0686	266.2404	2.4926	0.3573038
17004	-106.4292	-372.2928	265.8636	2.839335	0.32509
17010	-100.3559	-366.4744	266.1184	2.584481	0.32509
17016	-97.59652	-363.5525	265.956	2.735408	0.3148495
17022	-91.08473	-356.947	265.8623	2.763351	0.268968
17028	-100.5511	-366.4639	265.9128	2.712838	0.268968
17034	-99.6362	-365.7528	266.1166	2.643856	0.400002
17040	-95.91941	-362.2697	266.3503	2.424333	0.4358971
17046	-95.62003	-361.9586	266.3386	2.444922	0.4945803
17052	-98.70906	-365.1279	266.4189	2.364279	0.4850387
17058	-97.66959	-364.0901	266.4205	2.353673	0.43454
17064	-104.8687	-371.1738	266.3051	2.09014	1.078576
17070	-116.4383	-382.6844	266.2461	2.062147	1.157325
17076	-108.7408	-375.3793	266.6385	1.995951	0.8249328
17082	-98.38228	-364.6541	266.2719	2.485868	0.394719
17088	-114.2837	-380.6064	266.3227	2.456296	0.4535638
17094	-108.1814	-374.3172	266.1358	2.562322	0.3207477
17100	-128.5565	-394.8701	266.3135	2.090852	1.070008
17106	-125.7652	-391.9544	266.1892	2.176453	1.105853
17112	-113.208	-379.6799	266.4719	1.964788	1.03929
17118	-110.0373	-376.4513	266.414	2.043479	1.019042
17124	-123.9163	-390.3711	266.4547	1.789595	1.212602
17130	-107.6857	-374.1457	266.46	2.102005	0.9105017
17136	-100.0695	-366.4497	266.3802	2.211165	0.8771153
17142	-103.0209	-368.8947	265.8737	1.665406	1.748062
17148	-106.7064	-372.9524	266.246	1.717445	1.438427
17154	-113.3816	-379.474	266.0924	1.64065	1.609923
17160	-117.7483	-383.5714	265.823	1.601157	1.827838
17166	-117.4933	-384.1606	266.6672	1.564221	1.223519
17172	-125.4446	-391.8021	266.3575	1.400327	1.591923
17178	-120.2692	-385.5807	265.3115	1.363481	2.322149
17184	-125.7581	-389.6757	263.9177	1.143515	3.305577
17190	-114.5802	-378.7753	264.195	1.058096	3.192147
17196	-112.972	-376.99	264.018	1.251506	3.182442
17202	-123.4319	-389.8503	266.4184	1.922902	1.1279
17208	-121.5087	-387.6402	266.1315	2.068754	1.249725
17214	-111.1785	-376.6404	265.4619	1.330997	2.246646
17220	-117.9017	-383.3985	265.4968	1.296095	2.246646
17226	-109.9714	-375.9527	265.9813	1.375434	1.874084
17232	-102.5445	-368.7147	266.1703	1.549156	1.619816
17238	-105.4684	-371.6517	266.1833	1.718511	1.485273
17244	-106.3877	-372.8678	266.4801	1.597385	1.349456
17250	-108.899	-375.34	266.441	1.734039	1.270589
17256	-110.5814	-376.8503	266.2689	1.442528	1.625582
17262	-106.7855	-372.8418	266.0563	1.490781	1.742472
17268	-104.4261	-371.09	266.6639	1.849527	0.9626305
17274	-100.4202	-366.5119	266.0917	1.686413	1.577146
17280	-93.81604	-359.7243	265.9082	1.610097	1.762593
17286	-96.94407	-363.1472	266.2031	1.71956	1.469507
17292	-110.8787	-377.1263	266.2476	1.455697	1.631464
17298	-110.016	-376.1404	266.1244	1.654727	1.576379
17304	-112.8764	-377.0061	264.1297	1.654922	2.873878
17310	-113.4387	-380.187	266.7483	1.943443	0.7459242
17316	-106.8183	-373.4738	266.6555	1.790895	1.029864
17322	-95.73195	-362.4562	266.7243	1.79929	0.9519988
17328	-99.96317	-366.2934	266.3303	1.6049	1.460014
17334	-108.1531	-374.6663	266.5132	1.590432	1.328601
17340	-105.151	-371.9783	266.8273	1.618353	1.030661
17346	-111.2663	-377.8563	266.59	1.778485	1.103268
17352	-114.542	-381.2052	266.6633	1.705224	1.103268
17358	-109.2694	-375.7347	266.4653	1.733488	1.250881
17364	-110.697	-377.1391	266.4421	1.772895	1.237376
17370	-108.0142	-374.7207	266.7065	1.776557	0.99364
17376	-102.3792	-368.9176	266.5383	2.100509	0.8192823
17382	-101.1357	-367.6722	266.5366	2.164451	0.7316157
17388	-105.5292	-372.0991	266.5698	1.945349	0.9607687
17394	-117.2649	-383.4806	266.2157	1.688625	1.483355
17400	-108.8654	-375.5934	266.728	1.754611	0.9941352
17406	-108.1593	-374.6942	266.5349	1.689428	1.229524
17412	-104.9938	-371.3329	266.339	1.471149	1.553551
17418	-103.9892	-370.3038	266.3146	1.707036	1.393457
17424	-106.3162	-372.7288	266.4126	1.8071	1.233408
17430	-105.9582	-372.5242	266.566	1.814532	1.092218
17436	-106.1757	-372.6316	266.4559	1.924589	1.092218
17442	-111.4852	-378.0973	266.6121	1.738991	1.119073
17448	-109.0835	-375.8829	266.7994	1.812507	0.8527613
17454	-105.5268	-372.0165	266.4897	1.786719	1.185091
17460	-111.3614	-377.8332	266.4718	2.231514	0.7279733
17466	-112.5654	-378.9724	266.407	2.04096	1.028356
17472	-119.2167	-385.6631	266.4464	2.017514	1.012785
17478	-106.8515	-373.1746	266.3232	2.140692	1.012785
17484	-107.5507	-373.9271	266.3764	1.73522	1.322212
17490	-107.8891	-374.5398	266.6507	2.032687	0.7584387
17496	-111.0303	-377.4396	266.4093	1.976814	1.087065
17502	-102.5507	-369.1472	266.5965	2.091902	0.7509644
17508	-100.2591	-366.9001	266.641	1.976176	0.846434
17514	-102.3684	-368.8701	266.5017	2.226936	0.6846555
17520	-106.5439	-373.0321	266.4883	1.957236	1.030771
17526	-115.9247	-382.1427	266.218	2.003823	1.231626
17532	-118.3324	-384.8635	266.5311	2.092832	0.838091
17538	-109.657	-376.3092	266.6522	2.123054	0.5675361
17544	-102.8951	-369.3734	266.4783	2.279117	0.6233803
17550	-107.8413	-374.1699	266.3286	2.259352	0.8811542
17556	-104.0121	-370.4309	266.4188	1.88607	1.160235
17562	-107.6854	-372.8778	265.1924	1.540717	2.285013
17568	-105.1305	-370.3689	265.2384	1.435839	2.322605
17574	-86.85077	-352.4489	265.5981	1.710665	1.906642
17580	-82.50805	-348.257	265.7489	1.68361	1.822092
17586	-80.78337	-347.2475	266.4641	1.610529	1.351723
17592	-87.47258	-353.3092	265.8367	1.60444	1.816189
17598	-90.80701	-356.9944	266.1874	1.574995	1.588585
17604	-94.93636	-360.8388	265.9025	1.524994	1.825584
17610	-94.48697	-360.3793	265.8923	1.42241	1.902612
17616	-84.90551	-351.1375	266.232	1.633403	1.512548
17622	-86.86882	-352.9293	266.0605	1.780178	1.530984
17628	-79.76943	-346.2687	266.4993	1.670948	1.274569
17634	-94.4595	-360.4966	266.0371	1.475088	1.766887
17640	-101.8632	-367.7728	265.9095	1.607253	1.76369
17646	-107.287	-373.7427	266.4558	1.64508	1.330853
17652	-110.3426	-376.7727	266.4301	1.641511	1.354146
17658	-107.1463	-373.8405	266.6943	2.012762	0.7220017
17664	-109.0764	-375.4057	266.3292	1.947877	1.184464
17670	-104.2813	-370.7861	266.5048	2.136555	0.8160351
17676	-99.3145	-365.9373	266.6228	2.069394	0.7452075
17682	-105.9842	-372.5304	266.5462	2.116602	0.7875309
17688	-102.6409	-369.2291	266.5881	2.05875	0.8088782
17694	-110.1605	-376.7157	266.5552	2.036546	0.8766747
17700	-100.557	-367.1002	266.5432	2.171749	0.7088381
17706	-106.966	-373.3388	266.3728	2.103502	1.000428
17712	-102.244	-368.5243	266.2803	2.150971	1.044524
17718	-109.4653	-375.9442	266.4788	2.055504	0.9405668
17724	-123.3474	-389.4002	266.0528	2.683446	0.36146
17730	-105.085	-371.7078	266.6228	1.786754	1.065154
17736	-104.7634	-371.1377	266.3743	1.621691	1.413328
17742	-97.43431	-363.9557	266.5214	1.660575	1.264884
17748	-90.81821	-357.3695	266.5513	1.841958	1.080425
17754	-106.4526	-372.8054	266.3527	1.93907	1.171687
17760	-101.143	-367.729	266.586	1.665058	1.206827
17766	-113.5473	-380.3074	266.7602	1.720154	0.9964155
17772	-114.2891	-380.4267	266.1376	2.644168	0.4703023
17778	-100.3351	-366.6879	266.3528	2.425827	0.4519729
17784	-106.9589	-373.7037	266.7448	1.687504	1.04351
17790	-102.0578	-368.5421	266.4843	1.947552	1.043943
17796	-110.1669	-376.8782	266.7113	1.89211	0.8629444
17802	-104.2386	-370.6561	266.4175	1.933434	1.119231
17808	-94.73802	-361.129	266.391	1.879584	1.190071
17814	-102.4038	-368.6349	266.2311	1.579255	1.553438
17820	-115.4602	-381.9112	266.451	1.745559	1.252754
17826	-119.8463	-385.8765	266.0302	1.658868	1.641724
17832	-108.4425	-374.1911	265.7486	2.897534	0.2815186
17838	-114.51	-380.1542	265.6442	2.929913	0.242077
17844	-103.1554	-368.6848	265.5294	2.998718	0.2221807
17850	-104.5772	-370.9079	266.3307	2.024667	1.115193
17856	-97.06881	-363.6929	266.6241	2.066931	0.7470264
17862	-99.84828	-366.4452	266.5969	2.011132	0.8575012
17868	-108.2034	-374.6144	266.411	1.858779	1.190785
17874	-121.45	-387.6819	266.2319	2.037914	1.190785
17880	-114.5388	-380.3242	265.7855	2.80194	0.2484916
17886	-117.0338	-382.413	265.3792	3.109109	0.2072178
17892	-120.2371	-386.6442	266.4072	2.164138	0.9001023
17898	-122.1634	-388.7754	266.6119	2.130056	0.6584179
17904	-100.1709	-366.1138	265.9429	2.708444	0.284919
17910	-98.1837	-364.1402	265.9565	2.705271	0.2920539
17916	-104.2433	-370.3495	266.1062	2.577334	0.308376
17922	-107.0831	-373.4391	266.3561	2.376827	0.3572321
17928	-102.5187	-368.9523	266.4336	2.266351	0.7332459
17934	-113.8156	-380.3936	266.578	1.744133	1.145014
17940	-105.1486	-370.5354	265.3869	1.524812	2.169848
17946	-116.3942	-381.0583	264.664	1.530532	2.62331
17952	-106.9086	-373.3629	266.4542	1.990105	1.031914
17958	-118.9277	-384.7288	265.8011	1.755787	1.735579
17964	-101.2055	-367.2187	266.0131	1.662981	1.650999
17970	-101.7777	-367.0068	265.2291	1.67687	2.173549
17976	-103.6284	-367.1414	263.513	1.338027	3.428975
17982	-107.981	-373.1957	265.2147	1.441097	2.334344
17988	-115.2035	-380.8202	265.6167	1.648855	1.93589
17994	-131.0741	-397.1088	266.0346	1.694381	1.612872
18000	-115.0981	-381.4529	266.3548	1.828984	1.263352
18006	-121.9858	-388.6385	266.6528	1.774754	1.048109
18012	-136.3367	-402.7462	266.4094	2.290222	0.7337334
18018	-122.1797	-388.619	266.4392	1.973097	1.062531
18024	-105.7782	-372.4249	266.6466	1.898181	0.9293076
18030	-104.2288	-370.8024	266.5736	1.970567	0.9299896
18036	-105.4372	-371.7541	266.3169	1.816592	1.304541
18042	-112.9769	-379.2853	266.3084	1.75307	1.362174
18048	-107.9249	-374.3328	266.4078	1.838702	1.210708
18054	-111.6412	-377.9205	266.2794	2.097702	1.095382
18060	-110.8237	-377.2817	266.4579	2.282227	0.6621921
18066	-118.0568	-384.537	266.4802	2.259965	0.6621921
18072	-110.2799	-376.4679	266.188	1.931675	1.315757
18078	-108.5527	-374.8534	266.3007	1.858926	1.283241
18084	-108.0791	-374.7446	266.6655	2.001623	0.7815837
18090	-97.08906	-363.7734	266.6843	2.071051	0.6283908
18096	-99.30472	-365.7568	266.4521	2.304502	0.625325
18102	-106.0267	-372.7296	266.7029	1.78191	0.9919203
18108	-110.098	-376.6549	266.557	1.912962	1.006781
18114	-116.5561	-382.8955	266.3393	2.256159	0.8723469
18120	-106.2097	-372.5677	266.3579	1.963552	1.145579
18126	-104.807	-371.4017	266.5947	1.700602	1.168641
18132	-105.6488	-371.9268	266.278	2.13077	1.065926
18138	-102.2808	-368.5948	266.314	2.297114	0.8537931
18144	-99.69276	-366.1937	266.501	2.203906	0.7254675
18150	-109.2813	-374.6743	265.3931	1.41492	2.236924
18156	-111.1936	-375.6583	264.4647	1.562029	2.726514
18162	-111.2268	-377.0941	265.8673	1.308528	1.996025
18168	-116.4332	-381.5949	265.1616	1.419443	2.381743
18174	-98.44063	-365.0016	266.5609	2.03903	0.8670973
18180	-105.7464	-372.4553	266.7088	1.768266	0.9996296
18186	-105.0428	-371.0914	266.0487	1.783187	1.537534
18192	-108.8691	-375.5074	266.6383	1.976091	0.8498339
18198	-106.3504	-372.9811	266.6308	1.983603	0.8498339
18204	-103.3747	-369.928	266.5533	2.182559	0.6708333
18210	-107.9716	-374.4312	266.4596	2.261004	0.6991508
18216	-109.5079	-376.1859	266.678	2.090904	0.5906372
18222	-98.51953	-365.1196	266.6	2.125926	0.6894687
18228	-99.22079	-365.808	266.5872	2.000968	0.880841
18234	-99.09239	-365.7151	266.6227	1.922319	0.9290831
18240	-116.7876	-382.5208	265.7332	1.901976	1.680258
18246	-107.27	-372.6435	265.3735	1.990673	1.868963
18252	-113.9477	-378.8896	264.9419	2.051557	2.116516
18258	-112.4154	-377.1799	264.7645	2.030127	2.245555
18264	-110.1139	-376.5718	266.4578	1.78817	1.211171
18270	-107.7218	-374.1697	266.4479	1.798049	1.211171
18276	-103.8531	-370.5602	266.7071	1.873961	0.8889831
18282	-96.19009	-362.9001	266.71	2.032989	0.6562411
18288	-106.0278	-372.2594	266.2317	2.12876	1.110616
18294	-113.6405	-380.2029	266.5624	2.063624	0.8355495
18300	-118.5404	-384.6788	266.1384	2.628267	0.4134447
18306	-113.6722	-379.8347	266.1625	2.60906	0.4265031
18312	-103.7252	-369.8271	266.1019	2.645251	0.3769218
18318	-106.1444	-372.2687	266.1242	2.60718	0.3553821
18324	-115.4275	-381.9749	266.5474	2.150698	0.7361293
18330	-107.6646	-373.8202	266.1556	2.310164	1.010873
18336	-97.317	-363.4912	266.1742	2.125875	1.164464
18342	-115.2481	-381.3023	266.0542	2.650755	0.3269894
18348	-116.2631	-382.4801	266.2171	2.523389	0.3671513
18354	-102.7346	-368.3157	265.5811	2.040236	1.690108
18360	-119.6537	-385.822	266.1683	2.559912	0.3514811
18366	-119.3238	-385.4674	266.1436	2.584578	0.3514811
18372	-105.6181	-371.6359	266.0178	2.716561	0.3590946
18378	-116.0145	-382.0587	266.0442	2.716561	0.4006253
18384	-110.8683	-377.2802	266.4119	1.970879	1.090166
18390	-101.9026	-368.4425	266.5399	2.110815	0.8038692
18396	-92.81152	-359.0962	266.2846	2.230462	0.9608513
18402	-92.27552	-357.8123	265.5368	2.020763	1.735162
18408	-106.3107	-371.552	265.2413	1.822877	2.070067
18414	-106.8437	-372.4556	265.6119	2.060846	1.653417
18420	-103.0217	-368.8894	265.8678	2.057805	1.467307
18426	-101.7563	-367.8994	266.1431	2.326962	1.006708
18432	-105.7109	-372.0596	266.3487	2.092893	1.034552
18438	-117.864	-383.4091	265.5451	2.024578	1.726587
18444	-119.4034	-384.163	264.7596	1.753277	2.424841
18450	-101.0815	-366.4406	265.359	1.760772	2.033298
18456	-93.75366	-359.1409	265.3872	1.961037	1.879819
18462	-101.9347	-368.0487	266.114	2.093959	1.243269
18468	-94.22603	-360.1558	265.9297	1.99487	1.46803
18474	-106.0004	-371.6783	265.6779	1.940679	1.692077
18480	-101.6979	-366.6236	264.9257	1.960826	2.186204
18486	-100.2537	-366.1283	265.8746	1.774039	1.670681
18492	-95.87425	-361.5474	265.6731	2.236605	1.479306
18498	-108.1288	-373.644	265.5152	2.337279	1.522252
18504	-98.05882	-363.4457	265.3869	1.913336	1.912435
18510	-95.56773	-360.476	264.9083	1.832304	2.280199
18516	-99.44081	-364.0644	264.6236	1.506672	2.662938
18522	-93.76356	-358.4603	264.6968	1.920374	2.358902
18528	-98.39902	-363.27	264.8709	1.976959	2.211185
18534	-103.2891	-368.5594	265.2702	1.884112	2.01035
18540	-109.4329	-375.0089	265.576	1.827619	1.841959
18546	-97.67112	-363.749	266.0779	1.84678	1.467963
18552	-90.62773	-356.3424	265.7147	1.688139	1.842543
18558	-98.26845	-364.5631	266.2946	2.043889	1.130398
18564	-110.4731	-376.8052	266.332	1.937935	1.19062
18570	-100.8513	-367.4306	266.5793	2.11729	0.7385916
18576	-105.3856	-371.3452	265.9596	2.732058	0.315121
18582	-109.2637	-375.4045	266.1408	2.595172	0.3611631
18588	-122.8793	-389.4191	266.5399	2.236335	0.5632305
18594	-114.1968	-380.6201	266.4232	2.104753	0.9473064
18600	-121.4617	-386.7754	265.3137	1.555215	2.197588
18606	-129.4684	-395.1004	265.6321	1.443601	2.062505
18612	-123.4725	-388.9464	265.474	1.501191	2.128514
18618	-122.8181	-386.5477	263.7296	1.416534	3.255458
18624	-112.5856	-377.9283	265.3427	1.353853	2.308373
18630	-102.7104	-367.8766	265.1661	1.423514	2.376316
18636	-94.86061	-359.3273	264.4667	1.509279	2.757558
18642	-93.79472	-359.5606	265.7659	1.478229	1.950318
18648	-109.1347	-375.4057	266.271	1.746572	1.396577
18654	-109.3534	-375.1427	265.7892	1.584046	1.862758
18660	-108.9661	-374.9963	266.0302	1.619646	1.669796
18666	-104.0147	-369.959	265.9442	1.44917	1.848985
18672	-107.0699	-371.4364	264.3666	1.427154	2.86838
18678	-108.785	-373.8588	265.0739	1.579199	2.33608
18684	-113.1896	-379.6804	266.4908	1.799503	1.173006
18690	-102	-367.6191	265.6191	1.412746	2.091335
18696	-95.52861	-358.7354	263.2068	1.330295	3.611966
18702	-86.70483	-350.8532	264.1484	1.687235	2.842987
18708	-100.2278	-365.7507	265.5229	1.479208	2.110866
18714	-99.25941	-365.0988	265.8394	1.927543	1.585296
18720	-100.9921	-367.5327	266.5405	2.098699	0.8188047
18726	-103.3232	-369.867	266.5439	2.098699	0.8144776
18732	-103.9858	-370.3061	266.3203	2.442024	0.6103467
18738	-105.3901	-371.7823	266.3922	2.283217	0.7698802
18744	-104.9313	-371.2586	266.3273	2.45368	0.5370067
18750	-109.7293	-376.2181	266.4888	2.25294	0.6589409
18756	-102.3224	-368.7531	266.4307	2.229403	0.7913112
18762	-99.85647	-366.3026	266.4461	2.242483	0.7507092
18768	-106.2613	-372.8395	266.5782	2.201384	0.546363
18774	-101.9911	-368.2615	266.2703	2.50065	0.5837044
18780	-98.42648	-364.7122	266.2857	2.491317	0.4448406
18786	-97.48321	-363.731	266.2478	2.535748	0.4961472
18792	-91.87766	-358.1951	266.3175	2.464496	0.5292875
18798	-98.80728	-365.3286	266.5213	2.252385	0.573807
18804	-98.23522	-364.7135	266.4783	2.29626	0.5702008
18810	-98.00592	-364.727	266.7211	2.039711	0.6145248
18816	-96.95817	-363.4425	266.4844	2.22203	0.7229992
18822	-104.1787	-370.7114	266.5327	2.148913	0.7609726
18828	-112.0657	-378.3115	266.2458	2.35889	0.8614463
18834	-108.0631	-374.4443	266.3812	2.395942	0.4454982
18840	-102.9369	-368.9651	266.0282	2.707161	0.3604086
18846	-113.5876	-379.6956	266.108	2.653446	0.4019744
18852	-134.8481	-401.3338	266.4857	2.201649	0.7525545
18858	-130.128	-396.7394	266.6114	2.139886	0.638028
18864	-121.5282	-387.7401	266.2119	2.531255	0.3709558
18870	-120.5571	-386.8746	266.3175	2.464045	0.5326702
18876	-117.6843	-384.2229	266.5386	1.828326	1.104647
18882	-116.3132	-382.6596	266.3464	1.779643	1.310614
18888	-119.9767	-386.5035	266.5268	1.599258	1.310614
18894	-119.1402	-385.5192	266.379	2.298059	0.7675902
18900	-124.3127	-390.4192	266.1066	1.705209	1.552386
18906	-110.4312	-376.484	266.0528	1.629926	1.646272
18912	-116.0171	-382.5007	266.4836	2.149932	0.8260536
18918	-117.647	-384.1072	266.4602	2.1733	0.8260536
18924	-110.3542	-375.3858	265.0316	1.449207	2.444989
18930	-112.7187	-379.2662	266.5475	1.812801	1.11075
18936	-119.3125	-385.3885	266.0761	1.879987	1.444088
18942	-119.6815	-385.9057	266.2243	1.841226	1.358997
18948	-109.4483	-375.8953	266.447	1.953439	1.073716
18954	-103.5739	-369.9174	266.3435	2.056938	1.073716
18960	-105.8087	-372.276	266.4673	2.056938	0.9513285
18966	-106.4663	-372.9003	266.434	2.144236	0.8922568
18972	-104.7621	-371.2522	266.4901	2.125916	0.8478269
18978	-125.6681	-392.2336	266.5655	2.094342	0.7916105
18984	-115.6077	-382.0548	266.4471	1.986623	1.0422
18990	-119.5755	-385.1127	265.5372	1.739064	1.928629
18996	-132.4366	-397.6341	265.1975	1.747178	2.148376
19002	-121.6493	-388.1137	266.4644	1.967113	1.044315
19008	-109.0834	-375.4198	266.3365	2.032814	1.102542
19014	-118.9095	-385.2652	266.3557	1.858052	1.238394
19020	-126.53	-392.7411	266.2112	2.063647	1.186444
19026	-125.9378	-392.242	266.3042	1.909004	1.238848
19032	-120.6571	-386.7926	266.1356	1.788457	1.468456
19038	-126.6253	-392.5475	265.9222	1.927017	1.524627
19044	-108.2259	-374.648	266.4221	1.850877	1.188049
19050	-100.7169	-366.9238	266.2069	2.295752	0.9737733
19056	-105.2525	-371.5403	266.2878	2.466941	0.6298812
19062	-101.4115	-367.386	265.9745	2.71458	0.3129091
19068	-115.9574	-382.193	266.2356	2.527694	0.4058548
19074	-111.7142	-377.9011	266.187	2.596112	0.4840158
19080	-109.3691	-375.5191	266.15	2.633241	0.4860848
19086	-108.1073	-374.2541	266.1468	2.636422	0.4860848
19092	-104.7048	-370.7886	266.0839	2.664864	0.3793228
19098	-104.6128	-370.7208	266.1079	2.67547	0.4899768
19104	-100.7351	-367.1678	266.4327	2.348034	0.4633528
19110	-94.95945	-361.2672	266.3077	2.475196	0.5186276
19116	-93.22922	-359.0915	265.8622	2.805936	0.2966015
19122	-95.32378	-360.5942	265.2705	3.156304	0.1872014
19128	-105.2593	-370.4987	265.2394	3.157733	0.1786435
19134	-116.3105	-381.3331	265.0226	3.356478	0.1737303
19140	-115.085	-380.2757	265.1906	3.216217	0.1813885
19146	-114.035	-378.7479	264.7129	3.504879	0.1375222
19152	-121.8586	-386.9243	265.0657	3.152	0.1375222
19158	-120.2421	-385.0704	264.8283	3.389451	0.1375222
19164	-113.1829	-378.5743	265.3913	3.102162	0.2090676
19170	-134.3774	-400.6167	266.2393	2.103222	1.126772
19176	-138.005	-404.2095	266.2045	1.934149	1.300388
19182	-129.9242	-395.2676	265.3435	1.682123	2.095467
19188	-121.6797	-385.8962	264.2165	1.337624	3.012734
19194	-117.9604	-382.8481	264.8877	1.141046	2.725306
19200	-115.7866	-379.0955	263.3089	1.056832	3.711208
19206	-123.1328	-386.0643	262.9315	1.1619	3.868023
19212	-126.6114	-391.5125	264.9011	1.331282	2.599928
19218	-118.0765	-383.3776	265.3011	1.27897	2.382409
19224	-119.5558	-384.2743	264.7184	1.198255	2.793714
19230	-122.929	-387.1077	264.1787	1.082248	3.187496
19236	-114.8603	-377.9306	263.0703	1.09026	3.829481
19242	-120.6416	-381.3271	260.6855	0.714451	5.379699
19248	-115.5289	-378.5272	262.9983	0.76752	4.055487
19254	-108.0741	-370.7537	262.6797	1.171712	4.006668
19260	-112.0627	-376.9054	264.8427	1.016137	2.828911
19266	-113.0228	-375.6474	262.6246	0.8516095	4.220212
19272	-104.6246	-367.2565	262.6319	0.9318015	4.170569
19278	-105.7383	-370.2223	264.484	1.170314	2.952539
19284	-105.3689	-368.1014	262.7326	1.098779	4.018096
19290	-105.08	-367.7086	262.6286	1.275313	3.976607
19296	-110.1079	-376.4032	266.2952	1.548897	1.528438
19302	-105.7488	-372.431	266.6822	1.91285	0.8728588
19308	-110.5085	-377.0807	266.5722	1.746901	1.147705
19314	-107.1833	-373.777	266.5936	1.926857	0.9552107
19320	-99.59077	-366.1573	266.5665	1.640411	1.244098
19326	-104.6269	-370.1623	265.5354	1.795194	1.891845
19332	-106.3474	-372.8061	266.4587	1.769025	1.22669
19338	-102.0332	-368.5144	266.4812	1.690609	1.273221
19344	-103.1002	-369.2822	266.182	1.921437	1.328826
19350	-106.5656	-373.1767	266.6111	2.078121	0.749764
19356	-115.2039	-381.8262	266.6223	2.066939	0.749764
19362	-117.5164	-383.8488	266.3324	2.356819	0.749764
19368	-116.0902	-382.4058	266.3156	2.405584	0.698033
19374	-109.8328	-376.252	266.4193	2.191847	0.8537663
19380	-111.0341	-377.3299	266.2958	2.091427	1.086057
19386	-113.0178	-379.4211	266.4033	1.899423	1.162138
19392	-126.2375	-392.8794	266.6419	2.065488	0.7213157
19398	-128.1444	-394.6917	266.5472	2.072027	0.8438596
19404	-110.943	-377.4224	266.4793	2.084013	0.9089765
19410	-122.8055	-389.458	266.6525	1.919922	0.8988799
19416	-114.1447	-380.6843	266.5396	1.671588	1.240518
19422	-107.4668	-374.0441	266.5773	1.711701	1.174164
19428	-114.6593	-380.9798	266.3205	1.780963	1.330351
19434	-109.4489	-376.163	266.7141	1.667738	1.091031
19440	-117.4593	-383.9538	266.4945	1.785601	1.181885
19446	-108.3238	-374.3256	266.0018	1.752334	1.594656
19452	-113.2764	-379.7918	266.5154	2.241705	0.6241334
19458	-117.0073	-383.3077	266.3004	2.427069	0.6866684
19464	-109.5149	-376.0991	266.5843	2.172976	0.6237774
19470	-111.4474	-377.574	266.1266	2.208423	1.133516
19476	-104.7072	-371.2913	266.5841	2.078381	0.7880451
19482	-120.3642	-386.8739	266.5097	2.236211	0.650041
19488	-112.7667	-379.3318	266.5652	2.155514	0.6989329
19494	-116.9982	-383.2817	266.2835	2.116843	1.073777
19500	-108.1944	-374.402	266.2076	2.121946	1.138447
19506	-91.0158	-357.6787	266.6629	2.061673	0.6919458
19512	-92.76429	-359.3083	266.544	2.180623	0.6919458
19518	-97.1988	-363.6784	266.4796	2.244956	0.6919458
19524	-86.78682	-353.4443	266.6575	2.058255	0.7074153
19530	-107.2543	-374.0637	266.8094	1.866595	0.7690978
19536	-107.4612	-373.9365	266.4753	2.121308	0.870992
19542	-108.3144	-374.6163	266.3019	2.478362	0.5416584
19548	-97.50461	-364.0808	266.5762	2.079324	0.7973877
19554	-103.9457	-370.5645	266.6188	1.977418	0.8714821
19560	-102.6674	-369.2834	266.6161	1.895602	0.9644192
19566	-105.9455	-372.5282	266.5827	1.98637	0.902583
19572	-105.5601	-372.1245	266.5645	1.880625	1.031191
19578	-113.8565	-380.288	266.4314	1.95661	1.085256
19584	-106.1176	-372.7299	266.6123	1.979968	0.8760506
19590	-107.0623	-373.6881	266.6258	1.68369	1.156195
19596	-94.75553	-361.3283	266.5728	1.896507	1.00744
19602	-96.39162	-362.935	266.5434	1.963269	0.9696392
19608	-92.28383	-358.8054	266.5216	1.967761	0.9872796
19614	-92.0778	-358.8906	266.8128	1.676581	0.9872796
19620	-85.44566	-351.975	266.5293	1.665626	1.254111
19626	-83.4291	-349.0946	265.6655	1.319803	2.121877
19632	-88.55622	-354.0082	265.452	1.546175	2.113448
19638	-91.1241	-357.3702	266.2461	1.549442	1.564355
19644	-89.90997	-355.8994	265.9895	1.631155	1.690602
19650	-103.8723	-370.2461	266.3738	1.606751	1.425246
19656	-95.80958	-361.9698	266.1602	1.644627	1.557484
19662	-125.5078	-392.105	266.5972	1.657883	1.203439
19668	-119.4144	-385.5618	266.1474	1.76765	1.475278
19674	-104.9357	-371.1332	266.1975	1.744239	1.454987
19680	-103.8383	-369.8502	266.0118	1.600518	1.696478
19686	-107.4445	-373.6014	266.157	1.722532	1.50203
19692	-96.11341	-361.7592	265.6458	1.569868	1.969435
19698	-99.93067	-364.6312	264.7005	1.190648	2.809247
19704	-106.6011	-368.0216	261.4205	1.106448	4.754432
19710	-100.1679	-364.5285	264.3606	1.134719	3.04797
19716	-106.2297	-370.9714	264.7417	1.502538	2.592603
19722	-112.2239	-378.554	266.33	1.857367	1.260393
19728	-112.6435	-378.9849	266.3414	1.768183	1.323871
19734	-113.3043	-379.8128	266.5084	2.194122	0.7291528
19740	-113.8254	-380.0948	266.2694	2.469742	0.6642793
19746	-110.6828	-377.0238	266.3409	2.442351	0.5124643
19752	-125.6863	-391.7333	266.047	2.732304	0.455049
19758	-116.8344	-383.1916	266.3572	2.42591	0.5157708
19764	-120.775	-386.931	266.156	2.618902	0.4367621
19770	-117.1645	-383.36	266.1955	2.563486	0.3971046
19776	-117.165	-383.3287	266.1637	2.574626	0.364301
19782	-116.6866	-382.5842	265.8976	2.794361	0.3153342
19788	-114.2641	-379.5597	265.2956	3.179329	0.2025731
19794	-116.8481	-382.2111	265.363	3.152753	0.2173277
19800	-115.003	-380.7054	265.7024	2.836261	0.2264817
19806	-106.5643	-372.1845	265.6202	2.925256	0.2293143
19812	-97.40827	-363.1205	265.7122	2.867971	0.2449644
19818	-97.43591	-363.1495	265.7136	2.960559	0.3010514
19824	-102.1658	-367.9265	265.7607	2.902861	0.2932784
19830	-104.4165	-370.527	266.1105	2.634674	0.3738246
19836	-99.90706	-366.2338	266.3267	2.437719	0.4084196
19842	-96.02329	-362.4174	266.3941	2.345146	0.6640392
19848	-104.0059	-370.3556	266.3497	2.428441	0.5542492
19854	-108.9396	-375.2836	266.3439	2.438933	0.4812406
19860	-108.5823	-374.9703	266.388	2.390882	0.4530556
19866	-106.303	-372.4732	266.1702	2.601763	0.4275885
19872	-104.9532	-371.3891	266.4359	2.34773	0.5015854
19878	-102.9616	-369.325	266.3634	2.397019	0.6155185
19884	-121.7119	-388.2554	266.5435	2.226499	0.5871686
19890	-114.362	-380.7077	266.3457	2.435496	0.5356466
19896	-120.1711	-386.5781	266.407	2.362457	0.588841
19902	-110.6446	-376.3935	265.7489	2.879845	0.2707716
19908	-125.0629	-390.2342	265.1713	3.260765	0.1888034
19914	-113.5277	-379.6291	266.1014	2.664719	0.4122405
19920	-117.462	-383.7058	266.2437	2.479635	0.3459462
19926	-109.0368	-375.487	266.4502	2.332564	0.4794565
19932	-108.4404	-374.4519	266.0115	2.653586	0.2943464
19938	-112.4673	-378.1207	265.6534	2.861669	0.2170753
19944	-125.5477	-391.8382	266.2905	2.46046	0.3828258
19950	-115.4997	-381.6295	266.1297	2.635744	0.4107608
19956	-115.2106	-381.9073	266.6967	2.08493	0.4692525
19962	-109.6398	-376.2565	266.6167	2.166773	0.5070054
19968	-108.7128	-375.0658	266.353	1.875829	1.225729
19974	-139.9188	-404.9648	265.0461	1.44029	2.441506
19980	-134.6948	-399.7392	265.0444	1.441939	2.441506
19986	-118.8183	-384.7384	265.9202	1.441328	1.870818
19992	-109.0401	-374.9919	265.9518	1.529622	1.788291
19998	-91.90518	-358.1036	266.1984	1.354528	1.738406
20004	-105.6958	-371.802	266.1062	1.793084	1.487143
20010	-119.5338	-384.7558	265.222	1.428953	2.337425
20016	-123.3004	-387.1793	263.8789	1.143609	3.328337
20022	-123.967	-389.5253	265.5583	1.558213	2.035491
20028	-121.1169	-386.5319	265.415	1.718532	2.024202
20034	-107.6683	-372.9403	265.272	1.521675	2.246166
20040	-111.8278	-376.6772	264.8495	1.638152	2.440704
20046	-119.801	-385.2753	265.4743	1.800125	1.929877
20052	-113.2798	-379.2856	266.0058	1.771364	1.577824
20058	-114.4928	-380.6133	266.1205	1.907416	1.388538
20064	-118.364	-384.9989	266.6349	1.757704	1.080991
20070	-110.8005	-377.0945	266.294	2.122466	1.058609
20076	-115.6384	-382.1162	266.4778	1.944373	1.053218
20082	-119.4954	-386.2098	266.7143	1.896726	0.8538387
20088	-122.0786	-388.0656	265.9869	1.96016	1.45092
20094	-129.02	-393.0807	264.0607	1.837691	2.804877
20100	-120.7794	-386.9373	266.1579	1.724294	1.500009
20106	-126.6838	-393.1512	266.4674	2.016585	0.9927334
20112	-119.25	-385.937	266.687	1.968734	0.7971643
20118	-122.5959	-389.2615	266.6656	1.832604	0.9783335
20124	-116.3043	-382.9386	266.6343	2.093619	0.6859431
20130	-125.1955	-390.0581	264.8626	1.542602	2.49241
20136	-123.0491	-387.0346	263.9855	1.302402	3.17153
20142	-115.0262	-381.6461	266.6199	1.875225	0.981477
20148	-125.5454	-392.0827	266.5373	1.955813	0.9834901
20154	-110.9792	-377.3872	266.408	2.283343	0.7465682
20160	-102.9847	-369.3329	266.3482	2.301706	0.8049232
20166	-100.8321	-367.2355	266.4033	2.147134	0.9231549
20172	-108.6271	-375.0824	266.4553	1.959423	1.060262
20178	-106.5083	-372.9204	266.4121	2.110861	0.9526486
20184	-101.1188	-367.6155	266.4967	2.284327	0.4649491
20190	-101.4597	-367.7325	266.2728	2.497048	0.4215642
20196	-107.7864	-373.7659	265.9795	2.731421	0.3327676
20202	-103.8354	-370.1158	266.2804	2.501689	0.4726726
20208	-104.6752	-371.2142	266.539	2.218129	0.6240306
20214	-110.5268	-377.0086	266.4818	2.274932	0.6249277
20220	-108.7168	-374.9247	266.2079	2.566464	0.5709702
20226	-111.3103	-377.7524	266.4421	2.341392	0.5088524
20232	-115.8898	-382.3287	266.4389	2.315645	0.6304417
20238	-119.2745	-385.7383	266.4638	2.185073	0.8062225
20244	-118.95	-385.2859	266.3359	2.447378	0.511978
20250	-131.8379	-398.1152	266.2773	2.485396	0.6091992
20256	-119.5592	-386.1071	266.5479	2.187558	0.6715103
20262	-125.3326	-391.1303	265.7977	2.251927	1.371533
20268	-124.9292	-390.8461	265.9169	2.071658	1.419137
20274	-130.7098	-397.0883	266.3784	2.391758	0.5863876
20280	-122.5139	-389.0862	266.5723	2.19056	0.6088862
20286	-137.2963	-403.4025	266.1062	2.628983	0.3601256
20292	-126.5321	-391.86	265.3279	1.911999	1.953166
20298	-125.424	-391.5065	266.0826	1.806043	1.495193
20304	-116.6809	-382.7519	266.071	2.68328	0.3884479
20310	-118.4212	-383.5872	265.1659	2.220547	1.853729
20316	-109.8828	-375.4918	265.6091	2.046451	1.665758
20322	-115.2018	-381.379	266.1772	2.580138	0.3939661
20328	-110.4635	-376.398	265.9344	2.737082	0.2990436
20334	-115.2291	-380.7979	265.5688	2.997491	0.2384843
20340	-109.6414	-375.4236	265.7822	2.84215	0.2681947
20346	-105.8587	-371.3984	265.5398	2.984152	0.2205112
20352	-115.2522	-380.9473	265.695	2.852333	0.2301303
20358	-109.772	-375.5095	265.7375	2.852333	0.2496759
20364	-110.5079	-376.4374	265.9295	2.248924	1.267782
20370	-109.1753	-375.4172	266.2419	2.457842	0.7336202
20376	-110.9041	-377.0298	266.1257	2.522945	0.8065786
20382	-102.7936	-368.6833	265.8896	2.309713	1.250465
20388	-116.8741	-382.9184	266.0443	2.155073	1.250465
20394	-117.8038	-383.7626	265.9588	2.242821	1.248567
20400	-116.5034	-382.3623	265.8589	2.569406	1.047368
20406	-112.8439	-378.7771	265.9332	2.55013	0.9933521
20412	-102.8368	-368.8354	265.9986	2.179386	1.268176
20418	-109.3895	-375.5424	266.1529	2.209282	1.108986
20424	-101.0397	-366.9001	265.8604	1.965518	1.541911
20430	-104.5435	-370.2811	265.7376	2.088317	1.541911
20436	-103.2049	-369.1696	265.9647	1.977891	1.454327
20442	-102.9473	-368.2052	265.2579	2.014038	1.931586
20448	-106.7281	-372.2048	265.4766	2.253229	1.612264
20454	-108.4903	-374.7155	266.2252	2.542552	0.4161172
20460	-100.404	-366.3354	265.9313	2.225598	1.285458
20466	-106.9799	-372.5683	265.5883	2.568598	1.285458
20472	-97.52883	-363.5245	265.9956	2.706536	0.7297716
20478	-107.0101	-372.7771	265.767	2.463656	1.224187
20484	-103.9911	-369.9957	266.0046	2.578446	0.8867457
20490	-104.2971	-370.3233	266.0261	2.685498	0.3335069
20496	-103.7872	-369.8192	266.0321	2.670949	0.325197
20502	-96.52893	-362.4204	265.8915	2.840681	0.3562798
20508	-93.21863	-359.6638	266.4452	2.333805	0.453429
20514	-93.42375	-359.9168	266.4931	2.129183	0.8401584
20520	-101.0147	-367.6588	266.6441	2.09128	0.6716866
20526	-100.3629	-366.8866	266.5237	2.235044	0.6198267
20532	-98.98257	-365.5336	266.551	2.211583	0.609625
20538	-94.68103	-361.2536	266.5726	2.154165	0.6880892
20544	-102.9878	-369.538	266.5502	2.214129	0.6045853
20550	-124.1299	-389.7029	265.5729	1.866864	1.817082
20556	-117.4898	-382.4347	264.9448	1.831605	2.257219
20562	-114.7717	-380.107	265.3353	1.62064	2.141082
20568	-121.28	-385.1704	263.8904	1.571752	3.067746
20574	-131.6996	-398.2541	266.5545	2.168654	0.6945807
20580	-130.3453	-396.8438	266.4984	2.215975	0.70972
20586	-124.618	-390.957	266.339	2.142644	0.9950907
20592	-121.1125	-387.1113	265.9988	1.614445	1.695857
20598	-115.8208	-381.5617	265.7409	2.111887	1.521963
20604	-124.9131	-390.8316	265.9185	1.893512	1.552206
20610	-117.5194	-382.3793	264.8599	1.659984	2.420415
20616	-116.2628	-381.7325	265.4697	1.878132	1.880145
20622	-113.6476	-378.8564	265.2088	1.674755	2.188111
20628	-117.1195	-382.2466	265.1271	1.616231	2.278454
20634	-105.5227	-370.7317	265.209	1.513359	2.291852
20640	-111.5804	-376.9297	265.3493	1.7329	2.058162
20646	-111.6736	-376.8065	265.1329	1.752171	2.187142
20652	-136.2703	-400.3594	264.0891	1.475043	3.006739
20658	-138.7563	-403.6038	264.8474	1.471235	2.546382
20664	-156.227	-422.6661	266.439	2.334328	0.5750756
20670	-139.2193	-402.7776	263.5583	1.934776	3.049298
20676	-145.4918	-408.9659	263.4741	2.49152	2.763899
20682	-129.1374	-395.5299	266.3925	2.144047	0.9381736
20688	-132.0228	-398.0187	265.9959	1.798586	1.565133
20694	-130.527	-396.7101	266.1831	2.341708	0.9507218
20700	-121.5946	-387.5506	265.956	2.286516	1.214114
20706	-114.5095	-380.5004	265.9909	2.443643	1.041353
20712	-121.8953	-388.1815	266.2861	1.957677	1.213035
20718	-135.9442	-401.8554	265.9112	2.00636	1.473359
20724	-123.9022	-389.8215	265.9193	1.796434	1.622457
20730	-109.7713	-376.3321	266.5608	1.993153	0.9193734
20736	-113.0305	-378.9462	265.9157	1.973577	1.494719
20742	-114.9828	-380.9746	265.9918	1.749411	1.604023
20748	-101.4432	-368.0136	266.5704	1.785181	1.115006
20754	-103.4394	-369.568	266.1286	2.072298	1.249191
20760	-102.9379	-368.1663	265.2283	2.226001	1.807067
20766	-86.6578	-353.2147	266.5569	2.089745	0.8091803
20772	-94.22043	-360.9136	266.6932	2.089745	0.5186194
20778	-105.0031	-371.6314	266.6283	1.805007	1.042604
20784	-108.1079	-374.0024	265.8945	1.94931	1.528637
20790	-103.6685	-369.6038	265.9353	2.031533	1.435823
20796	-108.5354	-373.9584	265.423	1.545322	2.132971
20802	-113.7113	-378.7283	265.017	1.860023	2.192361
20808	-114.301	-380.4541	266.1531	1.762946	1.474498
20814	-110.9193	-377.5119	266.5926	1.91564	0.96793
20820	-109.6568	-375.6777	266.0209	1.790505	1.552629
20826	-121.399	-387.2412	265.8421	1.890184	1.610484
20832	-122.2648	-388.0989	265.8341	1.904476	1.605951
20838	-115.2498	-381.6672	266.4173	2.17294	0.878405
20844	-128.5753	-392.865	264.2897	2.860864	2.012869
20850	-132.9379	-399.1797	266.2418	2.057986	1.164727
20856	-126.1083	-392.2519	266.1436	2.171486	1.151258
20862	-133.0573	-397.6958	264.6385	2.956472	1.708779
20868	-146.301	-409.1769	262.876	2.473181	3.135132
20874	-142.191	-406.696	264.505	3.644373	0.1253489
20880	-125.2237	-389.8784	264.6547	1.806882	2.457083
20886	-110.6427	-377.2876	266.645	1.724552	1.102316
20892	-114.1538	-380.6513	266.4975	1.872059	1.102316
20898	-108.5073	-375.1102	266.6029	2.084449	0.7525884
20904	-106.5798	-373.2812	266.7014	2.077663	0.5491495
20910	-113.3595	-379.824	266.4645	2.306315	0.5841988
20916	-108.7011	-375.372	266.6709	2.105626	0.5619206
20922	-101.1833	-367.777	266.5937	2.11606	0.7174512
20928	-105.5539	-372.243	266.689	1.901918	0.8776307
20934	-127.5051	-387.2471	259.7421	0.8856625	5.803754
20940	-109.1457	-374.7326	265.587	1.955296	1.745869
20946	-105.5356	-371.3661	265.8305	1.736748	1.728346
20952	-107.5382	-374.0302	266.492	1.858199	1.119893
20958	-99.94559	-366.3333	266.3877	1.962473	1.119893
20964	-105.1693	-371.1862	266.0169	2.207154	1.22977
20970	-108.1953	-373.7545	265.5592	2.02369	1.717274
20976	-112.4835	-376.8466	264.3631	1.938173	2.557215
20982	-105.1176	-370.3913	265.2738	1.587885	2.202299
20988	-111.7578	-376.1209	264.3631	1.706926	2.699968
20994	-128.5444	-394.0126	265.4682	1.664927	2.024441
21000	-117.8389	-379.2849	261.446	1.416321	4.566579
21006	-123.7329	-385.392	261.6591	1.203241	4.566579
21012	-121.6934	-386.812	265.1185	1.775729	2.181186
21018	-113.9432	-378.2113	264.268	1.638196	2.800073
21024	-112.4954	-374.5321	262.0367	1.233933	4.336625
21030	-113.8665	-375.575	261.7085	1.127955	4.58111
21036	-106.2071	-370.2416	264.0344	1.35642	3.110307
21042	-109.3325	-372.7671	263.4346	1.388087	3.445549
21048	-107.5166	-372.7831	265.2665	1.604073	2.196547
21054	-112.538	-377.163	264.625	1.447033	2.698775
21060	-99.56502	-365.4393	265.8743	1.396841	1.9321
21066	-106.2395	-371.4864	265.2469	1.365757	2.36174
21072	-111.0228	-374.9166	263.8938	1.313378	3.219348
21078	-114.0872	-376.0982	262.011	1.291031	4.318843
21084	-121.7926	-383.4807	261.6881	0.9207496	4.708628
21090	-124.9754	-385.7462	260.7708	0.8015545	5.284604
21096	-120.7775	-380.8051	260.0276	0.886898	5.646649
21102	-120.5293	-384.1065	263.5773	1.47061	3.313419
21108	-121.738	-386.1522	264.4142	1.724815	2.657578
21114	-114.751	-380.0188	265.2678	1.798544	2.068678
21120	-118.1956	-384.0421	265.8465	1.616886	1.800809
21126	-124.275	-389.4095	265.1345	1.327491	2.456821
21132	-119.1215	-382.4111	263.2896	1.398443	3.524185
21138	-111.8537	-376.7982	264.9445	2.029859	2.128994
21144	-115.4382	-381.6436	266.2054	1.976828	1.264676
21150	-107.3107	-369.7702	262.4595	1.743081	3.805286
21156	-110.545	-372.9423	262.3973	2.166145	3.596638
21162	-103.7505	-369.1519	265.4013	2.047111	1.811114
21168	-108.182	-374.7189	266.5369	2.099661	0.8221823
21174	-104.3812	-370.7459	266.3647	2.266461	0.8290091
21180	-105.2926	-371.2412	265.9487	2.214621	1.280259
21186	-114.5914	-380.5182	265.9268	2.070423	1.412422
21192	-108.0306	-374.2192	266.1886	2.194592	1.089742
21198	-103.3038	-369.0159	265.7121	2.204436	1.474136
21204	-100.7344	-366.4424	265.7079	2.191762	1.486845
21210	-108.6992	-374.4552	265.756	1.957714	1.623953
21216	-111.2921	-377.0309	265.7388	2.165498	1.483377
21222	-110.7924	-377.148	266.3555	2.375377	0.6803072
21228	-113.6855	-379.9373	266.2518	2.504163	0.6269684
21234	-132.7804	-398.0209	265.2405	2.039548	1.926126
21240	-116.9523	-383.1729	266.2207	2.462512	0.7587369
21246	-107.838	-373.9033	266.0653	2.485109	0.9231839
21252	-110.7579	-376.9658	266.2079	2.551354	0.6186169
21258	-103.3488	-369.7972	266.4484	2.310839	0.6186169
21264	-97.58872	-364.0081	266.4194	2.360708	0.5430674
21270	-103.9215	-370.2893	266.3678	2.415526	0.4886713
21276	-108.4336	-374.7538	266.3203	2.463123	0.4895052
21282	-102.9434	-369.3357	266.3923	2.379058	0.5822815
21288	-104.8449	-371.0837	266.2388	2.271404	0.9659514
21294	-97.92001	-364.029	266.109	2.314514	1.051902
21300	-99.54428	-365.5224	265.9781	2.195888	1.271463
21306	-99.88848	-366.0537	266.1652	2.220598	1.087365
21312	-96.06806	-362.5518	266.4838	2.146949	0.829642
21318	-105.0047	-371.3556	266.3508	2.090005	1.035315
21324	-106.726	-372.6421	265.9161	1.839338	1.593657
21330	-116.0664	-382.1023	266.0358	1.585061	1.690401
21336	-108.3296	-373.445	265.1154	1.497688	2.361455
21342	-99.9917	-365.0725	265.0808	1.416018	2.434904
21348	-99.90096	-366.0487	266.1477	1.55167	1.634292
21354	-86.4485	-352.9364	266.4879	1.675171	1.280454
21360	-111.7756	-377.5761	265.8005	2.818619	0.2652208
21366	-121.81	-387.4989	265.6889	2.97738	0.2952298
21372	-102.3975	-368.425	266.0275	1.576644	1.702322
21378	-98.71463	-364.5949	265.8802	1.535355	1.833764
21384	-108.8884	-374.3632	265.4748	1.415809	2.183556
21390	-98.67517	-364.4606	265.7854	1.366954	2.01168
21396	-102.8927	-368.9543	266.0616	1.70808	1.583259
21402	-104.2679	-370.2574	265.9895	1.353036	1.883724
21408	-103.3522	-369.394	266.0418	1.518732	1.733023
21414	-98.10221	-362.9955	264.8933	1.305743	2.62052
21420	-91.1427	-356.7098	265.5671	1.451864	2.099833
21426	-97.06632	-361.4883	264.422	1.435137	2.829912
21432	-90.93518	-356.0611	265.1259	1.362722	2.440073
21438	-97.32592	-362.1897	264.8637	1.288327	2.649527
21444	-94.1381	-359.026	264.8879	1.264205	2.649527
21450	-104.6877	-368.5939	263.9062	1.657172	3.007212
21456	-97.20139	-361.7504	264.549	1.361831	2.79727
21462	-107.0248	-368.8932	261.8683	1.411351	4.331493
21468	-114.3944	-378.095	263.7007	1.419869	3.270597
21474	-120.1764	-385.8023	265.6259	3.024939	0.2845664
21480	-117.4575	-383.3324	265.875	2.806972	0.3070738
21486	-116.3232	-382.1982	265.875	2.806972	0.3070738
21492	-118.5226	-384.3975	265.875	2.806972	0.3070738
21498	-108.2831	-374.1581	265.875	2.806972	0.3070738
21504	-117.891	-383.3986	265.5076	1.993658	1.774514
21510	-117.574	-383.4489	265.875	2.806972	0.3070738
21516	-123.598	-389.5658	265.9679	2.792573	0.4000052
21522	-113.5524	-379.7233	266.1709	2.06619	1.218691
21528	-108.6117	-374.3082	265.6966	2.3051	1.408975
21534	-117.889	-383.1857	265.2968	2.17029	1.798258
21540	-124.7815	-390.0559	265.2744	3.213828	0.2071706
21546	-125.2622	-391.1299	265.8677	2.85016	0.3399027
21552	-120.9962	-387.1689	266.1727	2.602082	0.436432
21558	-117.0282	-383.2135	266.1853	2.589469	0.436432
21564	-124.6729	-390.996	266.3231	2.460512	0.498893
21570	-111.3924	-377.7155	266.3231	2.460512	0.4978918
21576	-116.239	-382.5633	266.3243	2.458638	0.5182822
21582	-107.7397	-374.0981	266.3584	2.423226	0.4693413
21588	-115.249	-381.4527	266.2037	2.551403	0.3900152
21594	-122.897	-389.1346	266.2376	2.521345	0.3971267
21600	-125.9947	-392.1939	266.1992	2.573662	0.4303214
21606	-112.5276	-378.801	266.2734	2.494506	0.4165175
21612	-98.76356	-364.5082	265.7446	2.873922	0.2648953
21618	-114.3318	-379.9942	265.6624	2.956166	0.2648953
21624	-103.5233	-368.7607	265.2375	3.172683	0.1823306
21630	-96.82712	-362.3468	265.5197	3.026743	0.2297444
21636	-104.7737	-370.9082	266.1346	2.593133	0.3509146
21642	-100.2207	-366.5715	266.3508	2.431147	0.5291238
21648	-110.4453	-376.8328	266.3875	2.388266	0.5652396
21654	-111.0671	-377.4546	266.3875	2.388266	0.5652396
21660	-107.9519	-374.2962	266.3443	2.427389	0.5810956
21666	-110.5124	-376.8453	266.333	2.438743	0.5810956
21672	-107.4321	-373.8608	266.4287	2.353547	0.5263223
21678	-103.8576	-370.3135	266.4558	2.298064	0.6319161
21684	-118.175	-381.7145	263.5395	1.321908	3.422916
21690	-111.4704	-378.0559	266.5855	2.147586	0.6761043
21696	-115.64	-382.0465	266.4064	2.335396	0.6588091
21702	-109.4637	-375.9103	266.4466	2.327155	0.573578
21708	-116.5173	-382.8107	266.2935	2.489618	0.4839988
21714	-112.9683	-379.2582	266.2899	1.733132	1.392319
21720	-114.9426	-380.1344	265.1918	1.664911	2.205467
21726	-103.8664	-369.4029	265.5364	1.444592	2.124663
21732	-109.3528	-374.457	265.1042	1.605429	2.300044
21738	-109.841	-374.265	264.424	1.862201	2.566551
21744	-112.6522	-377.0461	264.3939	1.927596	2.544645
21750	-117.3827	-381.6613	264.2786	2.040668	2.545979
21756	-120.6056	-385.9373	265.3317	1.755091	2.055121
21762	-114.825	-380.0098	265.1848	1.847351	2.091147
21768	-105.9854	-368.9246	262.9392	1.53241	3.649938
21774	-103.7017	-368.6123	264.9106	1.634703	2.404363
21780	-120.0511	-386.4558	266.4048	2.039863	1.031621
21786	-112.7122	-379.2646	266.5524	1.933889	0.9904007
21792	-113.1079	-379.7147	266.6068	1.639106	1.211226
21798	-117.9016	-384.266	266.3643	1.917807	1.180107
21804	-123.8356	-390.1983	266.3627	2.062697	1.050129
21810	-106.2425	-372.9278	266.6853	1.97969	0.7846155
21816	-100.1807	-366.7948	266.6141	2.12196	0.6704848
21822	-92.2212	-358.6939	266.4727	2.293314	0.599752
21828	-97.434	-364.128	266.694	2.019144	0.7119091
21834	-112.8788	-379.7143	266.8355	1.871701	0.721746
21840	-113.729	-380.0292	266.3002	1.676443	1.428288
21846	-111.6494	-377.6561	266.0067	1.625786	1.682139
21852	-105.8174	-372.4386	266.6213	1.556606	1.268263
21858	-116.4596	-383.0614	266.6018	1.974221	0.8947315
21864	-113.1058	-379.7322	266.6264	1.949609	0.8947315
21870	-103.3807	-369.7892	266.4086	1.934085	1.126696
21876	-95.46939	-362.1181	266.6487	2.015744	0.7853606
21882	-104.0468	-370.7758	266.729	1.84233	0.9000849
21888	-103.708	-370.3386	266.6306	1.899139	0.9454883
21894	-106.2343	-372.8339	266.5995	1.831372	1.044865
21900	-120.2721	-386.7421	266.47	1.906957	1.095467
21906	-129.6947	-395.8327	266.138	1.782054	1.471485
21912	-112.0232	-378.5957	266.5726	2.012971	0.8839119
21918	-115.5996	-381.9464	266.3468	1.983022	1.138197
21924	-130.9135	-396.5553	265.6419	1.497155	2.020537
21930	-129.668	-395.8788	266.2108	2.545243	0.3915421
21936	-115.9537	-382.5395	266.5858	2.10346	0.7497092
21942	-120.1901	-386.7401	266.55	2.139247	0.7497092
21948	-120.088	-386.6354	266.5474	2.202597	0.6411093
21954	-127.9406	-393.6924	265.7518	1.622173	1.862298
21960	-128.9469	-394.727	265.7801	1.619155	1.844955
21966	-117.5815	-382.3896	264.8081	1.283636	2.686681
21972	-113.6311	-379.2595	265.6285	1.37501	2.109959
21978	-115.6896	-381.4426	265.7531	1.620988	1.862241
21984	-118.087	-384.4222	266.3353	1.70232	1.380971
21990	-101.4095	-367.8814	266.4718	1.816466	1.174739
21996	-102.5542	-369.1446	266.5904	1.804921	1.078483
22002	-100.9547	-367.3691	266.4144	2.058987	1.003381
22008	-93.53297	-359.8695	266.3365	1.900476	1.218793
22014	-103.4839	-370.062	266.5781	2.060206	0.8199732
22020	-102.1303	-368.6749	266.5446	2.190989	0.6713841
22026	-105.6876	-372.1505	266.4629	2.318283	0.5352862
22032	-102.3486	-368.7459	266.3973	2.380142	0.557727
22038	-114.5921	-380.851	266.2589	2.518514	0.557727
22044	-113.6653	-380.0377	266.3724	2.408269	0.5391097
22050	-108.4249	-374.8295	266.4046	2.21442	0.8441976
22056	-91.04887	-357.5942	266.5454	2.073628	0.8441976
22062	-97.77302	-364.3625	266.5894	1.978314	0.9040689
22068	-107.8887	-374.2507	266.362	2.360452	0.6957831
22074	-111.2003	-377.5165	266.3162	2.225266	0.9329713
22080	-109.8596	-376.0125	266.1528	2.315706	1.008157
22086	-108.4327	-374.6782	266.2455	2.530922	0.4425421
22092	-118.6176	-384.3365	265.7189	2.929681	0.283114
22098	-115.2488	-381.5161	266.2672	2.476817	0.6541561
22104	-109.2814	-375.4726	266.1911	2.592486	0.500538
22110	-104.1987	-370.4877	266.2889	2.494651	0.502543
22116	-118.3672	-384.3734	266.0062	2.742874	0.3798403
22122	-119.1288	-385.4546	266.3258	1.984302	1.155644
22128	-108.3078	-374.6069	266.2991	2.237414	0.938267
22134	-106.8603	-373.1886	266.3283	2.455125	0.4919411
22140	-103.4629	-369.8419	266.3791	2.404386	0.4919411
22146	-112.1495	-378.4485	266.299	2.48212	0.5359932
22152	-106.3653	-372.9853	266.62	2.058709	0.7652224
22158	-117.1304	-383.6428	266.5125	2.166242	0.7652224
22164	-118.4436	-384.8697	266.4261	2.062644	0.9879302
22170	-120.5878	-386.9011	266.3133	2.357437	0.776582
22176	-117.8082	-384.3887	266.5805	2.010586	0.8775213
22182	-122.3346	-388.5983	266.2637	2.447721	0.7146859
22188	-114.281	-380.5717	266.2907	2.137322	1.047636
22194	-118.4471	-385.1775	266.7304	1.930496	0.7901897
22200	-126.231	-392.7616	266.5305	2.036601	0.9047731
22206	-114.5279	-381.2193	266.6914	1.875777	0.9047731
22212	-117.7797	-384.3175	266.5377	1.808195	1.123735
22218	-124.3557	-390.9656	266.6098	2.033668	0.8132723
22224	-108.3471	-374.892	266.5449	2.209831	0.6299641
22230	-125.5788	-391.6412	266.0623	2.656685	0.3411623
22236	-142.1886	-408.2051	266.0164	2.702597	0.3411623
22242	-127.3754	-393.7447	266.3693	2.41206	0.4675927
22248	-119.1822	-385.5587	266.3765	2.284125	0.7905539
22254	-118.0333	-384.4795	266.4462	2.211084	0.795124
22260	-116.0633	-382.5393	266.476	2.173977	0.804764
22266	-114.052	-380.4941	266.4421	2.338802	0.464253
22272	-112.7257	-379.141	266.4153	2.361368	0.4434862
22278	-113.5828	-380.0054	266.4226	2.358345	0.4641522
22284	-109.4458	-376.1075	266.6618	2.079116	0.660673
22290	-105.1522	-371.7603	266.6081	2.132812	0.660673
22296	-105.6074	-372.2695	266.662	2.096005	0.6216913
22302	-117.4795	-383.9923	266.5128	2.111336	0.8378382
22308	-118.8523	-385.543	266.6906	1.990646	0.7614757
22314	-121.7692	-388.2316	266.4624	1.971922	1.041578
22320	-129.3605	-395.9775	266.617	1.949198	0.9057555
22326	-112.7585	-379.16	266.4015	2.364513	0.5997349
22332	-121.4068	-387.8216	266.4148	2.368285	0.4835181
22338	-122.9091	-389.2946	266.3855	2.398071	0.5043169
22344	-123.917	-389.6026	265.6856	1.72637	1.836223
22350	-119.7705	-386.4185	266.648	1.975179	0.8390285
22356	-119.3462	-385.8323	266.4861	2.237276	0.6941569
22362	-111.2698	-377.7098	266.44	2.28276	0.6951665
22368	-110.622	-377.2307	266.6087	2.068017	0.7680401
22374	-116.1683	-382.7521	266.5838	2.190585	0.5708469
22380	-103.336	-369.8063	266.4703	2.269195	0.663555
22386	-109.1645	-375.6104	266.4459	2.299987	0.6502477
22392	-122.1404	-388.5788	266.4384	2.288193	0.6883268
22398	-113.623	-380.0989	266.4759	2.297319	0.5757193
22404	-110.6411	-377.0255	266.3845	2.394048	0.551981
22410	-112.0746	-378.6064	266.5318	2.201661	0.6754454
22416	-110.5777	-377.0974	266.5197	2.212697	0.6774532
22422	-107.0114	-373.5888	266.5773	2.14661	0.6931464
22428	-107.1166	-373.588	266.4715	2.306089	0.5570095
22434	-107.8558	-374.5185	266.6627	2.101684	0.6046392
22440	-103.1658	-369.7516	266.5858	2.1785	0.6046392
22446	-107.7626	-374.2341	266.4715	2.305137	0.5614421
22452	-108.5395	-374.8082	266.2687	2.507925	0.5614421
22458	-109.6208	-375.9481	266.3273	2.451891	0.4546499
22464	-108.6647	-374.9293	266.2646	2.514333	0.4533441
22470	-109.1108	-375.5402	266.4294	2.354125	0.4943521
22476	-106.9794	-373.2661	266.2867	2.475986	0.4045863
22482	-118.1323	-384.6307	266.4984	2.275665	0.4339643
22488	-112.3298	-378.9339	266.6041	2.165493	0.5884395
22494	-113.4953	-379.9603	266.4649	2.304648	0.5884395
22500	-101.5225	-367.9763	266.4538	2.316331	0.5864693
22506	-107.3051	-373.6864	266.3812	2.401927	0.4853627
22512	-107.2667	-372.5919	265.3251	1.567806	2.182021
22518	-121.5233	-385.3004	263.7771	1.517632	3.167453
22524	-125.5814	-391.2145	265.6331	1.577689	1.972664
22530	-115.6358	-382.2273	266.5915	1.617296	1.242523
22536	-113.0055	-379.5785	266.5731	1.748253	1.145713
22542	-122.7197	-389.0566	266.3369	2.446632	0.4949609
22548	-116.4359	-382.8764	266.4405	2.317108	0.6227101
22554	-114.0097	-380.4448	266.4352	2.341359	0.5618628
22560	-120.6543	-387.1543	266.5	2.180554	0.7625955
22566	-124.7732	-391.3059	266.5328	1.804033	1.131929
22572	-112.4946	-379.3727	266.8781	1.719076	0.8703294
22578	-121.6145	-388.1572	266.5427	1.828618	1.100642
22584	-117.4584	-384.0593	266.6009	1.847114	1.028352
22590	-126.6502	-393.1701	266.5198	1.999977	0.9559223
22596	-134.7399	-401.3906	266.6507	1.861778	0.9635816
22602	-105.041	-371.4707	266.4297	2.312499	0.6580541
22608	-105.4918	-372.0027	266.5108	2.260391	0.5828234
22614	-103.5768	-369.9283	266.3515	2.428339	0.4579856
22620	-107.4251	-373.9111	266.4861	2.296741	0.5200045
22626	-100.3743	-366.8339	266.4597	2.323175	0.5195697
22632	-121.3108	-387.5973	266.2864	2.479753	0.4124116
22638	-117.1899	-383.7111	266.5212	2.254154	0.5670001
22644	-115.0832	-381.4953	266.4121	2.371527	0.5011873
22650	-118.0921	-384.5533	266.4613	2.246604	0.720619
22656	-111.725	-378.3904	266.6654	1.95596	0.8412492
22662	-120.0689	-386.8948	266.8259	1.795477	0.8412492
22668	-117.8649	-384.4498	266.5848	2.043607	0.8324958
22674	-115.1376	-381.7758	266.6382	2.016243	0.7988339
22680	-121.2418	-387.7202	266.4784	2.088419	0.9051697
22686	-110.9033	-377.1589	266.2556	1.883837	1.299739
22692	-115.5143	-382.283	266.7687	1.91969	0.7510089
22698	-118.9862	-385.551	266.5648	1.958256	0.9525641
22704	-111.8153	-378.3935	266.5782	1.93302	0.9648683
22710	-124.3375	-390.2705	265.933	1.459381	1.849684
22716	-125.6484	-391.7881	266.1397	1.442068	1.71813
22722	-106.5846	-373.1982	266.6137	2.153113	0.5973284
22728	-117.4568	-383.9342	266.4774	2.289402	0.5973284
22734	-113.5012	-379.7885	266.2873	1.694348	1.424431
22740	-118.0787	-384.3599	266.2812	2.501891	0.5165336
22746	-116.7308	-383.0223	266.2914	2.488582	0.4589081
22752	-122.2042	-388.5733	266.3691	2.414403	0.4931247
22758	-120.3407	-386.578	266.2373	2.539615	0.5599232
22764	-128.5822	-394.7321	266.1499	2.596798	0.3761881
22770	-125.3897	-387.8996	262.5099	1.158144	4.111208
22776	-125.8171	-388.573	262.7559	0.9121313	4.111208
22782	-114.7304	-381.0308	266.3004	2.46654	0.5969106
22788	-123.5027	-390.0409	266.5382	2.228711	0.5969106
22794	-125.3699	-391.7204	266.3505	2.414109	0.60395
22800	-113.852	-380.4176	266.5656	2.198268	0.6058632
22806	-124.0038	-390.4342	266.4303	2.204946	0.8238277
22812	-122.7243	-389.0765	266.3522	2.421833	0.5722981
22818	-121.0212	-387.5307	266.5095	2.264591	0.5722981
22824	-132.5138	-397.9424	265.4286	1.722411	2.012575
22830	-114.0696	-380.3234	266.2538	2.52483	0.4518078
22836	-115.7774	-382.0397	266.2623	2.511725	0.4338548
22842	-123.0884	-389.0346	265.9462	1.688011	1.680965
22848	-120.0326	-386.0898	266.0572	1.630608	1.642578
22854	-112.7867	-379.1803	266.3937	1.72379	1.317518
22860	-109.6354	-375.6833	266.0479	1.971014	1.395547
22866	-106.8437	-373.1224	266.2787	1.79905	1.349304
22872	-108.2904	-373.4769	265.1865	1.928894	2.036237
22878	-104.2192	-369.7012	265.482	2.101511	1.716882
22884	-98.17925	-363.9261	265.7468	1.674251	1.829994
22890	-100.4573	-366.3042	265.8469	1.909607	1.592903
22896	-114.2826	-379.8213	265.5387	1.9947	1.752052
22902	-104.4649	-370.6949	266.23	1.700917	1.463274
22908	-115.1234	-380.4697	265.3463	1.802402	2.014105
22914	-108.8809	-374.5597	265.6788	1.59622	1.929517
22920	-120.8307	-385.6352	264.8045	1.659058	2.455815
22926	-122.1333	-384.6761	262.5427	1.816795	3.714763
22932	-116.6513	-382.9601	266.3088	1.731408	1.378931
22938	-115.0481	-381.6377	266.5895	1.698302	1.175151
22944	-122.6939	-389.2289	266.535	1.545884	1.346802
22950	-136.8759	-402.8381	265.9622	2.796087	0.3958552
22956	-124.3651	-390.2752	265.9101	2.796087	0.328143
22962	-116.9245	-383.0767	266.1522	2.577215	0.3529646
22968	-108.2348	-374.394	266.1591	2.577684	0.3622177
22974	-110.6667	-376.5749	265.9082	2.82864	0.3622177
22980	-109.7168	-375.4374	265.7205	2.857299	0.2438475
22986	-113.0087	-378.5931	265.5844	2.97318	0.2345643
22992	-112.552	-377.9949	265.4429	3.114643	0.2345643
22998	-121.8138	-387.1935	265.3797	3.073566	0.195425
23004	-110.9987	-376.235	265.2363	1.754695	2.118121
23010	-107.602	-374.0555	266.4536	1.960393	1.060992
23016	-102.646	-369.1237	266.4777	2.221645	0.7342907
23022	-105.1212	-370.5946	265.4734	2.984342	0.1968663
23028	-105.4516	-371.2092	265.7575	2.822753	0.245022
23034	-112.1456	-377.9267	265.7811	2.831272	0.2614474
23040	-124.4181	-390.2841	265.866	2.766492	0.2730169
23046	-123.723	-389.4542	265.7313	2.854771	0.2478099
23052	-112.1161	-378.5034	266.3874	2.014663	1.072236
23058	-117.6575	-383.8796	266.2221	1.769613	1.416683
23064	-111.9785	-377.7238	265.7453	2.842736	0.2487786
23070	-112.6551	-378.309	265.6539	2.934104	0.2487786
23076	-101.91	-367.5639	265.6539	2.934104	0.2487786
23082	-111.486	-377.8582	266.3722	1.612459	1.422129
23088	-113.4397	-379.6319	266.1922	1.792488	1.422129
23094	-115.6773	-382.4224	266.7451	1.785395	0.9446599
23100	-104.9008	-371.1661	266.2653	1.587943	1.521642
23106	-110.6029	-376.0507	265.4478	1.525728	2.129593
23112	-99.07868	-364.5266	265.448	1.340161	2.249713
23118	-101.7293	-365.2307	263.5014	1.231607	3.497949
23124	-105.642	-371.1159	265.4739	1.375155	2.210415
23130	-121.2296	-386.6216	265.392	1.582262	2.129058
23136	-120.9067	-386.92	266.0133	1.498754	1.766986
23142	-106.0256	-371.8865	265.861	2.821939	0.3078468
23148	-103.8371	-369.3875	265.5505	2.949797	0.2115234
23154	-101.6373	-367.256	265.6188	2.960745	0.2446404
23160	-92.04741	-357.3206	265.2732	3.048987	0.1595247
23166	-99.89367	-365.103	265.2093	3.206224	0.1838918
23172	-101.2588	-366.5865	265.3277	3.087847	0.1838918
23178	-101.9507	-367.0829	265.1322	3.138709	0.1481579
23184	-105.0931	-370.0618	264.9687	3.30226	0.1481579
23190	-93.21663	-358.0958	264.8792	3.33448	0.1367493
23196	-91.92747	-357.0976	265.1701	3.18084	0.1664893
23202	-100.7261	-365.7566	265.0305	3.270539	0.1546903
23208	-110.3076	-375.6154	265.3078	3.142233	0.1943673
23214	-108.9606	-374.6693	265.7087	2.85697	0.2381685
23220	-113.6941	-379.3311	265.637	2.85697	0.2092234
23226	-113.7874	-378.9989	265.2115	3.170387	0.1744991
23232	-107.2713	-372.4599	265.1886	3.22926	0.1845643
23238	-107.3554	-372.6922	265.3369	3.080987	0.1845643
23244	-100.1607	-365.4945	265.3338	3.093591	0.1873847
23250	-110.8906	-377.1465	266.2559	1.84838	1.328132
23256	-107.1233	-373.0988	265.9755	1.888245	1.513785
23262	-114.8214	-380.4973	265.6758	2.909662	0.2475468
23268	-111.228	-377.1666	265.9387	2.743361	0.3071581
23274	-112.0459	-378.7624	266.7165	1.916707	0.8264141
23280	-107.1753	-373.6328	266.4575	2.27733	0.6728579
23286	-96.8584	-363.3007	266.4423	2.311136	0.6329526
23292	-103.7147	-370.1404	266.4256	2.2797	0.7247034
23298	-101.252	-367.6548	266.4029	2.354609	0.6231528
23304	-118.2005	-384.2186	266.0181	2.70091	0.3411743
23310	-112.4906	-378.7852	266.2946	2.05801	1.117684
23316	-112.6183	-378.4838	265.8655	1.698629	1.730532
23322	-117.1064	-379.9729	262.8665	1.614475	3.644486
23328	-118.2507	-383.174	264.9232	1.579657	2.431091
23334	-130.2584	-394.0084	263.75	1.448469	3.224532
23340	-118.0944	-384.0557	265.9613	1.844542	1.55675
23346	-122.684	-388.943	266.259	1.867299	1.310399
23352	-114.8693	-381.0834	266.2141	1.649211	1.514157
23358	-114.5998	-380.9024	266.3026	1.835041	1.301201
23364	-113.1177	-379.2529	266.1352	1.820964	1.443999
23370	-120.7101	-387.0795	266.3694	1.707275	1.350139
23376	-114.4526	-380.5975	266.1449	1.612339	1.592358
23382	-115.2522	-381.6828	266.4306	1.998784	1.046325
23388	-126.1886	-392.6347	266.4462	2.065217	0.9647391
23394	-130.7842	-397.2259	266.4416	1.838123	1.182159
23400	-103.3863	-369.7294	266.3431	1.952121	1.168707
23406	-98.92869	-365.3802	266.4515	1.891312	1.126547
23412	-98.51333	-365.1135	266.6002	2.005233	0.860556
23418	-106.3159	-372.8579	266.5419	2.058632	0.8663506
23424	-113.7882	-379.952	266.1637	2.097713	1.197945
23430	-126.6363	-393.0552	266.4188	2.014728	1.042302
23436	-121.7664	-388.3399	266.5735	1.6317	1.245553
23442	-120.3786	-386.6916	266.313	1.854077	1.27711
23448	-121.2693	-386.8991	265.6298	1.698127	1.893698
23454	-122.2044	-388.3455	266.1411	1.767416	1.480178
23460	-127.842	-394.3294	266.4874	1.520229	1.404339
23466	-124.0651	-390.5306	266.4654	1.764733	1.224582
23472	-127.6661	-393.8541	266.1881	1.550388	1.606022
23478	-129.1915	-394.292	265.1005	1.411794	2.425152
23484	-117.2031	-383.5823	266.3792	1.292325	1.654301
23490	-107.3276	-373.3156	265.988	1.623584	1.696989
23496	-117.536	-382.6808	265.1448	1.605518	2.273983
23502	-109.0874	-375.0575	265.9701	1.639899	1.698132
23508	-107.8985	-373.738	265.8395	1.675796	1.764689
23514	-115.4219	-381.893	266.4711	2.150842	0.8405419
23520	-125.8387	-392.3803	266.5416	2.226394	0.5935076
23526	-118.4013	-384.9715	266.5702	2.213362	0.4973142
23532	-121.9696	-388.313	266.3434	2.39253	0.6706757
23538	-117.4981	-384.1291	266.631	2.131805	0.6090937
23544	-111.9196	-378.3957	266.4761	2.286638	0.6090937
23550	-113.5248	-379.979	266.4542	2.229546	0.7579195
23556	-109.3604	-375.8364	266.476	2.192402	0.7798402
23562	-102.9504	-369.5663	266.6159	1.960734	0.8940965
23568	-101.7872	-368.326	266.5389	2.037736	0.8940965
23574	-116.1589	-382.9098	266.7509	1.825673	0.8940965
23580	-113.8113	-380.4782	266.6668	1.938062	0.8612265
23586	-112.1839	-378.7674	266.5835	2.136682	0.6997784
23592	-116.2582	-382.8178	266.5595	2.136682	0.7391046
23598	-112.6384	-379.2679	266.6296	2.066639	0.7391046
23604	-114.6134	-381.1225	266.5091	2.187156	0.7391046
23610	-111.1435	-377.5163	266.3727	2.401844	0.5702844
23616	-106.0318	-372.3106	266.2788	2.462091	0.367751
23622	-116.3876	-382.4093	266.0217	2.673649	0.3182645
23628	-109.6394	-375.6717	266.0323	2.669026	0.3235846
23634	-102.939	-368.9497	266.0108	2.730585	0.3684258
23640	-111.2803	-377.5457	266.2654	2.506132	0.4261846
23646	-121.3766	-387.7871	266.4105	2.342444	0.6342979
23652	-135.1908	-401.5947	266.4039	2.342444	0.6490776
23658	-127.6044	-393.978	266.3736	2.298002	0.7752983
23664	-125.1483	-391.5262	266.3779	2.061704	1.036462
23670	-125.4078	-391.6955	266.2878	1.60738	1.490273
23676	-132.6416	-399.2785	266.6369	1.813153	1.026336
23682	-124.6735	-390.9317	266.2582	1.634435	1.492148
23688	-119.2455	-384.9377	265.6921	1.615779	1.907261
23694	-123.1718	-389.3715	266.1997	1.758891	1.442105
23700	-120.5415	-386.9676	266.4262	1.911591	1.13109
23706	-122.1148	-388.467	266.3522	1.711405	1.360521
23712	-125.9187	-392.5007	266.5821	1.949319	0.9437197
23718	-140.9212	-407.3934	266.4722	2.180192	0.8016004
23724	-130.4567	-396.292	265.8352	1.787746	1.688924
23730	-128.8217	-393.6494	264.8276	1.520738	2.527874
23736	-117.2662	-382.9566	265.6904	1.727477	1.832188
23742	-113.7601	-380.3112	266.5511	1.86222	1.061621
23748	-114.7839	-381.3606	266.5767	1.945099	0.9538483
23754	-145.8924	-412.4954	266.603	1.882646	0.9910393
23760	-130.854	-397.4129	266.5589	2.199522	0.6207177
23766	-126.4536	-392.8116	266.358	2.424011	0.5287193
23772	-133.1499	-399.4244	266.2745	2.501494	0.5642513
23778	-110.9729	-377.4635	266.4906	2.151198	0.8154408
23784	-112.1667	-378.6818	266.5151	2.226556	0.6590924
23790	-101.5194	-368.0209	266.5015	2.058825	0.9123368
23796	-101.4802	-368.0367	266.5565	1.881752	1.037821
23802	-103.8576	-370.4344	266.5768	1.861413	1.037821
23808	-103.4671	-370.0582	266.5911	1.997334	0.8806031
23814	-106.6339	-373.177	266.5431	2.070259	0.8510683
23820	-98.16942	-364.7427	266.5732	1.802018	1.097064
23826	-88.25306	-354.7814	266.5283	1.8465	1.09747
23832	-95.66907	-362.0444	266.3753	1.999472	1.09747
23838	-101.5524	-367.9627	266.4103	2.057087	1.009353
23844	-96.88269	-363.2804	266.3977	2.07695	1.002083
23850	-95.13002	-361.6013	266.4713	2.063955	0.9395852
23856	-103.0206	-369.4337	266.4131	2.333112	0.6493704
23862	-99.45376	-365.8915	266.4378	2.341929	0.5455713
23868	-94.71862	-361.1613	266.4427	2.275453	0.703294
23874	-86.7344	-353.0248	266.2904	2.485727	0.441321
23880	-97.95603	-364.0131	266.0571	2.724468	0.468694
23886	-98.31833	-364.4471	266.1288	2.622506	0.3834861
23892	-106.626	-372.7268	266.1008	2.659674	0.4000625
23898	-110.7158	-377.1286	266.4127	2.361161	0.5728769
23904	-110.4674	-376.7698	266.3023	2.450415	0.6346866
23910	-112.6034	-379.1798	266.5764	2.059836	0.8225832
23916	-119.3166	-385.7505	266.434	2.102616	0.9381774
23922	-121.7564	-388.0942	266.3378	2.43753	0.566974
23928	-124.358	-390.7825	266.4245	2.312637	0.6682409
23934	-126.1976	-392.4901	266.2925	2.444626	0.6682409
23940	-117.6926	-384.2608	266.5682	1.868266	1.039476
23946	-114.4845	-380.9894	266.5049	1.853698	1.112257
23952	-121.4376	-387.7407	266.3031	2.05556	1.112257
23958	-116.1631	-382.8826	266.7196	1.96179	0.7613587
23964	-120.9215	-387.4455	266.524	2.13268	0.7958714
23970	-116.7413	-383.2075	266.4662	2.1093	0.8953391
23976	-108.3193	-374.8906	266.5713	1.971588	0.931382
23982	-103.8074	-370.4474	266.64	1.681484	1.145616
23988	-101.2079	-367.7243	266.5165	1.670809	1.260484
23994	-107.184	-373.6854	266.5014	2.115881	0.8463249
24000	-118.2156	-384.6918	266.4762	2.102167	0.8920766
24006	-104.8745	-371.1582	266.2836	1.9658	1.208223
24012	-112.4311	-378.9061	266.4751	1.824792	1.164665
24018	-105.7853	-372.325	266.5397	1.971574	0.9648371
24024	-108.3934	-374.9407	266.5473	1.882967	1.045449
24030	-114.9271	-381.3249	266.3978	2.332717	0.6810114
24036	-112.0036	-378.4934	266.4898	2.143216	0.826774
24042	-113.0633	-379.585	266.5217	2.111248	0.826774
24048	-105.8168	-372.5329	266.7161	2.018038	0.6741703
24054	-107.6634	-374.3181	266.6547	2.102958	0.6227656
24060	-102.8137	-368.9633	266.1496	1.721825	1.508065
24066	-110.9948	-377.4601	266.4653	1.811409	1.184783
24072	-112.2946	-378.6786	266.384	1.860129	1.212715
24078	-124.9389	-391.6243	266.6855	1.986791	0.7744195
24084	-124.2768	-390.904	266.6273	2.087197	0.7096666
24090	-99.10606	-365.4309	266.3248	2.396046	0.6985884
24096	-111.1679	-377.2589	266.091	2.389048	0.996729
24102	-111.2072	-377.8042	266.5971	2.016496	0.8507705
24108	-100.5405	-367.0275	266.487	2.200684	0.7520529
24114	-127.039	-393.537	266.498	1.926515	1.050966
24120	-126.0727	-391.6486	265.5759	1.871362	1.811963
24126	-114.0679	-380.1363	266.0685	2.054605	1.312995
24132	-113.8085	-379.9264	266.1179	2.187268	1.159982
24138	-127.3357	-392.5694	265.2337	2.397351	1.683187
24144	-106.0194	-372.6229	266.6035	2.07771	0.7615832
24150	-112.8711	-379.2726	266.4015	2.355731	0.6237155
24156	-95.81689	-362.3282	266.5113	2.190007	0.731085
24162	-93.61759	-360.0202	266.4026	2.279668	0.7600749
24168	-100.3547	-366.8067	266.452	2.297532	0.6419927
24174	-96.87202	-363.1838	266.3118	1.684868	1.412837
24180	-99.19017	-365.5373	266.3472	1.649498	1.412837
24186	-126.5864	-387.73	261.1435	1.740254	4.554534
24192	-123.1275	-384.9462	261.8187	0.9815125	4.601473
24198	-126.4413	-387.118	260.6767	1.047188	5.20083
24204	-105.8313	-372.5056	266.6743	1.877002	0.9222762
24210	-112.6892	-379.1627	266.4735	1.771158	1.212342
24216	-116.4012	-382.7537	266.3526	1.631811	1.422333
24222	-118.6928	-383.2199	264.5271	1.479406	2.738874
24228	-111.0058	-374.0666	263.0607	1.538427	3.5759
24234	-114.362	-377.6342	263.2722	1.374927	3.548019
24240	-117.7605	-382.8409	265.0803	1.482349	2.393382
24246	-118.1115	-383.8402	265.7287	1.62024	1.879342
24252	-123.2872	-388.9631	265.676	1.514493	1.98628
24258	-117.2048	-383.517	266.3122	1.645947	1.442486
24264	-123.5686	-389.3803	265.8117	1.515348	1.894233
24270	-117.6634	-382.8356	265.1722	1.384753	2.397029
24276	-110.6673	-376.9403	266.273	1.47191	1.601328
24282	-108.0505	-373.7026	265.6521	1.517018	2.000507
24288	-113.0285	-378.4957	265.4672	1.630823	2.047697
24294	-107.4115	-373.9289	266.5173	1.667096	1.262842
24300	-114.847	-381.5041	266.6572	1.798713	1.020668
24306	-118.7465	-385.3121	266.5656	1.970111	0.9391203
24312	-119.5792	-385.8402	266.261	1.600641	1.515412
24318	-116.4185	-382.6497	266.2312	1.844993	1.350536
24324	-102.5526	-368.7697	266.2172	1.739018	1.443974
24330	-109.9495	-376.3543	266.4048	1.701441	1.326509
24336	-109.2224	-375.7472	266.5248	1.886877	1.063143
24342	-110.0039	-376.4776	266.4737	1.58169	1.366994
24348	-107.2401	-373.8082	266.5681	1.743725	1.154161
24354	-110.0372	-376.6166	266.5794	2.203356	0.5211113
24360	-103.5201	-370.2791	266.759	1.991401	0.640089
24366	-103.9238	-370.0537	266.1298	2.613071	0.3705981
24372	-102.1576	-368.243	266.0854	2.613071	0.3210348
24378	-99.18604	-365.3209	266.1349	2.606221	0.3680698
24384	-107.1032	-373.2023	266.0991	2.59242	0.3149642
24390	-112.447	-377.7408	265.2938	3.117758	0.1827314
24396	-112.1266	-378.0038	265.8772	2.766632	0.28004
24402	-115.4335	-381.5589	266.1254	2.636274	0.4024976
24408	-108.7524	-374.8328	266.0804	2.636274	0.3386265
24414	-113.0755	-379.1478	266.0723	2.636274	0.3305221
24420	-124.496	-388.641	264.145	3.759991	0.09179531
24426	-118.1672	-382.0534	263.8862	3.824969	0.07280538
24432	-131.4957	-397.7953	266.2995	2.476996	0.5617821
24438	-136.3054	-402.5246	266.2192	2.551631	0.4243798
24444	-116.3169	-381.1006	264.7838	3.496915	0.1502296
24450	-117.1736	-381.7072	264.5336	3.573926	0.1185893
24456	-116.9885	-381.6599	264.6714	3.508013	0.1305048
24462	-123.6338	-387.8868	264.253	3.727702	0.1008241
24468	-116.4493	-380.852	264.4027	3.616326	0.1058164
24474	-115.8529	-380.728	264.8752	3.352098	0.1393491
24480	-117.1536	-382.5347	265.3811	3.027375	0.1818539
24486	-109.1105	-374.15	265.0396	3.300393	0.163779
24492	-108.9059	-373.7603	264.8544	3.414006	0.1476325
24498	-114.6067	-379.3734	264.7667	3.514622	0.1503715
24504	-126.1869	-391.7961	265.6092	2.949116	0.2348715
24510	-121.8854	-387.3114	265.426	3.089179	0.217113
24516	-123.5508	-389.082	265.5312	3.00277	0.2245576
24522	-125.3017	-389.774	264.4724	3.514078	0.1015496
24528	-129.8411	-393.8671	264.026	3.856513	0.08931838
24534	-126.6805	-392.14	265.4594	3.015827	0.2026851
24540	-128.3932	-393.439	265.0458	3.285858	0.1617708
24546	-125.4324	-390.1595	264.727	3.446091	0.1294059
24552	-126.098	-390.3198	264.2218	3.814475	0.1081593
24558	-133.632	-397.3855	263.7534	3.990689	0.07567709
24564	-119.8565	-384.3123	264.4558	3.566316	0.1062311
24570	-117.2651	-381.633	264.3678	3.654312	0.1062311
24576	-110.7784	-375.1153	264.3369	3.702385	0.1085692
24582	-108.1551	-372.5165	264.3613	3.636976	0.1030755
24588	-101.8758	-366.4245	264.5487	3.470442	0.1058254
24594	-93.17498	-357.6986	264.5237	3.495477	0.1058254
24600	-87.09715	-351.9548	264.8577	3.293236	0.1256005
24606	-94.61015	-359.0711	264.4609	3.426907	0.08989244
24612	-97.18769	-361.6897	264.502	3.531544	0.1077777
24618	-91.40195	-355.5623	264.1603	3.72054	0.08913302
24624	-111.2588	-375.3691	264.1102	3.72831	0.08468424
24630	-96.39232	-360.3989	264.0065	3.772728	0.07888985
24636	-99.09275	-363.13	264.0373	3.761179	0.08071201
24642	-100.8689	-365.4584	264.5895	3.569235	0.1269298
24648	-110.4657	-374.7003	264.2346	3.74049	0.1001111
24654	-122.4196	-387.2352	264.8156	3.468312	0.1509222
24660	-120.1881	-383.313	263.1249	4.248475	0.04957532
24666	-115.19	-378.5841	263.3942	4.06142	0.05434083
24672	-109.6272	-374.8609	265.2336	3.191628	0.1867549
24678	-101.5474	-367.0691	265.5217	2.979491	0.2118405
24684	-136.6997	-402.1779	265.4782	3.086044	0.2375248
24690	-114.8098	-380.1728	265.363	3.127126	0.2078597
24696	-103.3053	-368.8287	265.5234	3.073057	0.2530237
24702	-98.53634	-364.1947	265.6584	2.892793	0.2317716
24708	-103.8268	-369.7954	265.9687	2.784079	0.3858766
24714	-107.4546	-373.3483	265.8936	2.741835	0.2748285
24720	-112.5319	-378.0164	265.4846	3.014576	0.2111024
24726	-118.6408	-383.4866	264.8458	3.342411	0.132079
24732	-130.2052	-395.8148	265.6096	2.967912	0.2437105
24738	-127.6172	-392.9831	265.3658	3.077658	0.1923169
24744	-104.4484	-369.4187	264.9702	3.307218	0.1495357
24750	-113.7826	-379.0136	265.231	3.287194	0.2182921
24756	-111.8736	-377.6231	265.7494	2.937836	0.3113889
24762	-111.2239	-375.6301	264.4062	3.626648	0.1076812
24768	-118.6036	-382.6861	264.0825	3.712959	0.08042487
24774	-108.2959	-372.4655	264.1696	3.712959	0.08932111
24780	-124.2117	-390.7289	266.5172	2.265837	0.483413
24786	-108.2314	-374.5828	266.3514	2.431353	0.5203224
24792	-114.9506	-381.5831	266.6324	2.146765	0.5484472
24798	-126.2575	-392.8444	266.5869	1.917738	0.9717346
24804	-118.154	-384.7524	266.5985	1.906864	0.9709889
24810	-113.467	-378.8588	265.3918	3.064106	0.1962719
24816	-107.6899	-373.3941	265.7042	2.929094	0.2735173
24822	-111.8198	-377.4852	265.6654	2.912486	0.2438798
24828	-114.6604	-380.1052	265.4448	3.133091	0.2438798
24834	-102.0677	-368.5642	266.4964	1.692353	1.259222
24840	-96.83857	-363.1857	266.3472	1.709641	1.365852
24846	-102.3527	-369.1333	266.7806	1.729969	0.9655329
24852	-112.4798	-378.6468	266.1669	2.615377	0.4751408
24858	-96.65199	-362.8059	266.1539	2.605846	0.3985309
24864	-108.2639	-374.8645	266.6006	2.079985	0.7625254
24870	-105.4313	-371.9329	266.5016	2.281963	0.4950398
24876	-99.42267	-365.8491	266.4264	2.357126	0.4950398
24882	-111.4075	-377.8514	266.4439	2.048434	0.9842794
24888	-95.628	-362.37	266.742	1.975996	0.7036228
24894	-103.8429	-370.4089	266.566	1.961462	0.9478749
24900	-103.4433	-369.6868	266.2435	1.914663	1.284453
24906	-113.6407	-380.0363	266.3956	1.967572	1.108146
24912	-106.5643	-372.9589	266.3946	1.886172	1.181308
24918	-113.8427	-380.3893	266.5466	1.734189	1.181308
24924	-100.2885	-366.8729	266.5844	2.049165	0.8259659
24930	-101.9583	-368.6124	266.6541	1.979489	0.8259659
24936	-106.8145	-373.4914	266.677	1.95993	0.821789
24942	-109.0484	-375.3944	266.3459	1.985485	1.136735
24948	-105.9314	-372.4191	266.4877	1.888333	1.096339
24954	-101.0363	-367.7985	266.7622	1.842773	0.8610938
24960	-96.7849	-363.3934	266.6085	2.133238	0.6589556
24966	-95.58282	-362.2593	266.6765	2.04573	0.696263
24972	-98.95355	-365.5876	266.6341	2.131251	0.6017717
24978	-105.6546	-372.5052	266.8506	1.859371	0.7172359
24984	-99.51288	-366.2146	266.7017	2.021429	0.694601
24990	-102.5326	-369.3329	266.8004	1.852684	0.8007344
24996	-102.7426	-369.3335	266.5908	1.977176	0.9037688
25002	-98.2122	-364.7717	266.5595	1.783736	1.126162
25008	-113.7906	-379.9547	266.1641	1.581702	1.600674
25014	-109.2303	-375.5501	266.3199	1.664286	1.422516
25020	-96.41031	-362.0086	265.5983	1.54157	2.020003
25026	-92.40199	-358.9124	266.5104	1.542796	1.368676
25032	-88.51894	-355.0332	266.5143	1.622492	1.301886
25038	-93.83716	-359.5687	265.7315	1.262001	2.116482
25044	-127.3224	-392.1645	264.8421	2.051944	2.181313
25050	-93.01619	-356.5	263.4838	1.157722	3.55128
25056	-103.4926	-368.3057	264.8131	1.121609	2.782717
25062	-95.58185	-360.3084	264.7265	1.135049	2.827225
25068	-99.63221	-364.1897	264.5575	1.1554	2.917255
25074	-85.52921	-351.4919	265.9627	1.374865	1.887098
25080	-96.03556	-361.1337	265.0981	1.325941	2.48058
25086	-102.4172	-367.9433	265.5261	1.332566	2.20422
25092	-120.6984	-386.9339	266.2355	1.26163	1.777382
25098	-109.3705	-375.6636	266.2931	1.721294	1.399103
25104	-108.1176	-374.0085	265.8909	1.703598	1.709106
25110	-104.2578	-370.6174	266.3596	1.863595	1.230444
25116	-108.8706	-375.2609	266.3903	1.717785	1.325058
25122	-97.82576	-364.2762	266.4504	2.315647	0.5996355
25128	-104.6402	-371.219	266.5788	2.196148	0.5686381
25134	-108.1742	-374.5422	266.368	2.406931	0.5686381
25140	-120.3028	-386.4365	266.1337	2.648178	0.5296298
25146	-119.7692	-386.1095	266.3403	2.441746	0.4723234
25152	-123.6588	-390.191	266.5321	2.200761	0.6765329
25158	-118.0934	-384.6788	266.5854	1.771223	1.114093
25164	-134.2193	-400.5062	266.2869	2.485223	0.5796457
25170	-112.0772	-378.7729	266.6957	1.79777	0.983164
25176	-114.6475	-381.0403	266.3928	1.551644	1.452971
25182	-125.9038	-390.608	264.7043	1.225876	2.78552
25188	-122.034	-386.1448	264.1108	1.156656	3.183648
25194	-138.1188	-401.1712	263.0524	1.523918	3.589203
25200	-107.1442	-373.7812	266.637	2.068698	0.7241578
25206	-113.7729	-380.2758	266.5029	2.245391	0.6449652
25212	-125.8589	-391.6257	265.7668	1.630951	1.84601
25218	-119.0146	-385.5276	266.5131	1.487399	1.409911
25224	-99.78251	-366.1662	266.3837	1.575423	1.441751
25230	-98.10564	-364.4418	266.3361	1.82255	1.284044
25236	-106.8433	-373.2245	266.3812	1.701838	1.345077
25242	-121.2196	-387.8345	266.6149	2.044792	0.7918393
25248	-110.3018	-376.9601	266.6583	1.886787	0.9289935
25254	-105.2179	-371.8705	266.6525	1.807998	1.016077
25260	-110.098	-376.4359	266.3379	1.447186	1.571972
25266	-100.1791	-365.0275	264.8484	1.399784	2.590141
25272	-100.9606	-366.4015	265.4409	1.235893	2.320959
25278	-107.1716	-372.6461	265.4745	1.615145	2.05326
25284	-92.13751	-358.2248	266.0873	1.595896	1.64595
25290	-91.90081	-358.0221	266.1213	1.42468	1.743276
25296	-93.92574	-359.8837	265.9579	1.648291	1.700809
25302	-90.75777	-357.3576	266.5998	1.525078	1.311509
25308	-102.5097	-368.3719	265.8622	1.550494	1.835758
25314	-99.15863	-365.2515	266.0929	1.535406	1.685169
25320	-106.0588	-372.2105	266.1517	1.323485	1.792588
25326	-99.72135	-365.7022	265.9808	1.494403	1.792588
25332	-97.03597	-363.2957	266.2598	1.436641	1.636432
25338	-99.15856	-365.5963	266.4378	1.540114	1.42732
25344	-109.1905	-373.8759	264.6854	1.439656	2.666193
25350	-115.2456	-380.1161	264.8706	1.510962	2.507199
25356	-101.9817	-368.402	266.4203	1.543665	1.438016
25362	-100.1025	-365.9724	265.8699	1.550132	1.830716
25368	-97.33882	-363.7844	266.4456	1.623293	1.3563
25374	-93.67407	-360.278	266.604	1.836215	1.035932
25380	-92.48837	-358.5604	266.072	1.714846	1.570717
25386	-105.4749	-370.8813	265.4064	1.491994	2.178485
25392	-115.5714	-381.5702	265.9988	1.762143	1.589656
25398	-117.2002	-383.5779	266.3778	1.781617	1.283456
25404	-120.3562	-385.84	265.4838	1.498866	2.12361
25410	-119.9228	-386.1327	266.2099	1.910902	1.3148
25416	-110.6269	-376.8182	266.1913	1.771004	1.439274
25422	-110.9126	-376.6986	265.7861	1.81468	1.704686
25428	-105.2832	-371.8619	266.5786	1.752145	1.137317
25434	-114.0384	-380.4208	266.3824	1.744771	1.309695
25440	-114.702	-379.5501	264.8481	1.445393	2.562048
25446	-104.7615	-370.431	265.6695	1.49326	2.004757
25452	-115.9241	-381.9316	266.0074	1.858197	1.512409
25458	-109.534	-375.3547	265.8207	1.711087	1.753211
25464	-119.5096	-384.478	264.9684	1.638279	2.365519
25470	-108.9318	-374.3373	265.4055	1.605441	2.105065
25476	-112.3139	-378.4872	266.1734	1.616726	1.568336
25482	-103.9589	-369.215	265.2561	1.571951	2.223969
25488	-101.6705	-367.7946	266.1241	1.379679	1.772747
25494	-115.3185	-380.202	264.8835	1.100808	2.752475
25500	-123.9626	-388.6928	264.7301	1.585003	2.548562
25506	-125.5083	-390.994	265.4857	1.55617	2.084757
25512	-102.0397	-364.5985	262.5588	1.053847	4.142728
25518	-107.7774	-372.1877	264.4103	1.018771	3.087507
25524	-94.14136	-356.9839	262.8425	1.00276	4.010151
25530	-105.2902	-367.8816	262.5914	1.237975	4.019231
25536	-107.7008	-372.2554	264.5546	1.518994	2.697798
25542	-113.4638	-378.7373	265.2735	1.437261	2.299285
25548	-112.2553	-377.5173	265.262	1.47944	2.279691
25554	-100.6333	-364.6267	263.9934	1.475591	3.063673
25560	-101.5881	-365.6501	264.062	1.407026	3.063673
25566	-111.8688	-376.4884	264.6196	1.518897	2.657886
25572	-106.8423	-371.9819	265.1396	1.418415	2.396345
25578	-108.1217	-371.8845	263.7628	1.558597	3.151626
25584	-107.5957	-373.0831	265.4875	1.81523	1.910787
25590	-104.6512	-370.527	265.8758	2.057193	1.461683
25596	-105.1303	-370.7604	265.6301	1.915082	1.743821
25602	-96.51457	-361.7344	265.2198	1.769169	2.119449
25608	-100.0952	-365.0566	264.9614	1.677882	2.34483
25614	-98.65438	-364.6776	266.0233	2.021039	1.375708
25620	-101.7751	-368.0072	266.2321	1.791043	1.392269
25626	-105.4775	-371.5215	266.044	1.609346	1.667308
25632	-106.9709	-372.8748	265.9038	1.512348	1.833361
25638	-103.7126	-369.2683	265.5556	1.321558	2.192244
25644	-109.5128	-375.0799	265.5671	1.310127	2.192244
25650	-109.5911	-375.0347	265.4436	1.199693	2.342302
25656	-109.0924	-372.798	263.7056	1.317294	3.328133
25662	-118.9602	-383.0338	264.0736	1.663179	2.902853
25668	-112.4541	-377.8709	265.4168	1.721873	2.020769
25674	-100.3299	-366.2988	265.9689	1.457869	1.826074
25680	-107.3934	-373.4426	266.0493	1.589804	1.677493
25686	-100.117	-364.4692	264.3522	1.514139	2.824323
25692	-97.66755	-363.4382	265.7706	1.432036	1.978121
25698	-107.258	-372.1869	264.9289	1.572769	2.431862
25704	-106.3282	-371.52	265.1918	1.750133	2.150195
25710	-112.7402	-376.6661	263.9259	1.527716	3.072849
25716	-117.2391	-382.6765	265.4374	1.880738	1.900331
25722	-126.0146	-391.5802	265.5656	2.013352	1.720057
25728	-123.7048	-389.6168	265.912	2.071013	1.423414
25734	-117.0905	-382.851	265.7605	1.342703	2.044273
25740	-123.2933	-387.4891	264.1957	1.58594	2.875698
25746	-118.0841	-383.5386	265.4545	1.508697	2.136329
25752	-111.1285	-376.3367	265.2082	1.341941	2.401293
25758	-108.8572	-374.3689	265.5117	1.40808	2.164613
25764	-96.07704	-360.7635	264.6865	1.308523	2.745921
25770	-100.4748	-366.2799	265.8051	1.474984	1.926048
25776	-98.70357	-365.0883	266.3847	1.851313	1.219622
25782	-114.6466	-381.196	266.5494	2.234088	0.5075945
25788	-116.1342	-382.6837	266.5495	2.234088	0.4955208
25794	-106.0185	-372.3637	266.3452	2.393139	0.3643293
25800	-113.1157	-379.4131	266.2974	1.845766	1.296691
25806	-113.1041	-379.0286	265.9245	1.702526	1.686068
25812	-111.1133	-377.0734	265.9601	1.75203	1.625073
25818	-107.7382	-374.0712	266.3331	1.790763	1.312387
25824	-114.8255	-380.8037	265.9782	1.821125	1.561559
25830	-110.0995	-376.3916	266.2921	2.093951	1.087084
25836	-112.2957	-378.4593	266.1635	2.143186	1.158621
25842	-111.5595	-378.0678	266.5083	2.21719	0.6904115
25848	-112.1568	-378.6427	266.4859	2.294393	0.5419424
25854	-95.35086	-361.2441	265.8932	1.495219	1.852372
25860	-98.30198	-364.1426	265.8406	1.547853	1.852372
25866	-104.1043	-370.1756	266.0713	1.521732	1.710126
25872	-107.3917	-373.8407	266.4491	1.453736	1.484496
25878	-108.3449	-374.3138	265.9689	1.620529	1.712701
25884	-124.4598	-390.8813	266.4214	1.587869	1.40304
25890	-113.5267	-376.9067	263.38	1.518402	3.40123
25896	-115.4202	-379.9448	264.5246	1.542141	2.702005
25902	-110.9989	-372.8244	261.8255	1.302157	4.417314
25908	-118.1909	-380.3956	262.2047	1.231213	4.243038
25914	-153.0439	-419.2171	266.1732	1.826728	1.410305
25920	-119.6121	-382.9294	263.3173	1.054168	3.707886
25926	-116.3851	-377.8455	261.4604	1.235556	4.659868
25932	-106.5828	-370.0237	263.4409	1.080842	3.620836
25938	-113.5083	-377.8631	264.3548	1.187063	3.020058
25944	-117.4787	-383.2823	265.8036	1.458162	1.938449
25950	-119.6426	-386.1295	266.4869	2.240963	0.6860037
25956	-106.7476	-373.2553	266.5077	2.220162	0.6860037
25962	-117.9747	-384.6044	266.6298	2.129069	0.6196246
25968	-124.6559	-391.0972	266.4413	2.337261	0.4515154
25974	-125.676	-392.0725	266.3965	2.387036	0.5046298
25980	-130.5961	-396.4712	265.8752	2.074821	1.448725
25986	-126.244	-392.2839	266.0399	2.342573	1.090372
25992	-129.091	-395.4374	266.3464	2.25604	0.8641397
25998	-127.5425	-393.8078	266.2653	2.242119	0.9687944
26004	-126.8266	-393.0014	266.1748	2.428789	0.8628114
26010	-137.491	-403.8049	266.3138	2.089193	1.071281
26016	-132.575	-398.1048	265.5298	1.776351	1.908463
26022	-117.1465	-383.2926	266.146	2.581885	0.3511871
26028	-119.4297	-385.5415	266.1117	2.606277	0.3400879
26034	-118.2141	-384.6292	266.4151	2.353901	0.5902235
26040	-113.9795	-380.3845	266.405	2.341225	0.6494419
26046	-111.2517	-377.646	266.3944	2.331929	0.688874
26052	-116.722	-382.9203	266.1984	2.483104	0.76123
26058	-105.3458	-371.9143	266.5685	2.103611	0.7745722
26064	-105.2617	-371.73	266.4684	2.104995	0.8977642
26070	-110.3324	-377.0836	266.7512	1.79875	0.9237193
26076	-107.2918	-373.6217	266.3299	1.983471	1.152782
26082	-116.2392	-382.5982	266.359	2.319141	0.7660838
26088	-111.0814	-377.6142	266.5328	2.126526	0.7922968
26094	-120.4887	-386.9201	266.4314	2.139993	0.899981
26100	-118.6046	-385.2723	266.6677	2.067604	0.6719715
26106	-108.12	-374.7335	266.6134	2.170097	0.5055152
26112	-111.7347	-378.2743	266.5396	2.243981	0.5055152
26118	-120.7087	-387.3873	266.6786	2.091885	0.5853002
26124	-110.873	-377.3392	266.4662	2.24599	0.7134675
26130	-117.2222	-383.8533	266.6311	1.990418	0.8410923
26136	-115.6411	-381.8942	266.2532	1.967633	1.2325
26142	-116.3194	-383.0496	266.7302	1.805339	0.9392965
26148	-121.8048	-387.7597	265.9549	1.864267	1.546938
26154	-105.7707	-371.8685	266.0978	1.717845	1.549498
26160	-107.3003	-373.4865	266.1862	1.71649	1.484637
26166	-120.1533	-386.2682	266.1149	1.47078	1.715309
26172	-114.3022	-380.4291	266.1268	1.491338	1.692356
26178	-106.1561	-371.8181	265.6619	1.661784	1.896523
26184	-110.0886	-376.0755	265.9869	1.423424	1.837393
26190	-98.90076	-365.4466	266.5458	1.729419	1.186089
26196	-106.9459	-373.5094	266.5635	1.883115	1.029693
26202	-103.7996	-369.9909	266.1913	1.816888	1.40388
26208	-110.7284	-373.9379	263.2095	1.927419	3.26094
26214	-113.7435	-379.3312	265.5877	2.123105	1.626033
26220	-103.0782	-369.5462	266.468	1.853705	1.145408
26226	-96.04998	-362.6825	266.6326	1.903965	0.9382285
26232	-94.38711	-360.8787	266.4916	1.906092	1.076257
26238	-95.24575	-361.9762	266.7305	1.812831	0.9309337
26244	-98.69547	-365.2339	266.5384	2.070814	0.8560624
26250	-108.9996	-375.5294	266.5298	2.077729	0.8580321
26256	-119.0706	-385.6844	266.6138	2.095488	0.7183429
26262	-116.6733	-383.2625	266.5892	1.93583	0.9504299
26268	-112.0589	-378.8207	266.7618	1.86891	0.8295872
26274	-115.376	-382.0009	266.6249	2.119841	0.652637
26280	-100.0326	-366.4936	266.461	2.32104	0.4726499
26286	-96.95457	-363.311	266.3564	2.419637	0.4409232
26292	-122.5013	-388.67	266.1687	1.695535	1.513414
26298	-121.8817	-387.446	265.5643	2.200988	1.586486
26304	-116.6002	-383.0449	266.4447	1.781981	1.227534
26310	-102.7693	-369.2825	266.5132	1.69208	1.245523
26316	-102.9997	-369.6355	266.6358	1.866114	0.974518
26322	-109.0352	-375.8344	266.7993	1.94057	0.6628147
26328	-101.9958	-368.494	266.4982	1.886519	1.088323
26334	-110.172	-376.8811	266.709	1.822903	0.9431198
26340	-112.9733	-377.1426	264.1694	1.363815	3.025292
26346	-107.591	-372.4617	264.8707	1.251974	2.667639
26352	-106.8151	-373.4853	266.6703	2.039793	0.7169831
26358	-100.5208	-367.1011	266.5802	2.116558	0.7382165
26364	-98.37464	-364.6897	266.3151	2.456499	0.4265306
26370	-100.8383	-367.2153	266.3771	2.403732	0.4634774
26376	-94.09874	-360.5256	266.4269	2.356203	0.4841866
26382	-105.936	-372.3339	266.3978	2.380845	0.4519843
26388	-94.89354	-360.7347	265.8411	2.820582	0.2919695
26394	-95.76255	-361.7079	265.9453	2.687407	0.2731646
26400	-92.51941	-358.41	265.8906	2.762815	0.2862887
26406	-95.30847	-360.944	265.6355	2.882131	0.2180493
26412	-102.2018	-367.9653	265.7634	2.781014	0.2288832
26418	-108.6737	-374.5814	265.9077	2.770698	0.304276
26424	-111.7038	-378.0876	266.3837	2.002234	1.08719
26430	-111.7288	-377.7781	266.0494	2.624611	0.3008975
26436	-110.6549	-376.9572	266.3022	2.481332	0.5038332
26442	-107.6964	-374.1901	266.4937	2.286077	0.5451186
26448	-113.276	-379.8498	266.5738	2.204911	0.5512206
26454	-114.7005	-380.8456	266.1452	2.129301	1.186757
26460	-108.119	-374.6609	266.5419	2.085496	0.8337719
26466	-105.7977	-372.2061	266.4085	2.375097	0.4968394
26472	-107.2802	-373.7434	266.4632	2.320262	0.4929196
26478	-109.2963	-375.8938	266.5975	2.186113	0.5021795
26484	-104.4578	-370.9494	266.4916	2.249163	0.6609159
26490	-95.73966	-362.233	266.4934	2.282113	0.5664396
26496	-100.8117	-367.3473	266.5355	2.243903	0.546978
26502	-111.0522	-377.6305	266.5783	2.201118	0.546978
26508	-104.8983	-371.4444	266.5461	2.20917	0.6285525
26514	-93.77358	-358.5765	264.8029	2.027449	2.222534
26520	-102.4272	-366.4675	264.0404	1.615521	2.951594
26526	-101.8939	-366.1814	264.2875	1.783877	2.699146
26532	-113.8673	-378.1945	264.3272	1.939591	2.578623
26538	-109.3356	-374.2628	264.9272	1.89915	2.225103
26544	-107.3507	-372.7984	265.4477	1.924026	1.86384
26550	-111.256	-376.5001	265.2441	2.266178	1.768237
26556	-118.3993	-382.7129	264.3136	2.437762	2.273278
26562	-129.3136	-395.2166	265.903	2.23201	1.30331
26568	-114.0377	-380.5832	266.5454	2.006304	0.9217862
26574	-111.3623	-377.8947	266.5325	2.137492	0.7776309
26580	-129.8831	-395.049	265.1659	1.997762	2.004143
26586	-118.3895	-383.4627	265.0732	2.090497	2.004143
26592	-116.0794	-382.3848	266.3054	2.06051	1.105581
26598	-117.3089	-383.3165	266.0076	1.812172	1.546478
26604	-110.3646	-376.5497	266.1851	1.927558	1.321403
26610	-118.2119	-384.5918	266.3799	1.679357	1.363943
26616	-116.2381	-382.6881	266.4499	1.782435	1.222736
26622	-116.643	-382.4487	265.8057	2.193247	1.411039
26628	-124.8897	-390.9569	266.0672	2.368944	1.039864
26634	-113.4508	-379.9932	266.5424	2.105428	0.8076365
26640	-116.7112	-383.0255	266.3142	1.939589	1.204492
26646	-113.4555	-379.9039	266.4484	1.947919	1.077598
26652	-126.7485	-393.2527	266.5042	2.232606	0.6689748
26658	-117.4238	-383.7731	266.3494	2.28374	0.8265861
26664	-118.7557	-384.9835	266.2279	1.890249	1.316976
26670	-127.6465	-393.2587	265.6122	1.561558	1.997442
26676	-116.2185	-382.5055	266.287	1.585942	1.506959
26682	-124.5793	-388.1044	263.5251	1.508401	3.32191
26688	-131.4968	-396.5182	265.0215	1.527832	2.40184
26694	-136.6401	-400.7652	264.125	1.243396	3.123655
26700	-120.7	-386.9484	266.2484	2.114327	1.108517
26706	-116.0102	-381.8416	265.8315	2.371204	1.247666
26712	-118.5879	-385.0244	266.4366	2.245708	0.7600527
26718	-117.5674	-383.6951	266.1277	2.542757	0.7769924
26724	-130.2336	-396.3211	266.0875	2.530418	0.8454447
26730	-124.7657	-390.8158	266.0501	2.727985	0.4491497
26736	-127.5506	-393.7126	266.162	2.620463	0.4769143
26742	-119.4382	-383.4297	263.9916	1.716139	2.920369
26748	-117.2328	-382.8675	265.6347	1.839978	1.792954
26754	-109.4753	-375.8817	266.4063	2.032408	1.037314
26760	-108.3942	-374.3596	265.9654	1.917247	1.499673
26766	-111.6596	-377.5265	265.8669	1.977395	1.528284
26772	-109.0023	-374.8678	265.8655	1.862903	1.613331
26778	-116.0016	-380.2949	264.2933	2.450215	2.278329
26784	-109.5227	-375.5242	266.0015	2.202294	1.246702
26790	-118.8094	-382.4952	263.6857	2.882171	2.390085
26796	-123.073	-387.3172	264.2442	2.967407	1.972106
26802	-110.8093	-376.7127	265.9034	1.89732	1.560533
26808	-94.33056	-360.7417	266.4112	2.064896	1.000657
26814	-110.7064	-376.2758	265.5694	1.741448	1.905275
26820	-122.313	-388.6245	266.3115	1.867493	1.267364
26826	-118.7169	-384.2186	265.5017	1.559099	2.072279
26832	-121.5249	-386.7699	265.245	1.394417	2.344762
26838	-119.1139	-384.8254	265.7116	1.546255	1.941088
26844	-128.6572	-394.8354	266.1782	1.609354	1.57021
26850	-112.1766	-378.045	265.8683	1.690102	1.734515
26856	-124.3895	-390.618	266.2285	1.399384	1.685451
26862	-119.6834	-385.4431	265.7597	1.598484	1.873049
26868	-129.4955	-395.2752	265.7797	1.404535	1.99042
26874	-121.4281	-385.9966	264.5685	1.197641	2.885049
26880	-121.7634	-383.9616	262.1982	1.15317	4.290921
26886	-104.93	-368.114	263.184	1.203575	3.698546
26892	-110.6028	-375.2115	264.6087	1.365671	2.75854
26898	-105.7222	-370.7603	265.0381	1.282912	2.544916
26904	-122.8167	-386.1962	263.3795	1.197799	3.5886
26910	-130.1809	-395.9219	265.741	1.72371	1.799854
26916	-128.9978	-394.383	265.3852	1.575329	2.138026
26922	-123.9841	-387.7808	263.7967	1.037681	3.438716
26928	-109.8714	-371.4034	261.532	1.049481	4.723979
26934	-133.5715	-398.3071	264.7356	1.219775	2.770145
26940	-111.231	-373.2311	262.0001	1.325946	4.305296
26946	-105.7471	-368.3049	262.5578	1.366056	3.965228
26952	-108.9794	-372.7163	263.7369	1.486892	3.209521
26958	-112.7492	-378.1808	265.4317	1.64078	2.064628
26964	-135.1981	-400.3237	265.1256	1.973882	2.046755
26970	-113.1184	-378.2616	265.1433	1.850291	2.116468
26976	-105.6173	-371.2287	265.6114	1.764122	1.861221
26982	-103.3759	-369.5754	266.1995	1.941755	1.298247
26988	-111.7338	-377.8763	266.1425	1.789656	1.462278
26994	-123.5526	-390.0038	266.4512	1.860978	1.153795
27000	-116.46	-381.7565	265.2964	1.800105	2.048721
27006	-120.7841	-385.4596	264.6755	1.601135	2.572499
27012	-120.1371	-386.1934	266.0563	2.024339	1.347005
27018	-113.9714	-380.3934	266.422	1.817345	1.216809
27024	-117.0008	-383.4056	266.4048	1.914729	1.147301
27030	-114.4442	-380.6886	266.2443	1.926264	1.274252
27036	-113.0953	-379.4998	266.4046	1.988315	1.080773
27042	-116.6194	-383.0678	266.4484	1.976424	1.050668
27048	-98.46987	-365.0716	266.6017	2.139044	0.6610159
27054	-111.3902	-377.7934	266.4031	2.069561	1.004037
27060	-96.9875	-363.3891	266.4016	2.043669	1.031011
27066	-99.27972	-365.5676	266.2879	1.757122	1.375143
27072	-116.0288	-382.2992	266.2704	1.797142	1.357353
27078	-107.8822	-374.6681	266.7858	1.755082	0.9335063
27084	-104.8157	-371.3097	266.4941	1.860201	1.116193
27090	-120.6138	-386.8949	266.2811	2.483553	0.6037797
27096	-118.9474	-385.242	266.2946	2.470028	0.6037797
27102	-109.5397	-376.0605	266.5209	2.029479	0.9232942
27108	-102.6837	-369.2837	266.6	1.950381	0.9232942
27114	-98.03897	-364.745	266.706	1.82735	0.9416088
27120	-104.9637	-371.4588	266.4951	2.038265	0.9416088
27126	-107.8739	-374.4529	266.579	1.954328	0.9416088
27132	-108.1607	-374.3411	266.1804	1.943282	1.312485
27138	-122.7011	-388.5564	265.8553	1.921448	1.578112
27144	-115.112	-381.1786	266.0667	1.995887	1.361334
27150	-99.40765	-365.6375	266.2298	1.776892	1.405044
27156	-105.5782	-371.5923	266.0141	1.70131	1.622716
27162	-105.8578	-371.6459	265.7881	1.980778	1.583842
27168	-96.89116	-363.0345	266.1433	1.973948	1.317674
27174	-111.9436	-378.1694	266.2258	1.87628	1.32986
27180	-103.4324	-369.4016	265.9692	1.842177	1.552646
27186	-106.5092	-372.5824	266.0732	1.517152	1.712023
27192	-117.3763	-384.1072	266.731	1.685158	1.058948
27198	-118.4626	-384.9842	266.5216	2.060304	0.8881014
27204	-118.2591	-384.9482	266.6891	2.043302	0.6774596
27210	-120.2713	-386.5816	266.3103	1.901914	1.23969
27216	-125.3669	-391.8628	266.4959	2.182272	0.7660002
27222	-133.2522	-399.6293	266.3771	2.351362	0.6848406
27228	-124.4023	-390.7226	266.3203	2.462068	0.5249687
27234	-133.7742	-400.1914	266.4172	2.345204	0.6101691
27240	-115.2817	-380.9017	265.6199	2.936714	0.2341364
27246	-118.6161	-384.3102	265.6942	2.969125	0.2930841
27252	-115.2242	-380.7903	265.5661	3.002347	0.2394639
27258	-114.2802	-379.7214	265.4413	3.002347	0.1923525
27264	-110.843	-376.5479	265.7049	2.876638	0.2456407
27270	-117.8819	-384.1122	266.2303	2.463991	0.317327
27276	-112.2766	-378.2548	265.9783	2.731064	0.3312403
27282	-114.4783	-380.7767	266.2983	2.479832	0.4497505
27288	-112.9185	-379.6064	266.6878	2.032878	0.6988587
27294	-113.5803	-380.1756	266.5954	1.850379	1.030546
27300	-120.0555	-386.4464	266.3908	1.661246	1.36958
27306	-112.6577	-379.1281	266.4704	1.699902	1.274533
27312	-105.6988	-372.3462	266.6474	1.992673	0.8177248
27318	-118.5616	-385.1788	266.6173	1.865202	0.9942749
27324	-115.7367	-382.3437	266.607	2.099871	0.7221546
27330	-113.9145	-380.0926	266.1781	2.06535	1.213293
27336	-123.8256	-390.2328	266.4071	1.840101	1.210126
27342	-116.4746	-382.9469	266.4723	2.295393	0.5944219
27348	-127.7726	-394.2681	266.4955	2.271625	0.5964086
27354	-116.6434	-382.9733	266.33	2.453575	0.5045132
27360	-98.89493	-365.1188	266.2239	2.515363	0.3654562
27366	-104.0656	-370.2957	266.2301	2.511668	0.3689735
27372	-110.4118	-376.8165	266.4047	2.363508	0.4172231
27378	-118.0808	-384.4993	266.4186	2.365027	0.500642
27384	-121.1872	-387.527	266.3398	2.442591	0.475742
27390	-113.3985	-373.3019	259.9034	1.101685	5.596939
27396	-113.293	-378.4562	265.1632	1.406435	2.388984
27402	-108.9996	-375.3373	266.3378	1.75648	1.336154
27408	-108.6452	-374.1892	265.5439	1.839834	1.855589
27414	-111.9415	-376.0768	264.1353	1.698877	2.843844
27420	-115.4362	-381.893	266.4568	2.253306	0.7169294
27426	-117.9255	-384.5195	266.5941	2.179196	0.5753453
27432	-118.8673	-385.1801	266.3128	2.356535	0.7785765
27438	-104.9112	-371.3661	266.4549	2.20946	0.7854383
27444	-108.2019	-374.0441	265.8422	2.142261	1.422241
27450	-119.0665	-385.2908	266.2243	2.544907	0.4199024
27456	-120.339	-386.5763	266.2373	2.50499	0.3697219
27462	-110.8263	-376.4381	265.6118	1.998216	1.698102
27468	-110.8408	-376.3341	265.4934	1.650871	2.017086
27474	-104.4749	-370.0391	265.5641	1.564808	2.027237
27480	-107.8715	-373.6859	265.8144	1.760225	1.723122
27486	-113.2265	-379.203	265.9765	1.946735	1.469099
27492	-119.0746	-384.6215	265.5469	2.132561	1.648632
27498	-122.5146	-387.6389	265.1243	2.084214	1.974199
27504	-131.6673	-396.2654	264.5981	1.7981	2.497997
27510	-120.8841	-385.5939	264.7098	1.815507	2.416951
27516	-123.6533	-388.4989	264.8456	1.886477	2.285678
27522	-145.0143	-409.8536	264.8392	1.87482	2.297197
27528	-139.0057	-403.9697	264.964	1.473955	2.471863
27534	-119.7177	-384.6949	264.9773	1.692368	2.325538
27540	-113.7995	-378.6033	264.8038	1.722574	2.416286
27546	-121.0169	-385.9775	264.9606	1.550505	2.425937
27552	-116.2181	-381.4006	265.1825	1.539848	2.291894
27558	-109.9734	-374.1424	264.169	1.685257	2.831681
27564	-118.0521	-384.2501	266.198	1.791563	1.418355
27570	-122.0474	-387.5302	265.4828	1.780348	1.937502
27576	-120.0553	-385.0525	264.9972	1.906609	2.174951
27582	-133.4832	-398.1432	264.66	1.725125	2.50493
27588	-135.4285	-400.0832	264.6547	1.718993	2.512088
27594	-123.3778	-389.0208	265.643	2.305202	1.450068
27600	-123.8929	-389.5109	265.618	2.637162	1.203321
27606	-120.9468	-386.085	265.1382	1.934385	2.064537
27612	-124.5029	-390.8641	266.3612	1.879978	1.215268
27618	-127.937	-394.5043	266.5673	2.191947	0.618637
27624	-118.9325	-385.4682	266.5357	2.239276	0.5686483
27630	-108.3237	-374.8581	266.5344	2.108561	0.8139581
27636	-110.5419	-377.2438	266.7019	2.038891	0.6609211
27642	-102.7241	-369.4025	266.6784	2.022686	0.7315438
27648	-112.1484	-378.638	266.4896	1.841255	1.137257
27654	-93.12412	-359.7187	266.5946	1.73033	1.14253
27660	-87.1279	-353.3281	266.2002	1.885478	1.343001
27666	-99.13059	-364.7458	265.6152	1.617473	1.958013
27672	-105.7819	-369.571	263.789	1.723744	3.037495
27678	-105.633	-369.5763	263.9433	1.716834	2.949053
27684	-133.0552	-397.9592	264.904	1.95782	2.202159
27690	-125.1216	-387.6087	262.487	2.028843	3.624275
27696	-113.8967	-377.3034	263.4067	1.483899	3.405843
27702	-128.3819	-390.6092	262.2273	1.297708	4.192494
27708	-126.6809	-387.6786	260.9977	1.258016	4.905742
27714	-120.4272	-382.5897	262.1625	1.15589	4.309595
27720	-133.5547	-396.4841	262.9293	1.462935	3.695846
27726	-123.4752	-388.1891	264.7139	1.354967	2.700688
27732	-122.3976	-384.3051	261.9075	1.28367	4.381499
27738	-131.3512	-395.914	264.5629	1.194537	2.890363
27744	-141.8262	-402.3821	260.5559	1.491178	5.021724
27750	-123.9286	-387.951	264.0223	1.783689	2.860938
27756	-116.093	-380.5116	264.4185	1.47332	2.808822
27762	-121.3077	-384.8761	263.5683	1.321008	3.406568
27768	-108.9328	-372.3712	263.4384	1.556608	3.344512
27774	-100.9806	-364.4867	263.5061	1.278806	3.467668
27780	-111.8911	-375.8752	263.9841	1.288989	3.180342
27786	-114.1912	-376.994	262.8028	1.350071	3.833859
27792	-125.226	-391.3968	266.1708	1.724875	1.489888
27798	-124.133	-390.6836	266.5507	2.078795	0.8311966
27804	-111.8549	-377.1652	265.3103	1.777853	2.054259
27810	-111.7864	-377.2695	265.4831	1.865634	1.879525
27816	-112.5755	-378.9029	266.3274	2.205026	0.9426359
27822	-115.5692	-382.0112	266.4419	2.101234	0.9311034
27828	-127.1791	-393.5817	266.4026	1.983716	1.086847
27834	-110.7489	-377.3335	266.5845	2.04017	0.8371477
27840	-106.5836	-372.8427	266.2591	1.781185	1.378853
27846	-100.117	-366.1044	265.9874	1.76707	1.59438
27852	-102.0048	-367.4795	265.4747	1.527407	2.110845
27858	-105.4204	-370.9317	265.5113	1.489634	2.111644
27864	-97.4276	-363.76	266.3324	1.572784	1.482727
27870	-96.7073	-363.2315	266.5242	1.754247	1.183278
27876	-91.35356	-357.8079	266.4544	1.703084	1.285043
27882	-99.77147	-366.0017	266.2302	1.711252	1.455227
27888	-97.47846	-363.7328	266.2544	1.743014	1.412288
27894	-98.32815	-364.9592	266.631	1.97419	0.8608701
27900	-100.679	-367.3617	266.6826	1.857659	0.934171
27906	-96.73025	-363.3106	266.5803	2.121387	0.7305168
27912	-96.68538	-362.9806	266.2952	2.485673	0.4640374
27918	-103.4451	-369.9035	266.4583	2.29852	0.6246828
27924	-114.5459	-381.0239	266.478	2.27566	0.632473
27930	-112.7291	-379.1319	266.4027	2.369739	0.5783116
27936	-110.5695	-376.8337	266.2642	2.506513	0.4241098
27942	-109.7827	-375.8203	266.0376	2.664378	0.3241982
27948	-107.7394	-373.9735	266.2341	2.523866	0.6220035
27954	-100.7404	-367.3306	266.5902	2.1756	0.6002139
27960	-97.18862	-363.7735	266.5849	1.987341	0.8990463
27966	-101.177	-367.6411	266.4641	1.873603	1.131147
27972	-98.75682	-365.0752	266.3184	1.767005	1.343206
27978	-104.8942	-370.6552	265.761	1.86701	1.685371
27984	-92.53139	-358.3979	265.8665	1.76147	1.685371
27990	-87.40167	-353.9366	266.5349	1.628099	1.280471
27996	-104.763	-371.0489	266.2859	1.838311	1.312086
28002	-96.20984	-362.9541	266.7443	1.840275	0.8850286
28008	-107.8023	-374.318	266.5157	2.043149	0.9139379
28014	-105.6869	-372.1003	266.4134	2.190359	0.8625567
28020	-108.8876	-375.3337	266.4461	2.313728	0.6172038
28026	-111.831	-378.4536	266.6226	1.943513	0.9058941
28032	-113.3619	-379.8025	266.4406	1.960141	1.073401
28038	-112.8996	-379.1355	266.2359	1.822864	1.36432
28044	-111.682	-378.2851	266.6031	1.926584	0.9455497
28050	-106.4507	-372.8568	266.4061	1.885414	1.171961
28056	-111.3283	-377.2965	265.9682	1.829964	1.5624
28062	-104.7626	-370.9176	266.155	1.802209	1.443213
28068	-105.7232	-372.2928	266.5696	1.900203	1.006888
28074	-105.6328	-371.9549	266.3221	1.840745	1.280619
28080	-110.3781	-377.026	266.6479	1.885572	0.9415359
28086	-105.6612	-372.1949	266.5337	2.101319	0.8242055
28092	-99.17269	-365.8197	266.647	1.948887	0.8718677
28098	-93.9913	-360.6676	266.6763	2.028241	0.7259294
28104	-102.8701	-369.3695	266.4994	2.207684	0.7218178
28110	-101.3499	-367.7906	266.4408	2.224942	0.7835843
28116	-101.9395	-368.3774	266.4379	2.161753	0.8673934
28122	-121.1138	-386.8077	265.6939	1.349938	2.083444
28128	-129.0205	-395.1787	266.1582	1.576126	1.60901
28134	-95.0438	-361.5762	266.5324	2.232998	0.6014341
28140	-102.908	-369.5256	266.6176	2.12329	0.6606797
28146	-102.5406	-368.9793	266.4386	2.302258	0.6606797
28152	-104.5083	-370.9075	266.3992	2.383123	0.5258094
28158	-88.64446	-354.8573	266.2128	2.538421	0.3833629
28164	-97.06493	-363.5384	266.4735	2.261794	0.671936
28170	-91.07708	-357.5142	266.4371	2.061889	0.9774918
28176	-92.52125	-358.9001	266.3789	2.038953	1.057344
28182	-93.1914	-359.7972	266.6058	2.045484	0.8030854
28188	-90.91774	-357.4983	266.5805	2.112145	0.7445196
28194	-97.98672	-364.5031	266.5163	2.106572	0.8393632
28200	-107.9248	-374.4399	266.515	2.106572	0.8409794
28206	-100.1695	-366.345	266.1756	2.597736	0.4316104
28212	-100.1468	-366.6107	266.4639	2.319619	0.507662
28218	-89.60483	-355.9261	266.3212	2.461543	0.4800907
28224	-89.12659	-355.2774	266.1508	2.570507	0.343665
28230	-92.24887	-357.9834	265.7345	2.850163	0.2471574
28236	-93.34246	-359.1979	265.8555	2.775583	0.272165
28242	-95.82503	-361.9441	266.1191	2.611924	0.3549134
28248	-97.46074	-363.8858	266.4251	2.352199	0.5583965
28254	-93.82066	-360.1157	266.295	2.48216	0.4453441
28260	-98.88433	-365.1872	266.3029	2.478777	0.4695786
28266	-95.71652	-362.0433	266.3268	2.454841	0.4695786
28272	-106.9108	-373.2189	266.308	2.473647	0.4695786
28278	-109.6382	-375.8955	266.2573	2.526182	0.5069016
28284	-111.0493	-376.7737	265.7245	2.948177	0.2998928
28290	-125.2032	-391.0433	265.8401	2.904288	0.3728003
28296	-122.894	-389.103	266.2089	2.56436	0.4316464
28302	-107.6291	-374.0517	266.4226	2.35756	0.4594241
28308	-121.1476	-387.515	266.3674	2.307287	0.7710104
28314	-132.6211	-398.0769	265.4558	3.133107	0.2492387
28320	-108.5073	-374.8428	266.3354	2.438497	0.5727755
28326	-102.9172	-369.2506	266.3334	2.418995	0.635494
28332	-102.0498	-368.2742	266.2244	2.547287	0.4267235
28338	-106.3066	-372.5548	266.2483	2.534416	0.4790286
28344	-112.6503	-378.2269	265.5766	3.067965	0.2805223
28350	-103.7642	-369.9805	266.2164	2.559006	0.4385439
28356	-108.2784	-374.5666	266.2882	2.490234	0.5527339
28362	-110.6666	-377.0968	266.4302	2.257278	0.752406
28368	-109.5461	-376.0074	266.4613	1.835252	1.167558
28374	-99.81139	-366.1358	266.3244	2.444672	0.5900333
28380	-110.9191	-377.2062	266.2871	2.4926	0.5454089
28386	-100.7199	-367.0626	266.3427	2.440177	0.4816541
28392	-97.86433	-363.9908	266.1264	2.604984	0.3553659
28398	-95.86328	-361.9897	266.1264	2.604984	0.3553659
28404	-91.66632	-357.7978	266.1315	2.607988	0.3658171
28410	-102.4425	-368.5801	266.1376	2.632661	0.4226457
28416	-114.1356	-380.3321	266.1965	2.559645	0.3918105
28422	-102.012	-368.1895	266.1775	2.589793	0.4150685
28428	-94.51123	-360.565	266.0538	2.669931	0.3462866
28434	-103.6643	-369.8625	266.1982	2.576973	0.4379357
28440	-103.9728	-370.6321	266.6594	1.95392	0.8511587
28446	-109.2828	-375.1821	265.8993	1.972286	1.507949
28452	-104.6377	-371.3399	266.7022	1.774993	0.9995549
28458	-101.2008	-367.5133	266.3125	1.749457	1.361829
28464	-105.2389	-371.5755	266.3366	1.81598	1.289012
28470	-96.38751	-362.1768	265.7893	1.66796	1.805032
28476	-96.33882	-362.6812	266.3424	1.672274	1.398875
28482	-90.90348	-357.5095	266.6061	1.984496	0.8780935
28488	-89.06037	-355.7585	266.6981	1.952101	0.8044586
28494	-98.36198	-364.9041	266.5422	2.088879	0.8292245
28500	-96.25483	-362.8203	266.5655	2.061774	0.8339441
28506	-107.0849	-373.6472	266.5623	2.219419	0.5310158
28512	-110.1305	-376.6583	266.5279	2.128334	0.7965161
28518	-102.222	-368.8058	266.5838	2.129078	0.712396
28524	-106.0415	-372.3971	266.3556	2.332634	0.7511984
28530	-107.4514	-373.7706	266.3193	2.455725	0.5684037
28536	-114.9679	-381.292	266.324	2.457699	0.4701888
28542	-96.34413	-362.7284	266.3843	2.382149	0.5984036
28548	-104.8287	-371.3153	266.4866	2.272145	0.6199447
28554	-102.0582	-367.6298	265.5716	2.955309	0.221688
28560	-92.28692	-357.5439	265.2569	3.09107	0.1657585
28566	-94.17981	-359.4471	265.2673	3.130136	0.1787421
28572	-89.65368	-354.8422	265.1885	3.138603	0.1606894
28578	-101.5908	-367.0488	265.458	3.035838	0.2091867
28584	-109.2573	-374.8577	265.6005	3.026762	0.269895
28590	-118.4963	-384.2281	265.7318	2.895402	0.269895
28596	-112.9916	-378.76	265.7684	2.96155	0.3535581
28602	-103.4928	-368.9651	265.4723	3.108298	0.2451747
28608	-105.5749	-371.0015	265.4266	3.130996	0.2345585
28614	-99.42696	-364.9824	265.5554	2.977287	0.2240225
28620	-91.96485	-357.513	265.5482	3.0295	0.2437669
28626	-90.78866	-356.4105	265.6218	2.95583	0.2437669
28632	-91.57327	-357.9926	266.4194	2.364221	0.498402
28638	-104.0295	-370.3573	266.3278	2.439637	0.5953561
28644	-106.3036	-372.6868	266.3832	2.387264	0.5854938
28650	-95.14228	-361.516	266.3737	2.409847	0.4958092
28656	-93.6221	-360.004	266.3819	2.234262	0.8476633
28662	-94.37242	-360.8037	266.4313	2.325602	0.6246885
28668	-89.97052	-356.6005	266.6299	2.084707	0.7093435
28674	-94.11305	-360.7447	266.6317	2.08298	0.7093435
28680	-101.9225	-368.3141	266.3916	2.304521	0.7392718
28686	-103.0889	-369.3843	266.2955	2.476658	0.5796685
28692	-113.6308	-379.9803	266.3495	2.431974	0.4680449
28698	-113.8232	-380.0631	266.24	2.540936	0.4641919
28704	-114.4175	-380.8016	266.3841	2.393638	0.5561699
28710	-91.59912	-358.0736	266.4744	2.167991	0.814681
28716	-100.3016	-366.8509	266.5492	2.109845	0.7926346
28722	-105.6211	-371.9354	266.3142	2.030727	1.124616
28728	-123.232	-388.882	265.65	1.942897	1.710248
28734	-107.0481	-373.5316	266.4835	1.910747	1.079471
28740	-112.1421	-378.442	266.2999	2.455687	0.6278803
28746	-119.6407	-385.9418	266.301	2.454538	0.6278803
28752	-111.7434	-377.669	265.9257	2.763629	0.3130909
28758	-105.878	-371.7048	265.8268	2.824758	0.2850349
28764	-105.0507	-370.8075	265.7568	2.77732	0.2246004
28770	-107.74	-373.9526	266.2126	2.569206	0.4706398
28776	-96.22534	-362.8973	266.6719	2.098475	0.5856767
28782	-91.38084	-357.7141	266.3332	2.445203	0.5526323
28788	-99.49235	-365.9302	266.4379	2.343102	0.4647845
28794	-106.4872	-372.9011	266.4139	2.1349	0.9250248
28800	-99.65391	-366.1218	266.4679	2.268878	0.6690345
28806	-102.4908	-368.6606	266.1698	2.408556	0.8921316
28812	-104.5143	-370.7483	266.234	2.461006	0.7410012
28818	-98.11842	-364.7228	266.6044	2.090607	0.7410012
28824	-104.0062	-370.5551	266.5489	2.055551	0.8617566
28830	-99.47614	-366.057	266.5808	2.091034	0.7749868
28836	-104.4432	-370.8049	266.3617	2.412137	0.5730377
28842	-99.11063	-364.839	265.7284	2.178742	1.481247
28848	-105.8309	-371.6264	265.7955	1.808897	1.702076
28854	-106.7553	-372.9211	266.1659	1.660702	1.541452
28860	-109.8534	-376.0274	266.174	1.652551	1.541452
28866	-92.20646	-357.8922	265.6858	1.77798	1.800547
28872	-89.36562	-355.1988	265.8331	1.630599	1.800547
28878	-93.60818	-359.3665	265.7583	2.116633	1.505453
28884	-90.89938	-357.1762	266.2769	1.633798	1.478588
28890	-102.081	-366.6006	264.5197	1.272999	2.869031
28896	-108.7214	-372.3387	263.6173	1.268609	3.408545
28902	-105.7222	-369.4964	263.7742	1.238294	3.334224
28908	-105.269	-368.0234	262.7544	1.234276	3.928111
28914	-97.23039	-360.6203	263.3899	1.300514	3.522809
28920	-114.8149	-381.3123	266.4974	2.274035	0.5820689
28926	-115.6161	-382.0862	266.4701	2.29035	0.6154077
28932	-96.31695	-362.4477	266.1307	1.429654	1.733155
28938	-96.88408	-362.6165	265.7324	1.350917	2.057428
28944	-97.13222	-363.0315	265.8992	1.39578	1.915972
28950	-97.82203	-363.5774	265.7554	1.417491	1.997991
28956	-92.15039	-357.9148	265.7644	1.456228	1.966074
28962	-101.3464	-366.8178	265.4713	1.504053	2.128358
28968	-104.2086	-369.8007	265.5921	1.361803	2.142393
28974	-96.09117	-361.2783	265.1872	1.414214	2.368895
28980	-106.756	-371.4415	264.6855	1.26609	2.772448
28986	-114.7152	-378.0551	263.3399	1.434053	3.474046
28992	-117.0815	-377.3179	260.2364	1.227427	5.344507
28998	-106.7797	-371.7365	264.9568	1.395456	2.525441
29004	-116.7419	-381.5906	264.8487	1.472041	2.545065
29010	-120.617	-385.579	264.962	1.802011	2.265187
29016	-120.7753	-384.4579	263.6826	1.536851	3.21214
29022	-115.0423	-380.2646	265.2223	1.419496	2.34327
29028	-107.7794	-372.7703	264.9909	1.383992	2.511313
29034	-119.7961	-383.5414	263.7453	1.397864	3.257253
29040	-121.4995	-385.3644	263.8649	1.278253	3.257253
29046	-108.0201	-373.1301	265.1099	1.33693	2.466302
29052	-114.7166	-378.6157	263.8991	1.324192	3.20981
29058	-110.4663	-374.0004	263.5341	1.257464	3.463772
29064	-113.3662	-376.5548	263.1886	1.149639	3.727062
29070	-108.7762	-370.7502	261.974	1.161875	4.41269
29076	-105.4105	-369.8008	264.3903	1.295385	2.933664
29082	-107.3987	-369.4818	262.0831	1.141903	4.362373
29088	-105.5978	-369.8991	264.3012	1.503453	2.861736
29094	-101.3877	-367.2087	265.821	1.993795	1.550124
29100	-116.3292	-381.9477	265.6185	1.421211	2.08621
29106	-108.6715	-374.7641	266.0926	1.794956	1.495983
29112	-112.3405	-378.8256	266.485	1.864584	1.120404
29118	-106.9405	-373.4853	266.5448	2.079292	0.8378726
29124	-105.6573	-371.7294	266.0721	2.148803	1.232417
29130	-111.7033	-377.801	266.0976	2.26251	1.110866
29136	-107.7501	-373.5802	265.8302	2.241471	1.354141
29142	-107.3762	-373.3552	265.979	2.195303	1.27121
29148	-100.8517	-366.6993	265.8475	2.326754	1.27121
29154	-95.7176	-361.5821	265.8645	2.145883	1.402215
29160	-105.7188	-371.1818	265.463	1.96925	1.822316
29166	-103.9421	-368.5332	264.5911	1.748163	2.533569
29172	-108.6798	-372.8422	264.1625	1.527399	2.931137
29178	-128.1096	-393.0839	264.9742	1.627471	2.368679
29184	-124.9802	-390.2871	265.3069	1.859972	2.002027
29190	-104.5172	-370.332	265.8148	2.238477	1.368613
29196	-119.4184	-385.7547	266.3363	2.214515	0.9227645
29202	-121.7965	-387.9406	266.1441	2.029006	1.272166
29208	-114.3202	-380.6544	266.3342	2.217536	0.9217721
29214	-112.541	-379.1947	266.6537	1.937541	0.8772818
29220	-109.4632	-375.1158	265.6525	2.060257	1.624614
29226	-112.6708	-378.2476	265.5768	1.660306	1.955042
29232	-113.8105	-380.0339	266.2234	1.792482	1.397954
29238	-128.7201	-393.9689	265.2488	2.198987	1.811555
29244	-127.3319	-390.9489	263.617	1.496142	3.274972
29250	-119.2609	-385.1205	265.8595	1.92681	1.5711
29256	-116.8911	-382.6415	265.7505	2.035864	1.5711
29262	-119.4376	-385.097	265.6594	1.862509	1.760134
29268	-121.9946	-387.5333	265.5386	2.214107	1.595651
29274	-128.294	-394.1585	265.8645	1.924727	1.568981
29280	-113.6407	-379.4496	265.8089	2.252539	1.362243
29286	-125.7082	-391.9275	266.2193	2.358015	0.8932805
29292	-139.8538	-406.1806	266.3268	2.278199	0.861109
29298	-132.5745	-399.0019	266.4274	1.982496	1.064816
29304	-132.7272	-399.0367	266.3095	2.071405	1.091822
29310	-114.5614	-381.0216	266.4601	2.108683	0.9028826
29316	-108.2541	-374.6844	266.4303	2.285451	0.7074327
29322	-122.1101	-388.3281	266.218	2.560926	0.5501059
29328	-133.0077	-399.3991	266.3914	2.382389	0.5732621
29334	-116.6136	-382.2029	265.5893	1.657739	1.948356
29340	-112.2468	-376.8157	264.5689	1.584302	2.648817
29346	-128.4107	-393.8901	265.4794	1.400176	2.190697
29352	-134.3723	-396.2786	261.9062	1.582565	4.213066
29358	-133.6149	-396.5016	262.8867	1.407696	3.752349
29364	-128.2915	-391.335	263.0435	1.240118	3.758584
29370	-124.2735	-385.8069	261.5334	1.213157	4.631542
29376	-131.9281	-395.3601	263.432	1.273511	3.514009
29382	-115.717	-381.318	265.601	1.988957	1.712321
29388	-125.1832	-391.6377	266.4546	1.922751	1.095179
29394	-126.1747	-392.7269	266.5521	2.128551	0.7623898
29400	-121.4425	-387.9196	266.4771	2.20357	0.7623898
29406	-120.3147	-386.871	266.5563	2.088293	0.8118991
29412	-116.5609	-382.9999	266.4391	2.077252	0.9595891
29418	-126.8609	-393.3673	266.5064	2.240893	0.6471862
29424	-124.4699	-390.8787	266.4087	2.371995	0.4629454
29430	-116.9196	-383.495	266.5754	2.181206	0.625282
29436	-110.0208	-376.3993	266.3785	2.38873	0.5961235
29442	-107.4596	-373.8573	266.3977	2.377693	0.5669725
29448	-122.2274	-388.5951	266.3677	2.407683	0.5669725
29454	-116.1569	-382.2632	266.1064	2.633283	0.3660612
29460	-124.7491	-390.1188	265.3697	2.002642	1.863415
29466	-124.8386	-390.3998	265.5613	2.196152	1.592218
29472	-128.5938	-394.9343	266.3406	2.429281	0.5875544
29478	-118.5419	-384.9031	266.3613	2.368297	0.6828727
29484	-118.8372	-385.0731	266.2359	2.534359	0.4226928
29490	-113.9462	-380.0364	266.0902	2.689874	0.4592444
29496	-114.4931	-380.2851	265.7919	2.938469	0.3541088
29502	-117.6084	-383.2531	265.6447	3.08044	0.3479256
29508	-117.9043	-383.8474	265.9431	2.788793	0.3560008
29514	-120.6638	-386.5805	265.9167	2.808417	0.3479069
29520	-121.708	-387.4459	265.738	2.843569	0.2456146
29526	-116.678	-382.227	265.549	3.037979	0.2482603
29532	-94.71219	-360.3959	265.6838	2.959262	0.2795163
29538	-110.6172	-376.7827	266.1656	2.617981	0.494977
29544	-102.1241	-368.4341	266.31	2.472452	0.5246451
29550	-98.77735	-365.1438	266.3664	2.415985	0.5246451
29556	-104.0203	-370.2052	266.1848	2.578639	0.4062691
29562	-118.5061	-382.4024	263.8963	1.658047	3.012624
29568	-116.5176	-381.4889	264.9712	1.010949	2.75377
29574	-108.1159	-373.2853	265.1694	1.195318	2.517661
29580	-113.0538	-378.5164	265.4626	1.19538	2.332931
29586	-110.5405	-376.4696	265.9291	1.486921	1.833463
29592	-113.5471	-378.0456	264.4986	1.369627	2.823217
29598	-112.9536	-377.8829	264.9293	1.212431	2.655882
29604	-100.6791	-366.7224	266.0433	2.739483	0.4804825
29610	-99.54378	-365.7584	266.2146	2.560207	0.4367105
29616	-107.7089	-373.9085	266.1996	2.583783	0.5094223
29622	-106.5532	-372.8222	266.269	2.476261	0.651483
29628	-105.5975	-371.9449	266.3474	2.43536	0.4796468
29634	-104.8145	-370.4108	265.5963	3.040768	0.275781
29640	-104.7572	-370.504	265.7468	2.9004	0.2821851
29646	-100.5008	-366.3652	265.8644	2.803347	0.2962733
29652	-101.0393	-366.9678	265.9285	2.728017	0.2883736
29658	-98.94715	-364.5436	265.5964	2.956298	0.2324275
29664	-106.2572	-372.3302	266.073	2.643223	0.3381616
29670	-107.4476	-373.5493	266.1017	2.662625	0.4080675
29676	-109.6175	-375.6561	266.0386	2.619383	0.2893936
29682	-105.3541	-371.1136	265.7596	2.870693	0.2716807
29688	-103.9496	-369.6976	265.748	2.910654	0.2898387
29694	-111.0174	-376.7395	265.7221	2.886056	0.2591938
29700	-109.7425	-375.5155	265.773	1.461208	1.95696
29706	-122.9541	-388.3424	265.3882	1.542522	2.157471
29712	-116.6417	-382.7198	266.078	2.628326	0.3283402
29718	-113.1045	-378.8743	265.7697	2.810959	0.2452209
29724	-99.0178	-365.7337	266.7159	1.896677	0.8519672
29730	-97.21043	-363.7626	266.5522	1.956613	0.9673929
29736	-89.52809	-356.2817	266.7537	1.646991	1.073522
29742	-89.79883	-356.3827	266.5839	1.762986	1.122883
29748	-92.44548	-359.1107	266.6652	1.86195	0.9482187
29754	-99.53063	-365.064	265.5334	3.054686	0.2488217
29760	-106.9561	-373.4777	266.5216	2.250403	0.5799244
29766	-92.282	-358.5761	266.2941	2.460209	0.3886206
29772	-101.9383	-368.0831	266.1448	2.568863	0.3355229
29778	-105.3166	-371.3677	266.0511	2.675092	0.3491636
29784	-97.957	-364.407	266.45	2.333599	0.4971276
29790	-91.99277	-358.0869	266.0941	2.652389	0.3759391
29796	-88.3294	-354.5056	266.1762	2.551249	0.3506224
29802	-76.72128	-342.8705	266.1492	2.548167	0.32008
29808	-78.85525	-344.7884	265.9332	2.675552	0.2594788
29814	-109.2715	-375.3705	266.099	2.666215	0.4101137
29820	-97.45305	-364.0063	266.5533	2.229767	0.5168718
29826	-92.05949	-358.6816	266.6221	2.16039	0.4765518
29832	-97.4037	-363.6297	266.226	2.497514	0.3460623
29838	-104.9913	-371.0815	266.0901	2.617286	0.329351
29844	-108.9165	-374.9206	266.0041	2.670358	0.3012953
29850	-104.3446	-370.4233	266.0787	2.601857	0.3060071
29856	-102.8206	-368.8695	266.0489	2.632283	0.3064897
29862	-107.1477	-373.5649	266.4172	2.363967	0.4659198
29868	-121.4963	-387.7362	266.2399	2.543135	0.517171
29874	-100.4097	-365.7366	265.3269	3.07203	0.1791611
29880	-114.8799	-380.2539	265.3741	3.139833	0.2166182
29886	-109.558	-374.9011	265.3432	3.094548	0.1905246
29892	-104.9579	-370.4073	265.4495	3.022087	0.2014242
29898	-115.7921	-381.0651	265.273	3.090064	0.1695441
29904	-110.0668	-375.6268	265.56	2.979464	0.226786
29910	-108.9548	-374.6885	265.7337	2.796642	0.2230582
29916	-98.02467	-364.1441	266.1194	2.619961	0.3657025
29922	-110.2772	-376.518	266.2408	2.498601	0.3657025
29928	-110.4281	-376.7731	266.345	2.427163	0.4280305
29934	-108.0133	-374.2787	266.2655	2.486327	0.3842938
29940	-118.0602	-384.3362	266.276	2.490894	0.4140942
29946	-112.78	-379.0893	266.3093	2.474302	0.5009601
29952	-116.9255	-383.2379	266.3123	2.463967	0.5628918
29958	-113.8842	-380.4021	266.518	2.263619	0.5323885
29964	-105.1637	-371.6817	266.518	2.263619	0.5323885
29970	-113.2972	-379.954	266.6567	2.08585	0.6571908
29976	-107.8356	-374.3995	266.564	2.178926	0.6565633
29982	-108.9858	-375.2855	266.2997	2.470267	0.422014
29988	-119.7805	-385.9571	266.1765	2.579724	0.3920197
29994	-108.7071	-375.0813	266.3742	2.39418	0.5923205
30000	-117.5467	-384.0177	266.471	2.292046	0.6083783
30006	-116.7676	-383.2488	266.4812	2.292046	0.5754626
30012	-127.0112	-393.0314	266.0202	2.730391	0.3822728
30018	-135.1254	-400.591	265.4656	3.128704	0.2519546
30024	-102.4314	-368.7469	266.3155	2.442723	0.3956793
30030	-100.3184	-366.6018	266.2835	2.460579	0.3722433
30036	-98.46091	-364.6392	266.1783	2.5194	0.3203167
30042	-105.6671	-371.7335	266.0663	2.672066	0.3643541
30048	-96.16952	-362.3233	266.1538	2.584618	0.3643541
30054	-119.1859	-385.6692	266.4834	2.289806	0.5757183
30060	-114.268	-380.7825	266.5145	2.235725	0.6405507
30066	-135.6583	-402.3932	266.7349	2.015328	0.6405507
30072	-131.3526	-397.5948	266.2423	1.998664	1.215472
30078	-112.4509	-379.0141	266.5632	1.689818	1.205184
30084	-122.8179	-389.1882	266.3703	2.396529	0.5971929
30090	-115.0595	-381.5653	266.5058	1.813666	1.14741
30096	-113.2979	-379.7281	266.4302	2.003263	1.042376
30102	-111.6409	-378.2426	266.6017	2.180086	0.530537
30108	-113.1544	-379.4909	266.3365	2.446839	0.4882239
30114	-117.603	-383.5815	265.9785	2.782303	0.4007036
30120	-108.0506	-374.4501	266.3995	2.378026	0.5569359
30126	-113.8337	-380.1119	266.2782	2.495657	0.5729004
30132	-114.2134	-380.1271	265.9137	2.812185	0.3487979
30138	-108.9911	-375.1275	266.1364	2.634562	0.4246645
30144	-108.757	-374.8656	266.1087	2.648456	0.3935872
30150	-105.5357	-371.2436	265.7079	2.916901	0.2684676
30156	-104.459	-370.0114	265.5524	2.995954	0.2305383
30162	-127.213	-393.703	266.49	2.189826	0.7636696
30168	-128.634	-395.0655	266.4315	2.297242	0.6843497
30174	-109.142	-374.5958	265.4537	3.07393	0.2220019
30180	-118.3611	-383.8195	265.4584	3.07393	0.2238784
30186	-110.2928	-375.7491	265.4563	3.07393	0.2230319
30192	-114.1794	-379.339	265.1596	3.243789	0.1804052
30198	-114.9889	-380.4627	265.4738	3.112158	0.2477943
30204	-112.8153	-379.3095	266.4942	2.09633	0.878156
30210	-129.023	-394.8536	265.8306	2.804692	0.2747313
30216	-128.0719	-393.9463	265.8744	2.783094	0.2890724
30222	-119.0174	-385.3648	266.3475	2.294888	0.8147596
30228	-114.9	-381.2738	266.3738	2.409785	0.50205
30234	-106.6483	-372.9968	266.3485	2.43458	0.4844233
30240	-109.3705	-375.5341	266.1636	2.596969	0.4002613
30246	-109.4292	-375.4646	266.0355	2.70211	0.3632741
30252	-112.7503	-378.9826	266.2323	2.546954	0.4550249
30258	-112.3463	-378.8562	266.5099	2.238057	0.6456981
30264	-114.1615	-380.5829	266.4214	2.231348	0.8011379
30270	-101.6026	-368.0267	266.424	2.211774	0.8231592
30276	-113.9133	-380.1108	266.1975	2.159898	1.11339
30282	-110.6599	-377.2197	266.5597	2.105961	0.7835724
30288	-113.8193	-380.224	266.4047	2.043351	1.028253
30294	-107.864	-374.336	266.472	1.933421	1.068999
30300	-117.7405	-383.319	265.5785	1.631446	1.973264
30306	-114.2247	-380.3269	266.1021	1.546698	1.67052
30312	-111.6381	-377.6763	266.0383	1.508793	1.742499
30318	-122.8328	-388.8881	266.0553	1.628978	1.64512
30324	-114.2166	-380.1121	265.8955	1.788803	1.64512
30330	-134.7784	-400.6272	265.8488	2.857699	0.3284507
30336	-122.8448	-388.5402	265.6954	2.96933	0.294111
30342	-120.6511	-386.6222	265.9712	2.754966	0.3490656
30348	-120.5155	-386.4442	265.9287	2.791776	0.3427494
30354	-118.175	-384.5414	266.3664	2.398736	0.6023384
30360	-117.854	-384.0368	266.1827	2.591704	0.4352707
30366	-129.1832	-395.4295	266.2464	2.536291	0.5217863
30372	-124.001	-390.3183	266.3173	2.1991	0.95951
30378	-122.758	-389.1283	266.3703	2.33128	0.7306858
30384	-113.5742	-379.8266	266.2524	2.46332	0.7074609
30390	-108.7403	-375.0414	266.3012	2.480516	0.5316923
30396	-123.9266	-390.0764	266.1498	2.597637	0.3772533
30402	-125.7376	-391.7109	265.9733	2.780207	0.387154
30408	-123.1248	-389.137	266.0122	2.725531	0.363469
30414	-132.8035	-398.9155	266.112	2.668079	0.4591677
30420	-132.9118	-398.7166	265.8048	2.901222	0.3280341
30426	-128.9798	-394.69	265.7102	2.974182	0.3090758
30432	-122.2199	-388.3179	266.098	2.663521	0.6125163
30438	-130.7992	-397.0437	266.2446	2.500675	0.6515119
30444	-124.5796	-390.2131	265.6336	2.915804	0.2309899
30450	-132.7411	-399.1888	266.4477	2.152505	0.8667574
30456	-122.7999	-389.1603	266.3603	2.281753	0.8151383
30462	-120.8387	-387.196	266.3573	2.340869	0.7360887
30468	-120.5484	-386.9619	266.4135	2.318761	0.6777968
30474	-123.3469	-388.4259	265.079	3.205018	0.1509353
30480	-113.438	-379.9128	266.4748	2.264112	0.6647767
30486	-116.6034	-382.9909	266.3875	2.351372	0.6647767
30492	-122.3127	-388.7584	266.4456	2.228706	0.7714702
30498	-128.5158	-395.0494	266.5336	2.202029	0.6712591
30504	-130.6319	-396.9664	266.3345	2.436556	0.5835052
30510	-123.4227	-389.7006	266.2779	2.495998	0.4336895
30516	-121.4937	-387.8466	266.3529	2.426162	0.4538628
30522	-143.7304	-409.3479	265.6175	2.988139	0.2578441
30528	-133.1892	-398.6754	265.4861	3.066101	0.2322254
30534	-114.202	-380.7658	266.5638	2.198024	0.6116772
30540	-110.8149	-377.3506	266.5357	2.241914	0.556635
30546	-116.3787	-382.8512	266.4725	2.10281	0.8955518
30552	-114.1571	-380.4654	266.3083	1.915323	1.230113
30558	-115.2042	-381.8769	266.6726	1.915323	0.8811345
30564	-119.551	-386.0612	266.5102	2.097393	0.8579463
30570	-120.6906	-386.8218	266.1313	1.781272	1.477159
30576	-125.0063	-391.4559	266.4496	1.832343	1.180299
30582	-121.2621	-387.5674	266.3054	1.892309	1.251828
30588	-121.749	-388.1903	266.4414	1.756337	1.251828
30594	-113.4347	-379.9895	266.5547	1.836437	1.082344
30600	-121.5485	-388.0181	266.4696	2.122114	0.876713
30606	-125.5768	-392.1619	266.5852	2.058023	0.8136965
30612	-155.6117	-421.6805	266.0687	2.67292	0.3688184
30618	-153.4586	-419.8621	266.4035	2.233318	0.821892
30624	-120.4589	-386.9337	266.4748	2.094716	0.902107
30630	-119.477	-386.103	266.626	2.053688	0.7637674
30636	-118.6272	-385.1056	266.4784	2.304395	0.5200587
30642	-128.3041	-394.5392	266.2351	2.519294	0.3887752
30648	-123.8551	-389.9556	266.1005	2.681813	0.4754825
30654	-130.6648	-396.64	265.9752	2.767897	0.3708059
30660	-132.5596	-394.8458	262.2862	1.801528	3.871307
30666	-130.9502	-392.143	261.1928	1.721679	4.537303
30672	-132.4298	-398.4541	266.0244	2.723605	0.3781581
30678	-130.0461	-395.9396	265.8935	2.854534	0.3781581
30684	-122.1064	-388.5136	266.4072	2.375053	0.4747857
30690	-124.8281	-391.1963	266.3683	2.414008	0.4747857
30696	-121.9001	-388.3762	266.4761	2.239867	0.7070611
30702	-121.9053	-387.6732	265.7679	2.904382	0.2996169
30708	-112.5458	-378.0106	265.4648	3.110053	0.2424447
30714	-114.2577	-379.7291	265.4714	3.049804	0.2194431
30720	-113.2846	-378.6106	265.326	3.133486	0.1974075
30726	-112.0918	-376.9897	264.898	3.405478	0.1552282
30732	-107.85	-372.8156	264.9656	3.306011	0.1483067
30738	-105.574	-370.7702	265.1961	3.119848	0.1580915
30744	-107.7441	-372.9857	265.2417	3.119034	0.1689497
30750	-109.3668	-374.8605	265.4938	3.040078	0.2244856
30756	-114.9828	-380.4891	265.5064	2.971314	0.2035034
30762	-111.0831	-376.9005	265.8174	2.861215	0.3044878
30768	-100.9583	-366.9008	265.9426	2.736082	0.3044878
30774	-100.4523	-366.5428	266.0905	2.6185	0.3309072
30780	-92.68702	-358.9043	266.2172	2.511334	0.3519433
30786	-101.0208	-367.3748	266.354	2.427682	0.46999
30792	-99.87383	-366.3258	266.4519	2.317237	0.589817
30798	-100.2175	-366.6343	266.4168	2.244373	0.7897721
30804	-93.76199	-360.0711	266.3091	2.459116	0.4173696
30810	-103.1946	-369.2879	266.0933	2.610559	0.3259941
30816	-108.6531	-374.9881	266.335	2.404547	0.3658394
30822	-108.4298	-374.7047	266.2749	2.49555	0.4232509
30828	-110.0944	-376.3995	266.3051	2.473799	0.5498693
30834	-116.5149	-382.8869	266.372	2.40196	0.5725956
30840	-102.8343	-369.1917	266.3575	2.425579	0.4833976
30846	-107.1198	-373.4767	266.3568	2.425579	0.476059
30852	-107.1157	-373.3511	266.2354	2.53028	0.4112326
30858	-103.4598	-369.5716	266.1118	2.53028	0.2788994
30864	-113.4153	-379.4165	266.0012	2.675182	0.3027606
30870	-116.3326	-382.6181	266.2855	2.491882	0.4461309
30876	-93.53794	-359.9784	266.4405	2.3431	0.5017115
30882	-102.0087	-368.1511	266.1424	2.60939	0.3843263
30888	-102.5485	-368.4358	265.8873	2.800383	0.3117205
30894	-103.1883	-369.2329	266.0446	1.678788	1.616963
30900	-103.8017	-370.2084	266.4067	2.153056	0.9129935
30906	-103.8885	-370.4332	266.5448	1.921961	1.009981
30912	-101.9361	-367.9942	266.0581	2.678544	0.3620323
30918	-96.90907	-362.7343	265.8252	2.721093	0.2296824
30924	-89.67275	-355.4758	265.803	2.758513	0.236314
30930	-92.89118	-358.6396	265.7484	2.806483	0.2333685
30936	-100.0014	-365.4051	265.4036	2.949528	0.1670384
30942	-119.1947	-385.3112	266.1166	1.441609	1.734695
30948	-124.9314	-391.382	266.4507	1.611466	1.361669
30954	-100.8859	-366.8965	266.0107	2.643231	0.2866041
30960	-107.1456	-373.0462	265.9005	2.720588	0.2663703
30966	-105.9622	-371.9611	265.9988	2.696138	0.3179498
30972	-119.4264	-385.6034	266.177	1.863363	1.378759
30978	-108.1651	-373.8683	265.7032	1.750189	1.807734
30984	-106.592	-372.2816	265.6895	1.724222	1.83502
30990	-104.9121	-369.6888	264.7767	1.534586	2.550939
30996	-106.1653	-371.0448	264.8795	1.417582	2.55982
31002	-110.2854	-376.4173	266.1319	1.627246	1.591007
31008	-119.5693	-385.8579	266.2886	1.715757	1.406879
31014	-113.3986	-379.0939	265.6953	2.983843	0.3048561
31020	-106.5167	-372.0888	265.5721	2.993887	0.2383464
31026	-104.234	-369.8179	265.5839	2.982136	0.2383464
31032	-98.69715	-364.3359	265.6388	2.930726	0.2399326
31038	-99.42068	-365.2312	265.8105	2.830364	0.2781698
31044	-102.0728	-367.6529	265.5801	1.550564	2.0261
31050	-107.3459	-373.5259	266.1801	1.59224	1.581365
31056	-97.32372	-363.4794	266.1557	1.528714	1.645084
31062	-96.24418	-361.9303	265.6862	1.444958	2.025787
31068	-100.8416	-366.773	265.9313	1.524815	1.805798
31074	-108.6118	-374.7607	266.1489	1.771848	1.470931
31080	-102.4009	-368.8557	266.4548	1.860682	1.150888
31086	-92.11308	-358.8658	266.7527	1.939373	0.7454106
31092	-105.305	-370.2318	264.9268	1.430769	2.52213
31098	-101.6828	-367.0067	265.3239	1.448162	2.26004
31104	-100.0912	-365.5831	265.4918	1.658833	2.012803
31110	-91.24456	-357.5005	266.256	1.737895	1.415001
31116	-107.7993	-374.2463	266.4469	1.840924	1.175136
31122	-101.8538	-367.8602	266.0064	1.65214	1.663587
31128	-106.7221	-372.6749	265.9527	1.637235	1.712321
31134	-100.4907	-366.809	266.3183	2.462773	0.4656303
31140	-100.7143	-367.0464	266.332	2.450635	0.4789016
31146	-105.8763	-372.1023	266.226	2.521584	0.3775738
31152	-105.5348	-371.5208	265.986	2.735508	0.3438686
31158	-118.6699	-384.5165	265.8466	2.801149	0.2825628
31164	-117.284	-382.483	265.199	1.570915	2.261434
31170	-115.1094	-380.8086	265.6992	2.969531	0.2970363
31176	-112.3429	-378.065	265.7221	2.928108	0.284143
31182	-106.6161	-372.1493	265.5332	2.990976	0.2206081
31188	-108.6788	-374.301	265.6222	2.941762	0.23741
31194	-123.4204	-389.2494	265.8291	2.889752	0.3409254
31200	-116.4112	-382.6079	266.1966	2.581257	0.4484988
31206	-110.7934	-377.0058	266.2124	2.550763	0.405567
31212	-117.0435	-383.2112	266.1677	2.588111	0.3912343
31218	-110.6619	-377.0176	266.3557	2.418464	0.4343068
31224	-108.0959	-374.3312	266.2353	2.548158	0.4926697
31230	-111.1147	-377.3881	266.2734	2.5102	0.5024364
31236	-103.6218	-369.6021	265.9803	2.722341	0.3248413
31242	-99.31999	-365.4814	266.1614	2.591229	0.3857251
31248	-113.6531	-379.8148	266.1618	2.590906	0.3857251
31254	-116.1282	-382.0537	265.9255	2.827193	0.3857251
31260	-103.7907	-369.6505	265.8598	2.77877	0.2767596
31266	-95.97263	-361.2778	265.3052	3.141554	0.1933336
31272	-92.26267	-357.6297	265.367	3.083143	0.1944244
31278	-108.3208	-373.8325	265.5117	2.985455	0.2103764
31284	-106.4568	-373.0676	266.6108	1.843712	1.022008
31290	-99.65835	-365.4908	265.8325	2.873862	0.32834
31296	-105.4915	-371.3946	265.9032	2.803183	0.32834
31302	-105.1862	-371.7431	266.5569	2.223052	0.5437174
31308	-115.703	-382.0793	266.3763	2.389715	0.5997032
31314	-103.3847	-367.7833	264.3986	3.584321	0.1011023
31320	-115.3826	-381.6078	266.2252	2.557891	0.5166573
31326	-118.2925	-384.6977	266.4052	2.364368	0.5885835
31332	-121.3226	-387.6699	266.3473	2.248907	0.8715061
31338	-118.209	-384.6353	266.4263	2.06482	0.9855483
31344	-105.3896	-368.943	263.5534	3.91366	0.05504643
31350	-114.0317	-377.7073	263.6756	3.932848	0.06462982
31356	-104.4645	-367.7945	263.33	4.116502	0.05378961
31362	-94.16212	-357.7636	263.6015	3.826818	0.05270473
31368	-97.83452	-361.6652	263.8307	3.798931	0.06622956
31374	-106.6526	-370.4311	263.7786	3.939692	0.07341128
31380	-108.5079	-372.3113	263.8033	3.842222	0.06745678
31386	-112.0001	-376.1216	264.1215	3.790878	0.09262994
31392	-112.6161	-377.075	264.4589	3.493956	0.09737921
31398	-99.47824	-363.6288	264.1506	3.697948	0.08570663
31404	-109.3059	-372.8695	263.5636	3.866392	0.05280505
31410	-116.3221	-379.9335	263.6114	3.856868	0.05512098
31416	-120.8807	-384.3115	263.4308	3.999169	0.05280584
31422	-114.7823	-378.5957	263.8135	3.827681	0.06711405
31428	-106.9853	-372.0318	265.0465	3.361892	0.1818388
31434	-103.6404	-368.8908	265.2505	3.222073	0.2017525
31440	-104.5083	-370.4914	265.9831	2.773174	0.3920348
31446	-101.0803	-366.7268	265.6465	2.981906	0.2705574
31452	-108.8506	-374.5351	265.6844	2.914486	0.2543027
31458	-105.3629	-370.8983	265.5354	2.996384	0.2236717
31464	-94.77404	-360.4739	265.6999	2.878019	0.2438735
31470	-100.7221	-366.2383	265.5162	3.044582	0.2359822
31476	-97.84412	-363.0311	265.187	3.14317	0.1614137
31482	-100.1605	-365.4527	265.2922	3.087788	0.1739762
31488	-110.1742	-375.8219	265.6477	2.935314	0.2463397
31494	-114.1717	-379.9831	265.8114	2.827165	0.2767266
31500	-106.9186	-372.6791	265.7605	2.87808	0.2767266
31506	-105.7948	-371.6246	265.8299	2.809721	0.2773576
31512	-107.7811	-373.9169	266.1359	2.623127	0.3971468
31518	-102.1088	-368.0538	265.945	2.750036	0.3179988
31524	-101.9984	-367.8261	265.8276	2.811905	0.2773307
31530	-101.9727	-367.6644	265.6917	2.945988	0.2761723
31536	-96.17644	-361.6746	265.4982	3.040794	0.226608
31542	-108.0244	-373.9198	265.8953	2.789345	0.3092856
31548	-98.48754	-364.5879	266.1003	2.659961	0.3996785
31554	-106.5756	-372.8204	266.2448	2.515473	0.3996785
31560	-95.79628	-362.0293	266.233	2.529025	0.4031362
31566	-106.397	-372.6636	266.2666	2.514125	0.4628394
31572	-101.818	-368.2436	266.4257	2.327581	0.6334785
31578	-110.7989	-377.2248	266.4259	2.330849	0.6248662
31584	-133.0904	-398.4888	265.3983	1.596074	2.115904
31590	-139.9935	-406.4613	266.4677	2.076831	0.9295623
31596	-124.8432	-391.3048	266.4616	2.175797	0.8211703
31602	-134.2349	-400.8048	266.5699	2.140198	0.7169525
31608	-133.9739	-400.4591	266.4852	2.297922	0.5147872
31614	-128.6584	-395.18	266.5216	2.262008	0.4988801
31620	-117.5385	-383.8626	266.3241	2.45474	0.5505701
31626	-116.4428	-382.9565	266.5137	2.212315	0.689445
31632	-120.0294	-386.5239	266.4944	1.967765	1.014466
31638	-115.4707	-381.1914	265.7207	1.989356	1.626604
31644	-133.7774	-399.8353	266.0579	2.708542	0.4130173
31650	-115.6521	-381.8604	266.2083	2.575219	0.4943541
31656	-114.2308	-380.4935	266.2627	2.519196	0.5292933
31662	-110.0886	-376.3139	266.2253	2.542662	0.5936516
31668	-111.4406	-377.8207	266.3801	2.400722	0.4635086
31674	-109.2034	-372.1782	262.9748	1.399652	3.706141
31680	-100.2177	-366.557	266.3392	2.443683	0.4818917
31686	-101.0374	-367.1208	266.0834	2.700065	0.4918904
31692	-102.9081	-369.0835	266.1755	2.607988	0.4918904
31698	-104.8124	-371.0015	266.1891	2.591517	0.4623752
31704	-113.5828	-379.6408	266.058	2.723212	0.4665898
31710	-112.315	-378.4085	266.0935	2.684182	0.4477824
31716	-122.0825	-388.3242	266.2418	2.535167	0.5599619
31722	-102.8025	-368.4599	265.6573	2.126175	1.573157
31728	-110.5955	-375.5779	264.9825	2.098622	2.058922
31734	-105.4906	-371.8939	266.4033	2.325491	0.6842994
31740	-89.35835	-353.8306	264.4722	1.826713	2.558651
31746	-94.97999	-360.2353	265.2553	1.826903	2.05818
31752	-102.1284	-367.0471	264.9187	1.778897	2.307708
31758	-111.9576	-375.0226	263.0649	1.578313	3.550266
31764	-100.7927	-366.7031	265.9104	1.893748	1.557997
31770	-110.4264	-376.3959	265.9695	1.993913	1.438453
31776	-107.6105	-372.8168	265.2064	2.14246	1.879443
31782	-111.1227	-376.6317	265.509	1.839837	1.879443
31788	-116.7968	-380.5428	263.746	1.69725	3.079058
31794	-106.9248	-371.9917	265.0669	1.708811	2.257675
31800	-102.5463	-368.6615	266.1152	2.628366	0.3715257
31806	-99.8934	-366.1607	266.2674	2.51617	0.5062248
31812	-100.948	-367.2945	266.3465	2.437035	0.5062248
31818	-94.9121	-361.3276	266.4155	2.364929	0.5410741
31824	-111.9785	-378.3765	266.398	2.384833	0.5198946
31830	-112.2787	-378.7062	266.4275	2.355946	0.5090198
31836	-106.0832	-372.6761	266.5929	2.172516	0.6015918
31842	-111.9441	-378.3803	266.4363	1.829141	1.19456
31848	-112.3829	-378.3663	265.9834	2.127812	1.32253
31854	-99.22177	-365.6331	266.4114	2.351867	0.6077845
31860	-117.2597	-382.5146	265.2549	2.226984	1.787999
31866	-114.2434	-380.6248	266.3814	2.226051	0.8581653
31872	-105.3109	-371.7885	266.4776	2.305776	0.490131
31878	-104.3831	-370.7097	266.3266	2.456805	0.490131
31884	-119.3424	-385.4839	266.1415	2.623746	0.4101819
31890	-98.5666	-364.9746	266.408	1.480207	1.495499
31896	-108.8296	-375.2141	266.3845	1.800791	1.262166
31902	-103.6974	-369.9065	266.2091	1.63818	1.526077
31908	-108.8305	-374.6921	265.8616	1.550548	1.836138
31914	-117.3535	-383.5569	266.2034	2.580075	0.49382
31920	-103.2592	-369.4822	266.223	2.511434	0.3591715
31926	-116.5064	-382.6586	266.1523	2.630902	0.4853251
31932	-105.115	-371.3249	266.2099	2.55062	0.4001071
31938	-104.4012	-370.6069	266.2057	2.554806	0.4001071
31944	-93.47549	-359.4699	265.9944	2.688247	0.3076661
31950	-108.638	-374.8917	266.2537	1.409945	1.659939
31956	-112.4183	-378.2721	265.8538	1.526354	1.858095
31962	-98.70009	-364.8553	266.1552	2.572043	0.3503439
31968	-109.8871	-376.2624	266.3753	2.399871	0.4378147
31974	-115.0066	-381.131	266.1245	2.602961	0.3506197
31980	-126.7799	-393.0715	266.2917	2.487194	0.4528457
31986	-120.2665	-386.5168	266.2503	2.528503	0.4528457
31992	-107.3874	-373.9817	266.5943	2.164145	0.6206543
31998	-107.7096	-374.2464	266.5367	2.240571	0.5582889
32004	-102.837	-369.6085	266.7715	1.949944	0.6975947
32010	-114.8229	-381.2097	266.3868	1.706059	1.337244
32016	-114.9781	-381.3356	266.3576	1.79853	1.286136
32022	-118.0198	-384.516	266.4962	1.741415	1.218293
32028	-110.8837	-377.2946	266.4109	1.834674	1.211539
32034	-117.1171	-383.5594	266.4423	1.980565	1.052532
32040	-107.3398	-373.9796	266.6397	2.065144	0.7254412
32046	-112.2157	-378.7946	266.5788	2.042703	0.8410381
32052	-114.53	-381.1039	266.5739	2.047677	0.8410381
32058	-123.0125	-389.6345	266.622	2.054796	0.7679689
32064	-120.5362	-386.9457	266.4095	1.961398	1.101048
32070	-115.7691	-382.0998	266.3306	2.293394	0.8380073
32076	-106.8552	-373.3667	266.5115	2.172048	0.7582164
32082	-106.4751	-372.8786	266.4034	2.117887	0.9543572
32088	-104.52	-370.8662	266.3462	1.905918	1.205946
32094	-112.1142	-376.229	264.1148	1.25116	3.125129
32100	-112.3658	-378.6402	266.2744	2.49554	0.4217967
32106	-118.1316	-384.4093	266.2776	2.504294	0.5293483
32112	-131.736	-398.0715	266.3355	2.432628	0.5931664
32118	-130.4002	-396.7497	266.3496	2.401266	0.6391547
32124	-117.5969	-383.0641	265.4672	1.32884	2.244639
32130	-107.2187	-373.6375	266.4188	1.511518	1.463658
32136	-110.8312	-375.9942	265.163	1.291254	2.461646
32142	-111.3126	-376.3932	265.0806	1.06792	2.651704
32148	-106.9224	-370.3345	263.4121	1.146947	3.599182
32154	-127.6992	-393.8946	266.1955	2.236427	1.043901
32160	-119.6041	-383.5266	263.9225	1.039638	3.363873
32166	-114.9091	-380.4381	265.529	1.419158	2.146152
32172	-121.3295	-386.5601	265.2306	1.289944	2.419965
32178	-115.9085	-380.8405	264.932	1.218973	2.650216
32184	-111.4116	-377.0811	265.6695	1.347689	2.100958
32190	-111.2462	-374.9593	263.7131	1.182962	3.402609
32196	-106.7206	-369.2592	262.5386	1.09042	4.133399
32202	-104.6805	-368.3519	263.6714	1.228882	3.400135
32208	-107.7912	-371.5714	263.7802	1.102078	3.410717
32214	-110.093	-372.639	262.546	1.232836	4.048064
32220	-104.0442	-369.2213	265.1771	1.515011	2.311228
32226	-98.75022	-364.7637	266.0135	1.610515	1.688211
32232	-96.64809	-362.981	266.3329	1.706454	1.379595
32238	-107.169	-373.7003	266.5313	1.632829	1.279593
32244	-99.47338	-365.0366	265.5633	1.141532	2.303104
32250	-109.2292	-375.456	266.2268	1.297892	1.758139
32256	-117.4474	-382.4505	265.0031	1.23914	2.593801
32262	-101.993	-368.3544	266.3614	1.568783	1.463793
32268	-101.6733	-368.2434	266.5701	1.601372	1.273553
32274	-104.9615	-370.9786	266.0172	1.505603	1.759513
32280	-113.3151	-377.7015	264.3864	1.411892	2.865611
32286	-117.2785	-381.0238	263.7453	1.237647	3.351622
32292	-109.0228	-374.0582	265.0354	1.120319	2.64725
32298	-113.0596	-379.6631	266.6035	1.547829	1.290042
32304	-116.0316	-382.1717	266.14	1.741603	1.500424
32310	-122.9522	-389.5539	266.6017	2.029699	0.8288205
32316	-114.1901	-380.5851	266.395	2.144104	0.9354875
32322	-131.1456	-397.7552	266.6097	1.54977	1.28343
32328	-129.2024	-394.6543	265.4519	1.525118	2.127283
32334	-110.0799	-376.6745	266.5946	2.029506	0.8378837
32340	-108.2462	-374.715	266.4687	2.145049	0.8505224
32346	-114.9431	-381.4387	266.4956	2.085249	0.8892329
32352	-123.3646	-388.3085	264.9439	1.658561	2.368234
32358	-115.214	-380.9	265.686	1.769905	1.805941
32364	-108.7537	-373.5649	264.8112	1.734537	2.404085
32370	-108.9698	-375.3735	266.4037	1.83385	1.218373
32376	-102.0271	-368.7326	266.7056	1.88785	0.8747539
32382	-96.60854	-363.0885	266.48	2.129383	0.8558403
32388	-95.51991	-361.6006	266.0807	2.02242	1.329051
32394	-102.0844	-368.0847	266.0004	1.983642	1.42262
32400	-96.84102	-363.2104	266.3693	2.059286	1.047036
32406	-92.78267	-359.301	266.5184	2.068851	0.881952
32412	-99.98361	-365.5854	265.6018	1.878355	1.789193
32418	-105.4498	-371.9434	266.4936	1.752932	1.21071
32424	-97.4028	-363.0856	265.6828	1.931807	1.694876
32430	-102.8087	-368.3151	265.5064	2.066011	1.724661
32436	-99.6791	-366.2516	266.5725	1.852607	1.050417
32442	-100.9082	-367.5715	266.6633	1.761758	1.050417
32448	-97.61168	-363.5376	265.9259	1.310201	1.955666
32454	-98.28547	-363.7723	265.4868	1.574665	2.071877
32460	-101.5404	-367.9087	266.3684	1.539725	1.480537
32466	-93.21221	-359.1064	265.8942	1.68978	1.716564
32472	-99.88064	-366.5	266.6194	1.808622	1.047625
32478	-106.4427	-372.9882	266.5454	1.755744	1.163489
32484	-109.5005	-376.0664	266.5659	1.590427	1.28596
32490	-104.8117	-369.7044	264.8927	1.504599	2.497313
32496	-108.6655	-374.4691	265.8035	1.448938	1.944678
32502	-106.3378	-372.8391	266.5013	1.716507	1.234967
32508	-100.8249	-367.369	266.5441	2.02029	0.9077902
32514	-104.7752	-371.3374	266.5621	2.001063	0.9091479
32520	-109.1024	-372.4971	263.3947	1.130681	3.618745
32526	-110.7441	-373.7026	262.9585	0.8784009	4.014954
32532	-106.4839	-372.8655	266.3816	2.26169	0.8135135
32538	-110.3611	-376.9307	266.5697	1.960192	0.9453435
32544	-104.7648	-371.216	266.4512	1.984047	1.040674
32550	-99.56408	-365.9707	266.4066	2.12217	0.9464836
32556	-88.28528	-354.6137	266.3284	1.841968	1.274408
32562	-93.52111	-359.712	266.1909	1.816522	1.404476
32568	-110.2907	-376.696	266.4053	1.850274	1.202962
32574	-116.6289	-380.2318	263.6029	1.206374	3.453409
32580	-113.7813	-379.5908	265.8096	1.668206	1.790809
32586	-121.8304	-387.0578	265.2275	1.571792	2.242549
32592	-117.603	-381.4016	263.7986	1.091191	3.406299
32598	-106.4128	-369.7672	263.3544	1.414525	3.476996
32604	-118.7592	-384.1051	265.3459	1.347863	2.31016
32610	-107.763	-373.2159	265.4528	1.49204	2.148259
32616	-114.4459	-379.9226	265.4767	1.382633	2.203828
32622	-117.638	-384.0261	266.3881	1.545127	1.461497
32628	-124.0007	-389.7921	265.7914	1.513901	1.909048
32634	-135.0281	-397.4321	262.4041	1.906856	3.742823
32640	-125.4971	-390.083	264.586	1.93881	2.417318
32646	-130.8071	-395.5648	264.7577	1.889471	2.33985
32652	-123.7509	-386.5854	262.8345	1.376813	3.800263
32658	-118.9469	-383.5995	264.6525	1.164818	2.85406
32664	-109.3301	-375.4059	266.0759	1.882352	1.442438
32670	-126.4391	-389.9419	263.5028	1.3553	3.424824
32676	-101.8487	-367.6716	265.8229	1.565961	1.852122
32682	-107.8449	-373.1144	265.2695	1.372373	2.343212
32688	-116.1169	-381.2925	265.1756	1.312207	2.440609
32694	-120.2787	-385.6633	265.3847	1.191784	2.384675
32700	-113.4798	-379.743	266.2632	1.86999	1.304811
32706	-108.8393	-375.3918	266.5525	1.674271	1.227448
32712	-112.1365	-378.3432	266.2067	1.836217	1.376791
32718	-108.2908	-374.7267	266.4359	1.768184	1.246503
32724	-109.0973	-374.043	264.9457	1.695328	2.343714
32730	-113.0642	-378.8761	265.8119	1.957708	1.583324
32736	-103.9304	-369.8616	265.9313	2.085964	1.396866
32742	-101.4211	-367.6426	266.2215	2.009452	1.223945
32748	-108.5594	-374.8751	266.3156	1.900279	1.23659
32754	-109.5482	-375.1793	265.6311	1.917865	1.741174
32760	-104.6261	-370.3718	265.7457	1.825392	1.725635
32766	-113.0241	-378.2676	265.2436	1.582977	2.22497
32772	-117.047	-382.7738	265.7267	1.777379	1.772509
32778	-107.2808	-372.7995	265.5187	1.705304	1.963806
32784	-108.084	-373.9716	265.8876	1.854331	1.603536
32790	-113.5404	-376.7278	263.1874	1.389921	3.588564
32796	-104.9856	-369.0366	264.051	1.315074	3.125055
32802	-110.6252	-374.9098	264.2846	1.461322	2.897276
32808	-110.828	-374.4507	263.6227	1.595367	3.212915
32814	-127.1719	-393.363	266.1911	1.813825	1.406455
32820	-113.8604	-378.7224	264.862	1.501658	2.518366
32826	-110.7392	-375.3794	264.6403	1.582197	2.606069
32832	-108.1039	-372.3602	264.2563	1.386053	2.959765
32838	-102.4833	-368.1143	265.631	1.598822	1.959895
32844	-94.258	-360.1816	265.9236	1.9991	1.469444
32850	-101.5883	-365.972	264.3837	1.782057	2.641092
32856	-111.7055	-374.9939	263.2885	1.129562	3.680943
32862	-113.6966	-378.5583	264.8618	1.31213	2.636074
32868	-111.3424	-375.0351	263.6927	1.288815	3.352436
32874	-122.7825	-389.1034	266.3209	2.460802	0.531253
32880	-118.5505	-380.719	262.1685	1.26751	4.24301
32886	-116.52	-378.9842	262.4642	1.493826	3.945655
32892	-113.2941	-377.8068	264.5127	1.710924	2.605349
32898	-111.0544	-374.9431	263.8887	1.661249	3.015251
32904	-104.9954	-370.9347	265.9393	1.54565	1.785835
32910	-98.45093	-363.4482	264.9972	1.689266	2.314772
32916	-100.9403	-366.5405	265.6002	1.962415	1.731549
32922	-98.87899	-364.6689	265.79	2.134744	1.467963
32928	-101.4411	-367.0513	265.6102	2.294404	1.483127
32934	-94.83674	-360.9174	266.0806	2.176476	1.201681
32940	-98.6695	-364.5921	265.9226	2.329015	1.206401
32946	-96.66679	-362.1365	265.4697	2.155964	1.687038
32952	-106.4365	-372.3429	265.9064	1.902672	1.554395
32958	-97.9797	-363.617	265.6373	2.143269	1.575293
32964	-104.7478	-370.5211	265.7733	2.385401	1.283988
32970	-107.9244	-373.8687	265.9443	2.704852	0.2834996
32976	-105.9963	-372.0753	266.079	2.61498	0.3171173
32982	-107.4746	-372.7421	265.2675	2.371243	1.677749
32988	-102.2602	-368.3229	266.0627	2.091126	1.288035
32994	-115.7409	-381.1348	265.3939	2.191406	1.715621
33000	-103.9082	-369.6849	265.7768	2.35938	1.302387
33006	-106.8587	-372.8281	265.9694	2.06558	1.383042
33012	-102.6007	-368.061	265.4603	2.046277	1.770783
33018	-100.7457	-366.165	265.4193	1.956273	1.861183
33024	-96.18712	-361.2272	265.04	2.009474	2.07973
33030	-102.3488	-368.0549	265.706	2.011652	1.621079
33036	-102.6635	-367.3143	264.6508	1.870284	2.419646
33042	-103.8654	-369.3638	265.4984	1.864404	1.869896
33048	-101.8864	-367.0745	265.1882	1.907385	2.049369
33054	-102.211	-367.3098	265.0988	2.071106	1.999986
33060	-103.4711	-368.8931	265.422	2.283464	1.629894
33066	-109.0051	-374.5116	265.5065	2.279053	1.571646
33072	-95.55406	-361.3838	265.8297	1.955855	1.571646
33078	-95.7828	-360.9925	265.2097	1.855875	2.069142
33084	-93.79505	-358.9382	265.1431	2.020483	2.004197
33090	-99.85901	-365.9095	266.0505	2.113681	1.279549
33096	-98.22748	-363.8016	265.5741	1.985716	1.733545
33102	-103.2574	-368.7799	265.5226	2.204459	1.614296
33108	-99.3904	-364.6102	265.2198	1.949951	2.000071
33114	-99.88755	-365.5174	265.6298	2.162216	1.566893
33120	-105.3824	-370.78	265.3976	2.378812	1.578336
33126	-105.6156	-371.4611	265.8455	2.163052	1.403613
33132	-107.9926	-373.3004	265.3078	2.097335	1.840927
33138	-111.351	-376.9183	265.5672	1.949176	1.76394
33144	-104.4747	-370.2633	265.7886	2.224069	1.400439
33150	-112.9728	-378.6159	265.6431	2.133022	1.578568
33156	-114.0654	-379.8005	265.7351	2.041061	1.578568
33162	-111.499	-376.697	265.198	2.077729	1.929029
33168	-116.1356	-380.9314	264.7958	2.00144	2.24382
33174	-117.4894	-382.4376	264.9482	2.04386	2.117445
33180	-129.6024	-396.0703	266.4679	2.314947	0.5192859
33186	-114.0362	-380.5493	266.5131	2.230171	0.655799
33192	-119.1809	-384.8508	265.6699	2.334709	1.406667
33198	-99.97316	-365.6984	265.7252	2.296115	1.393695
33204	-103.8669	-369.5959	265.729	2.452021	1.265659
33210	-109.3922	-375.9938	266.6016	1.960767	0.9101049
33216	-113.7091	-380.1909	266.4818	1.845093	1.14078
33222	-115.2181	-380.8284	265.6103	2.172945	1.573344
33228	-107.7278	-374.0296	266.3018	2.340609	0.8146624
33234	-132.7036	-398.7699	266.0664	1.568802	1.680255
33240	-103.7886	-369.7716	265.983	2.607113	0.8786347
33246	-93.75724	-359.6427	265.8855	2.531854	1.057805
33252	-104.9802	-370.958	265.9779	2.380236	1.112706
33258	-106.3687	-372.8108	266.4421	2.199096	0.8162717
33264	-98.39451	-364.1593	265.7648	2.421602	1.261207
33270	-104.3493	-370.368	266.0187	2.445435	1.012571
33276	-98.84	-364.7087	265.8687	2.536931	1.068889
33282	-100.6161	-366.6002	265.9841	2.56053	0.9295078
33288	-103.8607	-369.7193	265.8587	2.769257	0.8331207
33294	-111.2381	-376.9924	265.7543	2.980219	0.6733606
33300	-113.9121	-379.5757	265.6637	2.991801	0.7975234
33306	-104.9561	-370.6448	265.6887	3.058989	0.6461996
33312	-102.7368	-368.7664	266.0296	2.718069	0.6461996
33318	-100.9715	-366.7859	265.8145	2.75396	0.9033268
33324	-95.11946	-360.9233	265.8038	2.721103	0.9505754
33330	-96.47413	-362.478	266.0039	2.505843	0.9664487
33336	-101.7514	-367.5902	265.8387	2.630134	1.007849
33342	-102.6234	-368.3129	265.6895	2.746757	1.039705
33348	-101.9027	-367.8021	265.8994	2.768143	0.7810535
33354	-106.6996	-372.79	266.0904	2.487036	0.893152
33360	-103.3368	-369.2892	265.9524	2.080254	1.38483
33366	-109.4076	-374.9264	265.5188	2.275824	1.564976
33372	-111.5065	-377.0855	265.579	2.330233	1.479644
33378	-116.1371	-381.8644	265.7273	2.441127	1.276072
33384	-121.4904	-387.5598	266.0694	2.689368	0.3967569
33390	-126.2254	-391.4232	265.1978	2.341861	1.747693
33396	-115.8444	-382.0012	266.1568	2.304226	1.015597
33402	-116.3763	-382.0355	265.6592	2.193316	1.522195
33408	-114.5443	-380.5248	265.9804	2.537082	0.9583322
33414	-117.6063	-383.7551	266.1488	2.302803	1.024822
33420	-104.8996	-370.5589	265.6593	2.98086	0.2776926
33426	-91.99184	-358.0523	266.0605	2.719571	0.4589732
33432	-95.00164	-360.9883	265.9866	2.771985	0.3964129
33438	-102.5881	-368.5586	265.9704	2.78345	0.3877865
33444	-121.8049	-387.2335	265.4285	1.933427	1.870483
33450	-104.9347	-370.7939	265.8591	2.810487	0.297662
33456	-100.4754	-366.451	265.9756	2.745649	0.3435465
33462	-109.2998	-375.253	265.9532	2.822353	0.4393082
33468	-104.116	-370.5674	266.4514	2.322624	0.5725135
33474	-105.6469	-372.2799	266.633	2.044299	0.7673064
33480	-125.4297	-391.7382	266.3085	2.471921	0.4613191
33486	-123.1642	-389.6971	266.5329	2.249445	0.5249541
33492	-123.6318	-390.0875	266.4556	2.233109	0.7504645
33498	-125.27	-391.8349	266.5649	2.1312	0.7393644
33504	-119.4921	-385.8076	266.3156	2.38416	0.7336567
33510	-109.8213	-376.0469	266.2256	2.474122	0.7336567
33516	-109.3894	-376.0398	266.6504	2.04578	0.7391827
33522	-110.088	-376.577	266.489	2.207162	0.7391827
33528	-118.3568	-384.9072	266.5504	2.129759	0.7631822
33534	-117.5241	-384.1882	266.664	1.993392	0.7948811
33540	-114.4528	-381.2079	266.7551	1.892461	0.8079775
33546	-122.1321	-388.4935	266.3614	2.059231	1.054696
33552	-115.9539	-382.4973	266.5434	2.170125	0.7112098
33558	-120.4443	-386.8105	266.3662	2.323297	0.7493135
33564	-125.4098	-391.7925	266.3827	1.988536	1.100749
33570	-116.9041	-383.5626	266.6585	1.897556	0.9170657
33576	-107.3836	-373.9693	266.5857	1.919337	0.9712486
33582	-102.1758	-368.4497	266.2739	1.954721	1.22589
33588	-103.5648	-369.799	266.2341	1.994486	1.22589
33594	-95.07507	-361.5225	266.4475	2.121989	0.9021807
33600	-106.3904	-372.6696	266.2792	2.011287	1.172885
33606	-111.9561	-378.4022	266.446	2.125962	0.8993095
33612	-97.68507	-363.9887	266.3036	2.479199	0.4806761
33618	-109.8605	-375.5593	265.6988	2.861628	0.2358115
33624	-127.1361	-393.5262	266.3901	2.291623	0.7609136
33630	-105.1653	-371.3291	266.1638	2.590434	0.3884308
33636	-108.1907	-374.4497	266.2589	2.507358	0.4126398
33642	-101.2143	-367.4814	266.2671	2.46153	0.3520529
33648	-105.0969	-371.1047	266.0079	2.64628	0.2867724
33654	-106.3907	-372.5727	266.182	2.51477	0.3195552
33660	-104.9388	-371.0682	266.1294	2.57908	0.3303993
33666	-108.8265	-374.7621	265.9356	2.766603	0.3244258
33672	-103.9224	-369.6827	265.7603	2.829427	0.2496187
33678	-113.0296	-378.7436	265.714	2.776744	0.2080612
33684	-109.5123	-374.9339	265.4217	3.004617	0.1870524
33690	-117.5816	-382.3161	264.7344	1.282609	2.732451
33696	-123.4755	-387.146	263.6706	1.195407	3.420232
33702	-124.2589	-390.3336	266.0747	2.691397	0.4122091
33708	-130.8919	-396.9327	266.0408	2.700793	0.3686972
33714	-122.1991	-384.3258	262.1267	1.189898	4.31061
33720	-122.9175	-383.0535	260.1359	1.133163	5.451794
33726	-125.9735	-384.9919	259.0184	1.117241	6.072425
33732	-125.0622	-382.971	257.9088	0.9028927	6.790258
33738	-121.6701	-379.8318	258.1617	1.054623	6.571596
33744	-133.5035	-391.8283	258.3248	1.184055	6.413096
33750	-133.1706	-398.6676	265.497	2.108787	1.701138
33756	-146.0985	-411.9062	265.8077	2.016734	1.543047
33762	-129.8701	-395.1256	265.2555	2.071458	1.894341
33768	-134.9054	-400.9279	266.0225	2.346597	1.102669
33774	-117.8866	-383.9356	266.0489	1.506122	1.736883
33780	-110.4723	-374.5518	264.0796	1.249908	3.14682
33786	-110.9308	-374.3005	263.3697	1.141215	3.627115
33792	-103.9091	-367.6488	263.7397	1.207218	3.372809
33798	-98.62309	-362.5036	263.8805	1.310201	3.229151
33804	-102.0812	-365.7186	263.6374	1.283448	3.388058
33810	-113.873	-377.9872	264.1141	1.293354	3.100389
33816	-106.3911	-368.6802	262.289	1.376463	4.112659
33822	-114.9763	-379.2775	264.3012	1.284176	2.993958
33828	-110.4292	-374.2667	263.8375	1.655982	3.049054
33834	-92.86391	-358.2318	265.3679	1.747647	2.036096
33840	-88.76907	-353.9135	265.1444	1.448116	2.374483
33846	-86.51787	-351.2628	264.7449	1.424336	2.638928
33852	-99.20174	-364.465	265.2633	1.607416	2.196438
33858	-102.8825	-367.986	265.1035	1.713961	2.230815
33864	-111.1796	-375.695	264.5154	1.751589	2.578495
33870	-112.3651	-377.4691	265.104	1.715495	2.229512
33876	-104.2833	-369.8129	265.5296	1.428888	2.139388
33882	-102.89	-365.3399	262.4499	1.394435	4.010693
33888	-103.362	-366.283	262.921	0.8541527	4.050163
33894	-100.5467	-362.2396	261.6929	0.9306477	4.700427
33900	-109.545	-373.6201	264.0751	1.000581	3.297057
33906	-90.64254	-355.9575	265.315	1.182703	2.434382
33912	-127.8536	-394.1359	266.2823	1.790659	1.353105
33918	-128.9123	-394.9086	265.9963	1.798795	1.564669
33924	-119.4008	-386.1089	266.7081	1.941342	0.8055676
33930	-104.6613	-369.9013	265.24	1.959281	1.980395
33936	-99.273	-364.7145	265.4415	1.430493	2.195574
33942	-106.123	-370.7684	264.6454	1.468812	2.672836
33948	-115.9867	-379.4737	263.4869	1.513268	3.341476
33954	-108.3542	-372.6771	264.3228	1.459651	2.875193
33960	-113.0425	-377.4166	264.3741	1.350415	2.910246
33966	-99.77352	-363.183	263.4095	1.260608	3.53464
33972	-105.728	-368.7011	262.9731	1.361568	3.729111
33978	-107.3127	-370.4869	263.1742	1.515184	3.523394
33984	-89.33643	-352.5239	263.1874	1.501936	3.523394
33990	-128.6665	-394.9602	266.2937	2.22873	0.9531705
33996	-129.9095	-395.9305	266.021	1.956298	1.427811
34002	-120.2842	-386.6471	266.3629	1.948966	1.154121
34008	-118.4602	-384.8849	266.4246	1.885952	1.15522
34014	-123.371	-389.3933	266.0222	1.770997	1.566044
34020	-125.2713	-390.1742	264.9029	1.727081	2.350739
34026	-120.5452	-385.7673	265.2221	1.629226	2.208955
34032	-122.6405	-386.6107	263.9702	1.417781	3.112036
34038	-116.5756	-379.5827	263.007	1.001037	3.916992
34044	-109.4929	-371.7565	262.2636	1.432771	4.095104
34050	-112.906	-377.8604	264.9544	1.314656	2.577205
34056	-119.491	-383.3663	263.8753	1.514836	3.110739
34062	-112.1076	-376.5148	264.4072	1.614485	2.729603
34068	-106.7995	-372.4753	265.6758	1.636645	1.904174
34074	-109.3819	-375.7462	266.3643	1.969186	1.134907
34080	-107.8214	-374.2274	266.4061	2.046765	1.023651
34086	-104.2579	-370.8201	266.5622	2.013095	0.8955366
34092	-101.2829	-367.5657	266.2828	1.797781	1.347024
34098	-105.7825	-371.7432	265.9607	1.552406	1.766265
34104	-109.6243	-375.9341	266.3099	1.904138	1.238207
34110	-103.8464	-369.719	265.8726	2.132826	1.406042
34116	-96.4672	-362.603	266.1358	1.69595	1.537584
34122	-97.32607	-362.4782	265.1522	1.6673	2.22954
34128	-96.65416	-360.6594	264.0052	1.784825	2.870607
34134	-92.81244	-357.2237	264.4112	1.45527	2.824239
34140	-93.59599	-358.8738	265.2778	1.561321	2.216881
34146	-102.7413	-367.7097	264.9684	1.406583	2.511279
34152	-111.3846	-374.7529	263.3683	1.414602	3.468841
34158	-112.7684	-377.5485	264.78	1.600204	2.508001
34164	-110.8969	-375.4881	264.5912	1.67377	2.579746
34170	-100.4979	-365.305	264.807	1.964909	2.260102
34176	-102.2529	-367.9343	265.6813	1.956353	1.678485
34182	-111.7477	-377.4635	265.7158	1.699604	1.833915
34188	-107.3483	-370.5859	263.2376	1.573346	3.452424
34194	-111.0436	-375.5971	264.5535	1.602074	2.647366
34200	-108.4458	-371.7333	263.2875	1.663643	3.370273
34206	-110.6142	-375.6689	265.0548	1.588077	2.342571
34212	-108.2301	-373.7543	265.5242	1.496886	2.09841
34218	-105.0547	-368.8653	263.8106	1.696912	3.04066
34224	-113.9851	-378.2362	264.2511	1.691342	2.778011
34230	-110.1738	-374.7639	264.5902	1.69743	2.565694
34236	-94.25184	-360.1804	265.9285	1.457912	1.853766
34242	-110.2692	-375.2338	264.9646	1.468077	2.475209
34248	-112.8668	-378.0872	265.2203	1.474881	2.309222
34254	-125.3711	-389.3011	263.93	1.645744	2.999766
34260	-122.6785	-387.5152	264.8367	1.66141	2.434095
34266	-131.5678	-395.8156	264.2478	1.551782	2.864845
34272	-118.0003	-384.0873	266.087	1.693436	1.575399
34278	-114.7245	-380.519	265.7945	1.811425	1.701043
34284	-144.2753	-409.8018	265.5266	1.702725	1.960267
34290	-138.4217	-404.9442	266.5225	2.114494	0.8216614
34296	-139.3527	-405.845	266.4923	2.168788	0.7899174
34302	-121.0846	-387.5218	266.4372	1.953862	1.082483
34308	-124.5235	-390.7412	266.2177	1.999256	1.235738
34314	-121.0448	-387.3715	266.3267	1.605323	1.462394
34320	-113.628	-379.8679	266.2399	1.692141	1.462394
34326	-107.8156	-374.1613	266.3456	1.822299	1.276447
34332	-104.6275	-371.1051	266.4776	1.799907	1.184109
34338	-94.26996	-360.7498	266.4798	1.732777	1.239354
34344	-106.8441	-373.0375	266.1934	1.588665	1.574219
34350	-110.4406	-376.8388	266.3982	1.383844	1.574219
34356	-110.606	-376.1388	265.5328	1.404983	2.152897
34362	-115.6902	-381.1993	265.5091	1.411409	2.16413
34368	-127.1399	-392.5701	265.4301	1.605807	2.088667
34374	-119.7227	-386.2264	266.5037	1.987706	0.985254
34380	-116.8974	-383.4274	266.53	2.136529	0.7824162
34386	-125.1135	-391.7011	266.5876	2.135927	0.6938957
34392	-118.5448	-385.062	266.5171	2.17392	0.7469868
34398	-112.3608	-378.9156	266.5548	2.148228	0.7283758
34404	-112.4071	-379.0529	266.6458	1.956576	0.8642092
34410	-102.612	-369.194	266.5819	2.020452	0.8642092
34416	-115.1149	-381.7342	266.6193	1.983059	0.8642092
34422	-110.4616	-376.9432	266.4816	1.808144	1.173474
34428	-110.1452	-376.7578	266.6127	2.103667	0.7064373
34434	-138.983	-398.8373	259.8543	0.7716522	5.804711
34440	-130.5318	-391.49	260.9582	1.113926	5.00782
34446	-115.5203	-376.5564	261.0362	1.070507	4.988619
34452	-107.549	-372.0595	264.5105	1.136292	2.957091
34458	-120.58	-384.3184	263.7384	1.073122	3.452092
34464	-133.6291	-397.5378	263.9088	0.9027694	3.452092
34470	-127.5695	-390.8828	263.3134	1.232404	3.60692
34476	-122.9065	-387.9557	265.0492	1.433023	2.444101
34482	-120.9879	-387.4253	266.4374	1.635328	1.353233
34488	-132.9815	-395.9119	262.9303	1.425135	3.717116
34494	-114.6091	-380.5616	265.9526	1.724228	1.650527
34500	-129.8767	-395.9256	266.0488	1.914822	1.43825
34506	-122.8964	-389.3096	266.4131	1.892608	1.159509
34512	-120.6888	-387.3094	266.6207	1.823875	1.03172
34518	-117.2532	-383.7603	266.507	1.80226	1.156354
34524	-125.9732	-390.2772	264.304	1.354655	2.949924
34530	-120.5538	-384.1609	263.607	1.443021	3.312154
34536	-113.7427	-377.6911	263.9485	1.254301	3.221984
34542	-108.2131	-374.1687	265.9555	1.604122	1.733656
34548	-104.8519	-371.1487	266.2968	1.697045	1.415006
34554	-113.5202	-378.6408	265.1205	1.782854	2.175267
34560	-119.7861	-385.1683	265.3822	1.6743	2.075106
34566	-137.5633	-403.5433	265.98	2.056678	1.381684
34572	-114.4277	-380.7195	266.2918	1.774441	1.358435
34578	-118.9094	-385.4605	266.5511	2.219062	0.5864573
34584	-121.1013	-387.3764	266.2751	2.508455	0.5011911
34590	-110.4916	-376.6946	266.203	2.570229	0.431378
34596	-117.7687	-383.9588	266.1901	2.526892	0.7053401
34602	-111.6885	-378.1513	266.4628	2.291669	0.6305128
34608	-116.5071	-383.0807	266.5736	2.19342	0.5966581
34614	-108.2943	-374.7539	266.4596	2.26797	0.686514
34620	-116.2161	-382.6868	266.4707	2.092828	0.9088338
34626	-110.7405	-377.3382	266.5977	1.972875	0.9008693
34632	-112.1989	-378.8457	266.6468	1.923816	0.9008693
34638	-112.2883	-378.8888	266.6004	1.820683	1.054225
34644	-117.5804	-384.0377	266.4573	2.311385	0.5912988
34650	-119.8378	-386.1683	266.3305	2.452963	0.4921166
34656	-129.3775	-395.9717	266.5942	2.177296	0.5819141
34662	-110.8155	-377.474	266.6585	2.017184	0.7695259
34668	-99.56031	-366.1647	266.6044	2.017184	0.8410536
34674	-94.96958	-361.5462	266.5766	1.837125	1.061191
34680	-118.8929	-385.2204	266.3275	2.43399	0.612668
34686	-129.8529	-396.0829	266.23	2.553484	0.4931653
34692	-118.1574	-384.6201	266.4627	2.093537	0.9168316
34698	-116.0465	-382.5675	266.521	2.223292	0.6536897
34704	-123.7705	-389.8967	266.1262	2.656118	0.4747196
34710	-113.3599	-379.7936	266.4337	2.344017	0.5559522
34716	-120.0056	-386.5234	266.5178	2.26511	0.5190602
34722	-107.6372	-374.0525	266.4153	2.345321	0.6148452
34728	-102.1862	-368.5621	266.3759	2.384154	0.616439
34734	-99.72877	-366.3037	266.575	2.206084	0.5366202
34740	-101.4417	-367.8854	266.4438	2.337278	0.5366202
34746	-103.1704	-369.7945	266.6241	2.153816	0.5552236
34752	-113.0993	-379.6844	266.5852	1.90608	0.98539
34758	-111.1796	-377.7486	266.569	1.866339	1.040598
34764	-108.324	-375.0212	266.6972	1.769706	1.009762
34770	-107.7328	-374.164	266.4313	1.99195	1.052226
34776	-114.9785	-381.5007	266.5222	2.019609	0.9325539
34782	-101.0072	-367.5093	266.502	2.208697	0.7158935
34788	-113.1796	-379.6375	266.4579	2.179709	0.8209286
34794	-114.8251	-381.2764	266.4514	2.232085	0.7583337
34800	-105.5795	-372.2298	266.6503	2.008842	0.7925553
34806	-106.749	-373.3216	266.5726	1.990883	0.9088381
34812	-113.0287	-379.7197	266.691	1.872479	0.9088381
34818	-104.1776	-370.7016	266.524	1.692332	1.23624
34824	-102.6819	-369.1814	266.4995	1.716863	1.23624
34830	-101.2485	-367.4679	266.2194	1.750196	1.433712
34836	-89.47175	-355.8042	266.3324	1.700274	1.384807
34842	-99.69676	-365.7496	266.0529	1.655183	1.628024
34848	-101.2305	-367.3886	266.1581	1.719017	1.503814
34854	-126.8098	-393.2951	266.4853	2.264855	0.640746
34860	-115.6248	-381.2966	265.6718	1.776843	1.811001
34866	-118.5091	-385.0596	266.5505	1.856346	1.067713
34872	-117.7723	-383.7728	266.0006	1.635473	1.679651
34878	-121.1321	-387.567	266.4348	1.603078	1.38072
34884	-119.3016	-385.8114	266.5098	2.264926	0.5696624
34890	-132.6979	-398.9588	266.261	2.517075	0.5545157
34896	-125.5219	-391.8816	266.3596	2.422489	0.5277149
34902	-133.079	-399.1234	266.0443	2.697203	0.3686325
34908	-132.0967	-398.0392	265.9425	2.795755	0.3641041
34914	-126.0005	-392.1299	266.1293	2.611705	0.3679403
34920	-127.9801	-393.9598	265.9797	2.724772	0.3265756
34926	-134.0661	-399.9824	265.9163	2.73255	0.2832799
34932	-123.8232	-389.203	265.3798	1.51968	2.177798
34938	-123.9393	-389.6242	265.6849	1.590494	1.929241
34944	-119.7506	-385.4232	265.6726	1.559888	1.95814
34950	-124.0606	-390.3692	266.3086	2.47496	0.4952278
34956	-125.7442	-392.0352	266.2909	2.47496	0.6000671
34962	-107.9949	-374.4871	266.4922	2.107868	0.8669595
34968	-112.7589	-379.2971	266.5382	2.139037	0.7673891
34974	-115.9793	-382.3795	266.4002	2.383411	0.4957862
34980	-116.2376	-382.6938	266.4562	2.301349	0.6229081
34986	-108.1869	-374.594	266.4071	2.338706	0.6503457
34992	-103.781	-370.3014	266.5204	2.221817	0.6579683
34998	-108.4729	-374.9679	266.495	2.167049	0.7886439
35004	-100.0375	-366.5209	266.4834	2.288969	0.5786125
35010	-102.7236	-369.0144	266.2908	2.492794	0.503668
35016	-95.6473	-362.0571	266.4098	2.342536	0.6355734
35022	-104.3162	-370.9446	266.6285	1.925687	0.9191507
35028	-108.1447	-374.7354	266.5907	1.963423	0.9191507
35034	-111.1253	-377.6713	266.546	2.116624	0.7878276
35040	-112.8303	-378.9696	266.1393	1.622097	1.589305
35046	-111.8942	-378.3614	266.4673	1.765117	1.2227
35052	-116.2968	-382.5469	266.2501	1.82011	1.35527
35058	-111.5016	-377.961	266.4594	2.070618	0.945215
35064	-119.1003	-385.0672	265.9669	2.784661	0.3838839
35070	-102.7402	-369.2072	266.467	1.832158	1.165275
35076	-105.3788	-372.1007	266.7219	1.942381	0.7855785
35082	-107.0978	-373.5343	266.4365	2.117054	0.9197964
35088	-104.329	-371.0566	266.7276	2.034627	0.6106042
35094	-99.93705	-366.6732	266.7361	1.999405	0.6714112
35100	-109.8769	-376.5416	266.6647	2.084928	0.6419871
35106	-106.3102	-372.8352	266.5249	2.191486	0.706297
35112	-112.3054	-378.8936	266.5881	1.962498	0.9229968
35118	-106.6307	-373.1455	266.5148	2.257091	0.5805616
35124	-107.8411	-373.9481	266.107	2.609612	0.3386542
35130	-116.5206	-382.2547	265.7341	2.827589	0.2363853
35136	-104.5148	-370.229	265.7142	2.795931	0.2151743
35142	-114.3898	-380.2751	265.8853	2.730309	0.2632832
35148	-115.8524	-382.216	266.3636	2.391334	0.3895786
35154	-108.3865	-374.7907	266.4042	2.373	0.4455957
35160	-108.2872	-374.6442	266.357	2.425732	0.4791937
35166	-104.3224	-370.8555	266.5331	2.195586	0.6844874
35172	-101.336	-367.8585	266.5225	2.253859	0.5626231
35178	-97.27601	-363.7475	266.4715	2.304888	0.5626231
35184	-99.1348	-365.6624	266.5276	2.24877	0.5626231
35190	-107.8977	-374.401	266.5033	2.254291	0.6228493
35196	-116.5619	-383.0114	266.4494	2.205904	0.7976723
35202	-109.7337	-376.4184	266.6847	2.090232	0.5685912
35208	-106.4608	-372.9856	266.5248	2.244584	0.589151
35214	-102.9407	-369.5728	266.6321	1.961416	0.8746571
35220	-103.3201	-369.8141	266.494	2.250233	0.6536534
35226	-104.4673	-371.1932	266.7259	1.97529	0.7313543
35232	-116.5967	-383.0506	266.454	2.205963	0.7914645
35238	-117.2043	-383.8356	266.6313	2.114918	0.6495174
35244	-136.6594	-402.8105	266.151	1.968358	1.315948
35250	-126.1673	-392.8002	266.6329	1.992686	0.8359959
35256	-105.5413	-371.8439	266.3025	2.030938	1.134909
35262	-110.1073	-376.578	266.4707	2.309156	0.4580235
35268	-116.6174	-382.9863	266.3689	2.274834	0.8130392
35274	-119.2477	-385.7121	266.4644	2.16421	0.8323052
35280	-116.063	-382.7431	266.6801	1.840754	0.954804
35286	-100.3207	-366.7669	266.4462	1.981562	1.047845
35292	-108.4691	-374.9271	266.458	2.105953	0.9083412
35298	-112.4862	-378.7347	266.2485	2.526546	0.4373775
35304	-123.3484	-389.5389	266.1905	2.579619	0.5866044
35310	-124.7947	-390.928	266.1333	1.708652	1.530052
35316	-110.2661	-376.3013	266.0352	1.472085	1.770334
35322	-117.4456	-383.5282	266.0826	1.430509	1.76622
35328	-109.2338	-374.8666	265.6328	1.514666	2.01492
35334	-110.7105	-377.0439	266.3334	2.44998	0.510337
35340	-98.78597	-364.0076	265.2216	1.532891	2.271298
35346	-99.29899	-363.7377	264.4387	1.188795	2.968692
35352	-105.3905	-367.3079	261.9174	1.525816	4.238936
35358	-91.40535	-357.3803	265.975	1.379406	1.875654
35364	-99.04383	-364.844	265.8002	1.394387	1.983524
35370	-105.3644	-371.941	266.5766	1.599958	1.269361
35376	-103.9938	-370.6145	266.6206	1.782114	1.071572
35382	-101.7251	-368.1497	266.4247	1.621656	1.374108
35388	-102.7245	-369.2797	266.5551	2.022284	0.8931994
35394	-102.5602	-369.239	266.6788	1.957161	0.8229695
35400	-118.1278	-384.4679	266.3401	2.130977	1.005662
35406	-118.9183	-384.4859	265.5677	1.990742	1.73455
35412	-101.3723	-367.9267	266.5544	1.757123	1.154396
35418	-114.1583	-380.5402	266.382	1.921044	1.161896
35424	-123.9841	-389.9057	265.9217	2.833045	0.3892447
35430	-115.2817	-381.8572	266.5754	1.99071	0.9058764
35436	-123.8873	-389.6842	265.7969	1.980518	1.577608
35442	-110.8493	-376.6825	265.8332	1.686076	1.761928
35448	-109.1224	-374.791	265.6686	1.664369	1.890223
35454	-103.7758	-368.7477	264.9719	1.714713	2.314687
35460	-102.4105	-366.2526	263.8421	1.536799	3.117405
35466	-95.42613	-360.0649	264.6387	1.596937	2.597879
35472	-94.89749	-360.2197	265.3222	1.674929	2.114133
35478	-105.9023	-372.0806	266.1783	1.438669	1.693221
35484	-96.04152	-361.998	265.9564	1.796147	1.595759
35490	-100.5946	-366.5476	265.9529	1.882011	1.535259
35496	-96.9451	-363.1982	266.2531	1.897713	1.290476
35502	-101.1078	-367.2222	266.1144	1.875461	1.418085
35508	-98.0761	-363.7914	265.7153	1.790271	1.77149
35514	-104.3519	-370.2869	265.935	1.574298	1.768922
35520	-106.3503	-372.5145	266.1642	1.662673	1.54122
35526	-97.94876	-363.918	265.9692	1.603131	1.724716
35532	-100.7842	-366.2165	265.4323	1.729573	2.005327
35538	-95.04375	-360.8764	265.8327	1.514299	1.88071
35544	-145.5466	-409.749	264.2024	1.527819	2.90678
35550	-119.7233	-385.5601	265.8368	1.698642	1.750621
35556	-111.4619	-377.8679	266.406	2.026526	1.043273
35562	-102.6615	-368.6606	265.9991	1.899497	1.487687
35568	-104.1906	-370.4187	266.2281	2.037849	1.19406
35574	-99.50307	-365.6859	266.1828	1.814479	1.412351
35580	-109.2181	-375.5945	266.3765	1.973531	1.120043
35586	-114.7194	-381.1382	266.4188	2.052127	1.005799
35592	-126.8134	-391.7055	264.8921	2.159715	2.07821
35598	-111.6648	-377.2816	265.6168	1.952264	1.727052
35604	-98.29669	-364.458	266.1613	1.881455	1.376884
35610	-104.1155	-370.3725	266.2569	1.764074	1.393929
35616	-100.7928	-366.7611	265.9683	1.676747	1.673192
35622	-99.5593	-365.3426	265.7833	1.809705	1.710143
35628	-94.97652	-361.2467	266.2702	1.89768	1.276486
35634	-89.922	-356.3671	266.4451	1.815482	1.198737
35640	-84.99069	-351.377	266.3863	1.799203	1.261984
35646	-101.3458	-367.6483	266.3025	1.721942	1.391229
35652	-103.6511	-369.1314	265.4803	1.876294	1.87418
35658	-107.3872	-372.3588	264.9715	1.648981	2.356761
35664	-108.5055	-372.9668	264.4613	1.309011	2.88256
35670	-105.1953	-368.986	263.7907	1.217481	3.33679
35676	-101.6098	-366.3236	264.7137	1.722653	2.47286
35682	-113.0624	-377.6834	264.6209	1.244817	2.824702
35688	-113.8239	-378.5811	264.7572	1.749037	2.428961
35694	-114.7487	-380.2257	265.477	1.612761	2.05318
35700	-110.9418	-374.8321	263.8903	1.320242	3.217385
35706	-120.0161	-381.4306	261.4145	0.9335169	4.854302
35712	-113.4153	-377.5324	264.1171	1.3292	3.077216
35718	-108.3819	-373.5014	265.1195	1.194143	2.549502
35724	-112.7303	-373.5349	260.8046	1.070057	5.11737
35730	-125.3124	-391.6839	266.3715	2.075085	1.029689
35736	-115.6836	-382.1886	266.5051	1.870285	1.096977
35742	-116.7541	-382.0961	265.342	1.205646	2.402897
35748	-119.568	-384.0625	264.4945	1.304282	2.865301
35754	-109.895	-376.4283	266.5333	2.08832	0.8409037
35760	-102.8645	-369.3907	266.5262	2.248441	0.5701183
35766	-114.4746	-381.0885	266.6139	2.063725	0.7667929
35772	-117.8532	-382.0352	264.1821	1.314329	3.047309
35778	-109.657	-372.2853	262.6283	1.207095	4.015803
35784	-110.4371	-375.7673	265.3302	1.476295	2.23786
35790	-92.3757	-356.7044	264.3287	1.360428	2.931568
35796	-91.89741	-357.865	265.9676	1.519816	1.784163
35802	-108.6586	-375.2471	266.5885	1.795498	1.08897
35808	-113.2697	-379.7375	266.4678	2.137641	0.8605573
35814	-103.9722	-370.5962	266.6241	2.072894	0.737933
35820	-101.9311	-368.106	266.1749	1.926419	1.330493
35826	-109.5694	-376.092	266.5226	1.963471	0.9906439
35832	-107.6391	-373.2578	265.6186	1.861543	1.789157
35838	-93.31237	-359.5126	266.2002	1.856036	1.366305
35844	-102.2409	-368.6758	266.4349	1.650398	1.343267
35850	-104.5561	-370.1074	265.5513	1.697723	1.94701
35856	-106.208	-371.2415	265.0335	1.603601	2.3462
35862	-107.268	-373.631	266.363	1.866511	1.225163
35868	-109.465	-373.2328	263.7679	1.489469	3.189667
35874	-103.0141	-367.9878	264.9736	1.543569	2.422097
35880	-142.6092	-408.5009	265.8917	2.802659	0.3173698
35886	-127.6191	-393.5377	265.9186	2.841993	0.4003491
35892	-110.1121	-375.9392	265.8271	1.50295	1.892234
35898	-105.0485	-370.6996	265.6511	1.664382	1.902133
35904	-106.5544	-372.2484	265.694	1.585308	1.926564
35910	-108.0135	-372.2738	264.2603	1.420292	2.936754
35916	-119.719	-383.4753	263.7563	1.300515	3.308154
35922	-123.5341	-387.6489	264.1148	1.625077	2.900959
35928	-118.0364	-383.2508	265.2143	1.785813	2.112161
35934	-109.6383	-374.9186	265.2803	1.761735	2.084642
35940	-126.1766	-389.2729	263.0964	1.751887	3.430618
35946	-121.1967	-386.3125	265.1158	1.817385	2.155879
35952	-112.2907	-377.2314	264.9407	1.893903	2.219761
35958	-109.2179	-375.3323	266.1145	1.759939	1.505857
35964	-113.5793	-378.7424	265.1631	1.526246	2.312985
35970	-119.5822	-386.0959	266.5137	2.14837	0.7885574
35976	-112.8502	-379.4765	266.6263	2.14329	0.588546
35982	-109.1749	-375.7056	266.5307	2.172714	0.7277864
35988	-117.7873	-384.3712	266.5838	2.168115	0.636559
35994	-111.1746	-377.6755	266.5009	1.906474	1.067245
36000	-112.7061	-379.1759	266.4698	1.636253	1.326681
36006	-112.072	-377.749	265.677	1.614463	1.918414
36012	-108.4005	-372.4337	264.0332	1.509555	3.019572
36018	-111.3098	-376.8455	265.5358	1.689886	1.962711
36024	-114.3022	-380.2328	265.9307	1.780655	1.625684
36030	-104.7346	-370.775	266.0404	1.788411	1.539773
36036	-99.77791	-366.4511	266.6731	1.742744	1.059174
36042	-105.473	-372.2299	266.7568	1.792607	0.9242733
36048	-99.0769	-365.6946	266.6177	2.020226	0.8204131
36054	-114.2202	-380.6351	266.4149	2.338151	0.6340636
36060	-117.2458	-383.4684	266.2226	1.92826	1.290464
36066	-120.7601	-386.6896	265.9295	1.885683	1.549891
36072	-104.2322	-370.7113	266.4791	2.27267	0.6368908
36078	-98.4313	-364.9884	266.5571	2.169073	0.6890755
36084	-91.52848	-357.9481	266.4197	2.352975	0.5777653
36090	-90.56396	-357.2023	266.6383	1.984655	0.8392587
36096	-99.83491	-366.0264	266.1915	2.039844	1.223612
36102	-99.87738	-366.2616	266.3842	1.563029	1.45084
36108	-97.18204	-363.4042	266.2221	1.58919	1.552717
36114	-96.38173	-361.587	265.2053	1.476848	2.317556
36120	-96.61226	-360.7095	264.0972	1.618961	2.915266
36126	-101.8733	-368.2147	266.3414	1.469404	1.55307
36132	-109.6728	-375.2699	265.5972	1.522924	2.033119
36138	-94.45429	-361.0096	266.5553	1.697445	1.205399
36144	-92.07955	-358.1856	266.106	1.667941	1.580142
36150	-103.8927	-370.4213	266.5286	1.561705	1.339311
36156	-109.3645	-375.9473	266.5828	1.507459	1.339311
36162	-103.8483	-370.0403	266.192	1.665615	1.518372
36168	-89.35587	-355.9723	266.6164	1.63379	1.207607
36174	-98.489	-365.0517	266.5627	1.672447	1.22038
36180	-110.763	-377.1052	266.3422	1.876396	1.234337
36186	-103.6655	-370.2774	266.6119	2.021812	0.825802
36192	-113.6035	-380.0181	266.4146	2.219129	0.825802
36198	-111.9815	-378.5847	266.6032	2.105669	0.7189623
36204	-107.6767	-374.2704	266.5936	1.990771	0.8851955
36210	-112.5396	-379.1493	266.6097	2.162207	0.5803512
36216	-106.8071	-373.3144	266.5072	2.147777	0.7980986
36222	-109.5333	-376.2825	266.7492	1.995692	0.6522581
36228	-96.37715	-362.8998	266.5227	2.191687	0.7097796
36234	-96.99305	-363.406	266.4129	2.284753	0.736865
36240	-101.9782	-368.2138	266.2356	2.530341	0.4117677
36246	-95.71645	-362.363	266.6465	2.069512	0.7070047
36252	-91.48259	-358.2986	266.816	1.8731	0.7499394
36258	-103.1001	-369.6499	266.5498	1.696666	1.210777
36264	-102.3772	-368.4834	266.1062	1.194873	1.911855
36270	-107.2553	-373.4764	266.2211	1.521769	1.602813
36276	-108.985	-374.949	265.964	1.555325	1.761881
36282	-113.6146	-380.1326	266.5179	1.74579	1.196005
36288	-103.0331	-369.6222	266.589	2.068483	0.7947533
36294	-109.039	-375.5591	266.5201	2.256365	0.562164
36300	-106.579	-373.1267	266.5478	2.232117	0.5442989
36306	-106.8625	-373.4946	266.6321	2.113822	0.650114
36312	-101.4847	-368.2239	266.7392	1.967612	0.7223772
36318	-105.0708	-371.5257	266.4549	1.83172	1.176198
36324	-119.6393	-381.6062	261.9669	0.9233375	4.550903
36330	-117.4679	-380.9444	263.4765	1.141633	3.564842
36336	-129.2553	-389.7496	260.4943	1.069582	5.289263
36342	-104.6846	-370.776	266.0914	1.544929	1.679442
36348	-111.1615	-377.4479	266.2864	1.70286	1.418544
36354	-114.3201	-380.7692	266.4491	1.743293	1.25627
36360	-124.5629	-390.178	265.6151	1.820856	1.819739
36366	-126.1525	-391.6358	265.4833	1.690734	1.997223
36372	-123.0349	-388.9423	265.9074	1.771061	1.649316
36378	-123.1483	-389.0192	265.8709	1.93615	1.55587
36384	-87.65617	-354.2585	266.6024	2.002541	0.8612161
36390	-93.03504	-359.07	266.0349	1.693456	1.61333
36396	-95.99339	-362.5915	266.5981	1.851647	1.026604
36402	-104.7009	-371.4003	266.6994	2.01123	0.7160961
36408	-105.0244	-371.6996	266.6751	1.94111	0.84754
36414	-92.74168	-358.1626	265.4209	1.592834	2.103239
36420	-100.9087	-366.4879	265.5792	1.435768	2.102438
36426	-96.70162	-359.3465	262.6449	1.410055	3.89013
36432	-105.4041	-370.5127	265.1085	1.468898	2.384071
36438	-101.6701	-368.1915	266.5214	1.71146	1.222355
36444	-102.6761	-368.5411	265.865	1.625659	1.781841
36450	-103.646	-368.7729	265.1269	1.354023	2.444915
36456	-107.6818	-371.2125	263.5306	1.28074	3.45219
36462	-106.9134	-371.0985	264.1851	1.420747	2.981693
36468	-113.2235	-379.1741	265.9506	1.308941	1.939957
36474	-110.9827	-375.2223	264.2395	1.372137	2.978197
36480	-111.233	-376.7706	265.5376	1.272487	2.235559
36486	-110.9432	-376.5105	265.5673	1.384536	2.143719
36492	-122.6231	-389.2598	266.6367	2.063096	0.7334894
36498	-125.8594	-392.2847	266.4253	2.18657	0.85288
36504	-119.7931	-386.2963	266.5032	2.273389	0.5615317
36510	-119.7547	-384.757	265.0022	1.66138	2.329354
36516	-124.1617	-388.7383	264.5766	1.541314	2.670558
36522	-124.4074	-388.4918	264.0844	1.230902	3.155253
36528	-117.1961	-382.7243	265.5282	1.477846	2.108295
36534	-125.8464	-391.4985	265.6522	1.740734	1.849339
36540	-123.0072	-389.3275	266.3204	2.459469	0.5447224
36546	-112.93	-379.4644	266.5344	2.121016	0.797557
36552	-110.3906	-376.9159	266.5253	2.080815	0.8598019
36558	-97.60777	-364.3004	266.6927	2.0514	0.6540554
36564	-93.48398	-360.0196	266.5356	2.013169	0.9250186
36570	-90.15661	-356.9057	266.749	1.985366	0.6736325
36576	-89.05644	-355.274	266.2176	2.558557	0.4414211
36582	-85.58974	-351.9654	266.3756	2.374393	0.6410194
36588	-83.449	-349.9106	266.4616	2.289462	0.6386353
36594	-93.34801	-359.7359	266.3879	2.387434	0.5669126
36600	-87.64125	-353.9155	266.2743	2.490059	0.6045984
36606	-93.89304	-360.2719	266.3789	2.302376	0.7615686
36612	-102.6525	-369.2283	266.5758	2.108425	0.7571743
36618	-104.8428	-371.3977	266.555	1.96063	0.9603331
36624	-100.0278	-366.556	266.5282	1.844635	1.09929
36630	-94.65863	-361.3158	266.6572	1.890256	0.9264749
36636	-94.23286	-360.6659	266.4331	1.674116	1.325794
36642	-97.73109	-363.9163	266.1852	1.700563	1.497315
36648	-105.6873	-370.3182	264.6309	1.623807	2.5861
36654	-121.675	-387.0602	265.3852	1.447585	2.220928
36660	-117.8237	-383.846	266.0223	1.721644	1.602005
36666	-110.7569	-376.5732	265.8163	1.827547	1.674076
36672	-111.9878	-378.5305	266.5427	2.037137	0.8904181
36678	-107.8921	-374.5671	266.675	1.939896	0.8492434
36684	-110.5142	-377.0505	266.5363	1.841269	1.094914
36690	-115.3268	-381.5282	266.2014	2.263757	1.011529
36696	-114.7067	-380.2521	265.5454	2.250627	1.563974
36702	-113.0289	-379.4093	266.3804	1.671514	1.369688
36708	-114.9102	-381.191	266.2808	1.569347	1.523936
36714	-124.4004	-391.0053	266.6049	1.962577	0.904341
36720	-102.2806	-368.6718	266.3912	2.111088	0.9741002
36726	-114.5521	-380.8541	266.302	2.024047	1.141556
36732	-119.0448	-384.5941	265.5493	2.127695	1.650364
36738	-116.5705	-382.9229	266.3525	2.052415	1.06955
36744	-127.2868	-393.6657	266.3789	2.010195	1.084295
36750	-117.6757	-384.1173	266.4416	2.204225	0.8102456
36756	-103.6347	-369.974	266.3393	2.197851	0.9375723
36762	-97.38675	-363.8906	266.5039	2.131452	0.8237862
36768	-100.6446	-367.0546	266.41	2.258259	0.7800118
36774	-103.7582	-370.2644	266.5062	2.261747	0.5936767
36780	-94.73839	-361.1289	266.3905	2.363227	0.6323967
36786	-97.64152	-364.0479	266.4063	2.291568	0.7364807
36792	-102.8589	-369.4844	266.6255	2.142476	0.5937052
36798	-99.29466	-365.5348	266.2401	2.541179	0.4667832
36804	-98.23189	-364.6577	266.4258	2.156805	0.8872637
36810	-135.4474	-399.2188	263.7714	1.497328	3.182891
36816	-137.4703	-400.8736	263.4033	1.458046	3.422925
36822	-146.5448	-407.6911	261.1463	1.296463	4.801437
36828	-134.78	-397.0484	262.2684	1.273799	4.182778
36834	-100.884	-367.4466	266.5626	1.902558	1.011563
36840	-109.9041	-376.295	266.3909	2.001506	1.0812
36846	-118.5005	-384.9376	266.4371	1.996397	1.042405
36852	-105.9184	-372.5577	266.6393	1.89511	0.9404539
36858	-98.23819	-364.8502	266.612	2.138589	0.6396987
36864	-98.89048	-365.3718	266.4813	2.301158	0.4762889
36870	-103.5982	-370.2086	266.6104	2.014229	0.8371935
36876	-105.9934	-372.6675	266.6742	1.79615	1.006402
36882	-110.2577	-377.0121	266.7543	1.874664	0.8317741
36888	-109.1252	-375.7155	266.5903	1.664631	1.203503
36894	-116.2584	-382.7002	266.4418	2.107016	0.9250002
36900	-119.2779	-385.7759	266.498	2.009332	0.9688893
36906	-120.06	-386.4637	266.4036	2.155661	0.9134575
36912	-112.2325	-378.7468	266.5143	2.045524	0.9129134
36918	-112.5366	-378.9896	266.453	2.058619	0.9645144
36924	-113.1425	-379.579	266.4365	1.85839	1.169043
36930	-105.7331	-372.2873	266.5542	1.985176	0.9351589
36936	-113.7599	-379.7955	266.0356	1.866909	1.484754
36942	-117.4386	-383.0866	265.6479	1.754221	1.84298
36948	-103.5975	-369.6234	266.0259	1.929787	1.444357
36954	-100.6756	-367.3175	266.6419	1.806403	1.028064
36960	-116.5645	-382.9692	266.4047	1.963606	1.103441
36966	-116.4398	-383.0377	266.5979	1.876796	1.002087
36972	-106.8649	-373.4224	266.5575	1.923921	0.9953098
36978	-112.6511	-379.0072	266.3561	1.937523	1.170128
36984	-125.4219	-392.0143	266.5924	1.817135	1.06521
36990	-121.2393	-385.3451	264.1059	1.829735	2.782198
36996	-121.0877	-383.5641	262.4763	1.566754	3.89693
37002	-110.3101	-376.5301	266.22	2.26263	0.994115
37008	-108.181	-374.5382	266.3572	2.150275	0.9687421
37014	-107.8237	-374.3174	266.4937	2.107069	0.8661237
37020	-111.8218	-378.4811	266.6593	2.008993	0.7800226
37026	-113.3634	-379.8959	266.5325	2.168063	0.7323318
37032	-124.6326	-390.7068	266.0742	2.673049	0.3770047
37038	-124.877	-390.3422	265.4653	3.087691	0.2325406
37044	-103.5566	-366.7202	263.1636	1.724308	3.407416
37050	-117.8976	-383.6553	265.7577	2.844392	0.2559543
37056	-126.5065	-392.62	266.1135	2.635515	0.3798237
37062	-124.6743	-390.8232	266.1489	2.586619	0.3605829
37068	-127.5627	-393.8763	266.3135	2.459945	0.4321505
37074	-119.0608	-385.3552	266.2944	2.473595	0.4167904
37080	-120.1059	-386.456	266.3501	2.430975	0.4651414
37086	-114.5569	-380.9596	266.4027	2.37832	0.4651414
37092	-114.7322	-381.2052	266.4731	2.310507	0.4972678
37098	-116.4159	-382.695	266.2791	2.476704	0.3911497
37104	-111.2021	-377.6573	266.4552	2.116749	0.8993437
37110	-120.648	-387.3412	266.6933	1.878702	0.8993437
37116	-120.443	-386.8331	266.3901	1.583172	1.430891
37122	-119.0308	-385.3146	266.2837	1.670605	1.445404
37128	-126.5734	-392.4059	265.8325	1.754392	1.714489
37134	-126.3156	-388.735	262.4194	1.054184	4.221685
37140	-126.5492	-389.8374	263.2882	1.53214	3.446942
37146	-136.3162	-401.6726	265.3564	1.342751	2.306717
37152	-126.3663	-392.4959	266.1296	1.850791	1.425386
37158	-117.3789	-383.3656	265.9867	1.993731	1.425386
37164	-104.5465	-370.7609	266.2144	1.737934	1.446895
37170	-115.828	-382.2109	266.3829	2.0194	1.071964
37176	-116.2458	-382.3409	266.0951	1.982482	1.34939
37182	-120.7119	-387.011	266.2991	1.687061	1.420974
37188	-116.8524	-383.4285	266.5761	1.840574	1.058474
37194	-115.7181	-381.8862	266.1681	1.699581	1.510906
37200	-112.1467	-378.2363	266.0896	1.84771	1.458363
37206	-113.4378	-379.4378	266	1.608722	1.699061
37212	-114.3461	-380.6768	266.3306	1.990504	1.145902
37218	-117.3257	-382.5761	265.2503	1.784347	2.089505
37224	-116.0062	-382.1521	266.1458	2.251834	1.07631
37230	-123.8017	-389.3239	265.5222	2.59588	1.317043
37236	-115.3798	-381.7425	266.3627	2.407805	0.5854138
37242	-121.0843	-387.1398	266.0555	2.715015	0.5854138
37248	-117.7812	-383.9102	266.1289	2.642495	0.5821487
37254	-118.8454	-384.784	265.9386	2.844734	0.4883202
37260	-125.0404	-391.4339	266.3935	2.3884	0.471399
37266	-115.4513	-381.7319	266.2806	2.501302	0.471399
37272	-120.2226	-386.7158	266.4932	2.28882	0.4724517
37278	-115.636	-381.8694	266.2334	2.547999	0.467316
37284	-122.0715	-388.3241	266.2526	2.530704	0.5131497
37290	-123.973	-390.4766	266.5036	2.270585	0.5716628
37296	-127.4006	-394.0466	266.6459	2.010515	0.7961896
37302	-115.944	-382.1528	266.2089	2.568558	0.4465458
37308	-111.9879	-378.3034	266.3156	2.450785	0.412774
37314	-127.9915	-394.3024	266.3108	1.916853	1.226674
37320	-121.9636	-388.4821	266.5185	2.057648	0.8946266
37326	-123.1186	-389.5675	266.4489	2.127287	0.8946266
37332	-115.327	-381.5903	266.2632	2.519581	0.5199109
37338	-103.9845	-369.9348	265.9502	2.747852	0.3206721
37344	-110.7918	-376.9471	266.1553	2.603022	0.3958232
37350	-119.682	-385.9706	266.2886	2.173744	1.014283
37356	-110.3413	-376.6403	266.299	2.035338	1.134153
37362	-116.1149	-382.2498	266.1349	2.199404	1.134153
37368	-106.3459	-372.7541	266.4082	2.28799	0.7392025
37374	-115.5362	-379.0451	263.5089	1.184466	3.521062
37380	-100.2144	-366.7421	266.5277	2.2512	0.5501773
37386	-109.1768	-375.6499	266.4731	2.301099	0.5716831
37392	-110.18	-376.4629	266.2829	2.498524	0.4674095
37398	-117.6341	-383.7744	266.1404	2.638825	0.4545721
37404	-113.2909	-379.7764	266.4855	2.258461	0.6543265
37410	-107.938	-374.3756	266.4376	2.291083	0.6844764
37416	-117.1059	-383.7	266.5941	2.118492	0.7127243
37422	-111.277	-377.7238	266.4467	2.310817	0.622924
37428	-111.3164	-377.982	266.6656	1.859716	0.9501605
37434	-117.4098	-383.7253	266.3155	1.712328	1.388642
37440	-103.2744	-370.1041	266.8297	1.704156	0.9411202
37446	-102.0595	-367.9869	265.9274	1.839468	1.585348
37452	-105.655	-370.1044	264.4493	1.442515	2.808827
37458	-91.99916	-358.2851	266.286	1.740107	1.389964
37464	-93.61911	-360.1035	266.4844	1.668631	1.288671
37470	-92.30897	-358.7416	266.4326	1.827724	1.19894
37476	-102.6023	-368.4803	265.878	1.508667	1.853612
37482	-104.1154	-368.451	264.3356	1.340193	2.939645
37488	-98.97457	-363.9738	264.9992	1.46855	2.453188
37494	-102.5029	-369.0491	266.5462	1.779438	1.141873
37500	-100.5528	-367.2001	266.6473	1.648364	1.168324
37506	-98.35539	-364.8991	266.5437	1.751922	1.168324
37512	-121.5534	-388.0899	266.5365	2.062608	0.8680576
37518	-109.924	-376.6218	266.6978	2.016594	0.7097707
37524	-118.739	-385.3401	266.601	2.102502	0.727628
37530	-100.8237	-366.8143	265.9906	1.793196	1.572917
37536	-98.75534	-365.157	266.4016	1.770459	1.273039
37542	-105.9222	-371.9222	266	1.815746	1.549481
37548	-103.9557	-370.4551	266.4994	1.963618	1.013646
37554	-111.9827	-378.5053	266.5227	1.827099	1.120264
37560	-121.8883	-388.5743	266.686	1.763045	1.027309
37566	-115.2939	-381.2224	265.9285	1.650098	1.720313
37572	-124.4147	-390.2172	265.8025	1.563892	1.867502
37578	-117.4072	-382.7694	265.3622	1.556708	2.165136
37584	-99.42171	-365.9604	266.5387	1.90014	1.037231
37590	-109.3821	-375.5415	266.1594	1.729082	1.495327
37596	-105.1634	-371.3165	266.1531	1.897315	1.370927
37602	-110.0187	-376.6292	266.6105	2.043017	0.800104
37608	-110.5411	-376.7868	266.2456	1.95501	1.249378
37614	-104.1117	-370.5441	266.4325	1.723255	1.286456
37620	-112.6939	-377.6462	264.9523	1.632514	2.379396
37626	-114.6818	-379.3799	264.6981	1.963645	2.33053
37632	-108.8313	-375.3718	266.5404	2.149911	0.7480504
37638	-103.3995	-370.0461	266.6466	2.05622	0.7286939
37644	-113.0278	-379.4811	266.4533	2.144683	0.8694132
37650	-116.5553	-382.9987	266.4434	2.271463	0.7089302
37656	-116.0339	-382.4399	266.406	2.30385	0.7173963
37662	-111.4794	-377.9472	266.4678	2.293986	0.6119262
37668	-113.3317	-379.7531	266.4213	2.265224	0.7537456
37674	-110.0011	-376.5292	266.5281	2.066608	0.8732611
37680	-117.0462	-383.4194	266.3732	1.983131	1.114337
37686	-111.7927	-377.9967	266.204	1.911409	1.319179
37692	-107.2694	-373.6956	266.4261	2.269398	0.7401435
37698	-111.8393	-378.3708	266.5316	2.163989	0.7401435
37704	-107.1053	-373.5709	266.4656	2.259555	0.6909011
37710	-123.6584	-389.7836	266.1251	2.581776	0.3288698
37716	-110.105	-376.0055	265.9005	2.81789	0.3404684
37722	-116.1814	-382.7075	266.526	2.026091	0.9213694
37728	-110.4865	-377.062	266.5754	2.179255	0.6300777
37734	-112.8226	-378.8335	266.0108	2.713293	0.3467602
37740	-106.8961	-372.7293	265.8332	2.784999	0.264723
37746	-99.83584	-365.4357	265.5998	2.952339	0.2321853
37752	-101.6117	-367.2468	265.6351	2.91392	0.2308396
37758	-108.643	-374.219	265.576	2.989765	0.2382238
37764	-104.3179	-369.7177	265.3998	3.010884	0.1824844
37770	-101.7778	-366.8636	265.0858	3.204521	0.1523142
37776	-103.4566	-368.7562	265.2996	3.119036	0.1847903
37782	-108.8442	-373.7018	264.8576	3.375302	0.1404476
37788	-99.73554	-364.782	265.0465	3.259293	0.1557599
37794	-132.1986	-398.3336	266.1349	2.63366	0.5916348
37800	-103.8025	-370.0809	266.2785	2.504074	0.4773473
37806	-111.8819	-378.2939	266.412	2.369493	0.5334494
37812	-115.4897	-381.8735	266.3838	2.369493	0.6332827
37818	-108.4206	-374.8275	266.4069	2.376319	0.4872552
37824	-113.7639	-380.2335	266.4697	2.280174	0.6413872
37830	-107.2053	-373.3809	266.1756	2.554092	0.353292
37836	-101.629	-367.7029	266.0739	2.661224	0.3600311
37842	-106.0443	-372.268	266.2237	2.527976	0.3840823
37848	-106.3323	-372.6034	266.2711	2.494309	0.4105048
37854	-113.3595	-379.9469	266.5874	2.085966	0.7728417
37860	-112.0186	-378.5752	266.5566	2.090125	0.8090604
37866	-109.0298	-375.3958	266.366	2.008297	1.09794
37872	-96.1423	-361.9419	265.7996	2.770607	0.2402542
37878	-106.0961	-372.0872	265.9911	2.741245	0.3565805
37884	-118.3695	-383.7743	265.4048	3.155852	0.2359153
37890	-112.6046	-378.6263	266.0216	2.72744	0.3798843
37896	-110.1689	-376.0313	265.8624	2.78813	0.2843647
37902	-111.7506	-377.476	265.7254	2.925094	0.2843647
37908	-117.1333	-382.731	265.5977	2.994138	0.2506848
37914	-118.4369	-384.154	265.7171	2.874979	0.2508195
37920	-123.0582	-389.1213	266.0632	2.661942	0.3479253
37926	-121.1641	-387.1171	265.953	2.758064	0.3329762
37932	-114.1541	-380.2657	266.1116	2.644841	0.3922924
37938	-125.3648	-391.3748	266.01	2.741498	0.3837504
37944	-132.4986	-398.9787	266.4801	1.817061	1.167044
37950	-117.5885	-384.1772	266.5888	1.88241	1.005548
37956	-114.5789	-381.1927	266.6138	2.01878	0.8272714
37962	-122.9144	-389.3363	266.4219	2.258923	0.7621606
37968	-135.0803	-401.6159	266.5356	2.14519	0.7621606
37974	-136.9044	-403.2592	266.3548	2.104585	1.01718
37980	-131.4151	-397.456	266.041	2.704917	0.3749463
37986	-129.3251	-394.9774	265.6523	2.94652	0.2542756
37992	-118.8605	-384.1385	265.278	3.124044	0.1800272
37998	-113.6297	-378.8354	265.2057	3.249683	0.1961022
38004	-105.3364	-370.4801	265.1436	3.275817	0.1850315
38010	-110.2728	-375.246	264.9731	3.239056	0.1364772
38016	-114.3509	-379.3577	265.0067	3.313098	0.1589892
38022	-114.7627	-380.6003	265.8375	2.793281	0.2720228
38028	-114.1123	-380.2123	266.1	2.582582	0.3076197
38034	-109.5128	-375.7958	266.283	2.496624	0.4569682
38040	-111.3003	-377.5834	266.283	2.496624	0.4569682
38046	-111.4111	-377.8499	266.4389	2.336711	0.565967
38052	-113.0765	-379.2504	266.1739	2.606088	0.4585747
38058	-103.3667	-369.6236	266.2569	2.522836	0.4572677
38064	-106.8817	-373.1897	266.308	2.474753	0.5214233
38070	-114.4154	-379.6471	265.2318	3.181365	0.1831908
38076	-111.0818	-376.6474	265.5656	2.956978	0.2199755
38082	-103.1768	-369.7611	266.5844	2.170057	0.6307248
38088	-100.1013	-366.6798	266.5785	1.927616	0.9701937
38094	-100.8423	-366.7308	265.8885	2.774844	0.2931326
38100	-101.8857	-367.794	265.9083	2.763665	0.2994089
38106	-104.8906	-370.8419	265.9512	2.75919	0.3322835
38112	-108.5417	-374.445	265.9032	2.818062	0.3436436
38118	-109.0287	-375.1002	266.0714	2.679511	0.382837
38124	-113.4402	-379.5183	266.0781	2.658937	0.3625312
38130	-106.9514	-371.4687	264.5173	1.246172	2.886701
38136	-99.24231	-363.8575	264.6152	1.26141	2.818123
38142	-101.4887	-366.7579	265.2692	1.462437	2.285931
38148	-102.4956	-368.8956	266.4	1.707074	1.32589
38154	-101.9165	-368.0559	266.1394	2.62502	0.4082793
38160	-98.51005	-363.7346	265.2246	1.341631	2.391156
38166	-91.10279	-357.4059	266.3031	1.489895	1.566223
38172	-96.0131	-362.308	266.2949	1.573994	1.509939
38178	-107.0057	-373.1699	266.1642	1.508008	1.653773
38184	-104.9346	-370.9802	266.0457	1.596603	1.675187
38190	-105.4031	-371.6138	266.2108	2.568828	0.4565015
38196	-119.111	-385.2401	266.1291	2.650464	0.4565015
38202	-119.2694	-385.4603	266.191	2.577791	0.4187785
38208	-114.5297	-380.737	266.2073	2.571748	0.4538786
38214	-111.9799	-378.4766	266.4967	2.262601	0.6185911
38220	-106.1518	-372.5273	266.3756	2.407911	0.4920193
38226	-101.3283	-367.7879	266.4596	2.321557	0.5355453
38232	-101.5926	-367.9466	266.3539	2.413283	0.5961384
38238	-97.97559	-364.4094	266.4338	2.348634	0.5239829
38244	-91.17195	-357.2198	266.0478	2.734966	0.480266
38250	-95.01285	-361.3324	266.3196	2.306295	0.8356838
38256	-108.4701	-374.6953	266.2252	2.398233	0.8386994
38262	-109.6576	-376.2142	266.5566	2.205264	0.611581
38268	-111.5106	-377.9558	266.4453	2.252486	0.7367196
38274	-116.2463	-382.5896	266.3433	2.123262	1.010136
38280	-119.0301	-385.4222	266.3922	2.07439	1.010136
38286	-118.0221	-384.5928	266.5707	2.076264	0.8087083
38292	-117.461	-383.7857	266.3247	2.455402	0.4593914
38298	-117.6646	-383.8298	266.1652	2.568479	0.3582035
38304	-132.0709	-398.6454	266.5745	2.111315	0.7548692
38310	-129.7619	-396.4114	266.6495	2.036286	0.7548692
38316	-124.6299	-391.099	266.4691	2.290954	0.6165281
38322	-122.2932	-388.5994	266.3062	2.476614	0.5201371
38328	-119.818	-386.3739	266.5559	2.043637	0.8675603
38334	-128.0683	-394.4646	266.3963	2.203238	0.8675603
38340	-128.0317	-394.6627	266.631	1.915378	0.9275816
38346	-114.2597	-380.8436	266.584	1.949002	0.9420415
38352	-102.668	-369.219	266.5511	1.90167	1.023717
38358	-105.5982	-372.0468	266.4487	1.809051	1.201132
38364	-114.9695	-381.2468	266.2773	1.6632	1.455936
38370	-111.1775	-377.2201	266.0427	1.688167	1.61155
38376	-105.2222	-370.6219	265.3997	1.478348	2.19171
38382	-107.9242	-373.808	265.8838	1.566066	1.81012
38388	-109.5232	-375.1637	265.6405	1.290973	2.156962
38394	-109.9287	-375.6361	265.7074	1.467972	1.996332
38400	-105.8314	-371.9248	266.0935	1.667926	1.589333
38406	-103.3744	-369.7343	266.3598	2.180469	0.9341864
38412	-86.06792	-352.6255	266.5576	2.073931	0.8285853
38418	-105.8726	-372.5434	266.6708	1.947248	0.8452913
38424	-103.7418	-370.4337	266.6919	2.043334	0.6719947
38430	-103.759	-370.1667	266.4077	2.32785	0.6713588
38436	-101.4591	-367.9799	266.5208	2.108341	0.8316535
38442	-115.5921	-381.3528	265.7607	1.841207	1.703861
38448	-92.66505	-359.361	266.696	1.962007	0.7940994
38454	-105.1433	-371.768	266.6247	2.066297	0.7471501
38460	-108.3543	-373.7213	265.3669	1.559004	2.160591
38466	-105.2874	-371.9341	266.6467	1.871988	0.9571389
38472	-107.3069	-373.7445	266.4376	1.768664	1.244714
38478	-114.1189	-380.8501	266.7312	1.955418	0.7535783
38484	-113.3772	-379.975	266.5978	1.88331	0.9956619
38490	-119.5736	-386.2748	266.7012	1.816266	0.9583879
38496	-116.7842	-383.4339	266.6497	1.867784	0.9583879
38502	-124.5585	-391.0767	266.5182	1.913718	1.043908
38508	-131.9898	-398.2734	266.2835	2.044519	1.139742
38514	-115.0826	-381.3902	266.3077	2.474576	0.474279
38520	-103.966	-370.4042	266.4382	2.314781	0.6341746
38526	-110.8683	-377.1775	266.3091	2.46497	0.5720672
38532	-102.5014	-368.8878	266.3865	2.397007	0.5083652
38538	-102.8596	-369.4896	266.63	2.097868	0.6860082
38544	-111.4583	-378.0184	266.5601	2.109202	0.7786212
38550	-121.5741	-388.1898	266.6157	2.047433	0.7870844
38556	-116.2282	-382.7428	266.5146	2.148562	0.7870844
38562	-103.4763	-369.9423	266.466	1.754555	1.232706
38568	-107.2417	-373.7207	266.479	1.854009	1.13532
38574	-109.4666	-375.9583	266.4917	1.878537	1.101645
38580	-113.4528	-380.0586	266.6058	1.604388	1.241409
38586	-113.3676	-379.2228	265.8552	1.527986	1.855968
38592	-107.1354	-373.1632	266.0278	1.477506	1.771692
38598	-102.7935	-369.2747	266.4812	1.743633	1.22909
38604	-105.4547	-372.0768	266.6221	1.598902	1.232298
38610	-101.3385	-367.8461	266.5077	1.819967	1.140108
38616	-104.5894	-370.8293	266.2399	1.730173	1.433307
38622	-117.9093	-383.8204	265.9112	2.764688	0.3023221
38628	-122.8273	-388.8263	265.999	2.664561	0.2932888
38634	-121.8652	-388.1241	266.259	2.504838	0.4070174
38640	-117.513	-383.5383	266.0253	1.779079	1.557832
38646	-130.8706	-396.6915	265.8209	1.737456	1.734584
38652	-125.5321	-391.8861	266.354	2.410584	0.6039664
38658	-114.6499	-381.1457	266.4958	2.268786	0.6039664
38664	-109.3182	-375.8841	266.566	2.036444	0.8641606
38670	-113.4372	-378.2761	264.839	1.54256	2.507196
38676	-111.7855	-376.2738	264.4883	1.197156	2.933821
38682	-111.699	-376.6358	264.9368	1.336748	2.574416
38688	-117.242	-380.5901	263.3481	1.526593	3.415136
38694	-115.7457	-382.1101	266.3644	1.985428	1.120228
38700	-116.7851	-383.3734	266.5883	2.028742	0.8465523
38706	-121.8517	-388.3712	266.5195	2.264139	0.4992477
38712	-109.7253	-375.6332	265.9078	1.781516	1.641521
38718	-107.1679	-373.2165	266.0486	1.640717	1.641521
38724	-108.2518	-374.5203	266.2686	1.711742	1.425462
38730	-115.9195	-382.465	266.5456	1.672566	1.234744
38736	-118.9457	-384.7612	265.8156	1.866472	1.646742
38742	-110.3593	-376.7055	266.3462	1.779342	1.31102
38748	-114.067	-380.6881	266.6211	1.709315	1.137668
38754	-114.3398	-380.4791	266.1393	1.783812	1.469181
38760	-122.5183	-387.3618	264.8435	1.798654	2.343014
38766	-140.6927	-404.7162	264.0235	2.152655	2.634663
38772	-114.3978	-380.1306	265.7328	1.86619	1.705901
38778	-108.597	-374.77	266.173	1.721819	1.490566
38784	-110.2505	-376.8636	266.6131	1.85315	1.010461
38790	-122.1096	-388.2547	266.1451	1.650174	1.564524
38796	-118.8346	-385.0224	266.1877	1.579287	1.585229
38802	-110.2499	-376.6606	266.4106	1.804556	1.237203
38808	-108.6419	-374.7148	266.0729	1.524922	1.706762
38814	-126.7691	-393.3746	266.6055	1.909899	0.960589
38820	-108.5256	-374.0897	265.5641	1.72145	1.922381
38826	-113.6778	-377.9006	264.2228	1.521805	2.898098
38832	-126.9763	-393.5032	266.527	1.786155	1.152997
38838	-117.2221	-383.3427	266.1206	1.485363	1.700981
38844	-118.6918	-384.2548	265.563	1.662861	1.962543
38850	-117.7278	-384.3177	266.5899	1.713347	1.161666
38856	-119.2598	-385.7813	266.5215	1.679804	1.248804
38862	-107.8207	-373.6194	265.7987	1.646165	1.813583
38868	-113.0176	-377.8144	264.7968	1.197102	2.746592
38874	-111.4991	-376.3243	264.8252	1.454777	2.570436
38880	-113.0128	-378.4269	265.4141	1.670306	2.056744
38886	-115.3156	-381.0983	265.7827	1.657197	1.817028
38892	-123.4452	-389.4968	266.0516	1.559635	1.697236
38898	-111.7237	-378.0856	266.3619	1.9891	1.119198
38904	-109.3454	-375.9549	266.6095	1.741423	1.119198
38910	-102.3343	-368.7488	266.4145	1.951281	1.105768
38916	-106.4275	-372.9468	266.5193	2.130331	0.8052524
38922	-129.2813	-394.9969	265.7156	2.205835	1.470467
38928	-128.2387	-393.3575	265.1188	2.367806	1.784725
38934	-116.9241	-382.8818	265.9578	1.387481	1.881896
38940	-121.0909	-385.621	264.5301	1.565531	2.68427
38946	-127.1841	-392.6954	265.5113	1.325703	2.218206
38952	-134.3953	-400.4177	266.0224	1.373955	1.84698
38958	-129.0305	-393.6508	264.6203	1.379302	2.743109
38964	-131.6376	-395.7705	264.1328	1.321458	3.072479
38970	-120.6068	-384.535	263.9281	1.378966	3.160138
38976	-116.7677	-379.6235	262.8558	1.191378	3.894555
38982	-114.906	-381.2778	266.3719	1.429514	1.560045
38988	-114.9551	-381.3989	266.4438	1.59107	1.383105
38994	-121.1755	-386.4712	265.2957	1.3387	2.347972
39000	-125.8515	-390.1039	264.2524	1.22951	3.055955
39006	-127.6325	-391.5346	263.9021	1.253234	3.250042
39012	-128.1096	-393.9361	265.8265	1.920963	1.599505
39018	-133.9783	-400.3532	266.3749	2.082642	1.019015
39024	-139.4398	-405.1568	265.717	1.466594	1.990836
39030	-137.092	-403.3966	266.3046	1.903168	1.243382
39036	-138.2588	-403.4496	265.1908	1.863914	2.07628
39042	-133.9782	-400.067	266.0887	1.718794	1.555526
39048	-131.7895	-396.9503	265.1608	1.649323	2.235555
39054	-122.9941	-388.394	265.3999	1.706507	2.042175
39060	-111.0023	-377.5345	266.5322	1.853333	1.087594
39066	-110.4328	-377.0122	266.5794	2.072112	0.8027573
39072	-102.546	-369.1342	266.5882	2.137267	0.6903425
39078	-100.0171	-366.5254	266.5083	2.24635	0.6301008
39084	-108.5048	-374.7417	266.2369	2.5401	0.4448439
39090	-109.9458	-375.9544	266.0086	2.671312	0.3054604
39096	-103.9727	-369.7103	265.7376	2.86565	0.256565
39102	-109.8187	-376.2499	266.4312	2.34533	0.5619698
39108	-115.7338	-382.097	266.3632	2.359302	0.6957034
39114	-114.6428	-381.1834	266.5406	2.119877	0.7907488
39120	-114.6823	-381.1779	266.4956	2.010961	0.9696859
39126	-102.8723	-369.3449	266.4726	2.279674	0.6357707
39132	-106.0615	-372.3355	266.2739	2.507353	0.534684
39138	-110.7813	-377.2494	266.4681	2.15968	0.8332599
39144	-99.49812	-365.9484	266.4503	2.153787	0.8621986
39150	-88.96086	-355.1294	266.1686	2.255353	1.051545
39156	-91.84439	-357.344	265.4997	2.255353	1.593987
39162	-96.58122	-362.6048	266.0236	2.193839	1.235303
39168	-107.9002	-373.5574	265.6573	2.364168	1.393607
39174	-118.7924	-384.8346	266.0422	2.177449	1.23343
39180	-111.8564	-377.5889	265.7325	2.630905	1.107938
39186	-108.3403	-374.0915	265.7512	2.623238	1.097818
39192	-101.7691	-367.4412	265.6721	3.053236	0.690657
39198	-102.3848	-368.0731	265.6883	2.975693	0.785894
39204	-115.9162	-381.6599	265.7437	2.733625	0.9993834
39210	-122.1317	-387.7095	265.5779	2.949173	0.9483345
39216	-117.6579	-383.2923	265.6344	2.788212	1.052777
39222	-124.8655	-390.633	265.7675	2.679139	1.029647
39228	-120.417	-386.2744	265.8574	2.540811	1.075843
39234	-125.0417	-391.2989	266.2572	2.515475	0.5775475
39240	-114.0997	-380.5721	266.4724	2.300238	0.5775475
39246	-105.5791	-371.839	266.2599	2.51358	0.4320999
39252	-115.4884	-381.7947	266.3063	2.460996	0.41496
39258	-124.7109	-391.346	266.6351	2.12296	0.6216993
39264	-133.5737	-399.4897	265.9159	2.429062	1.124584
39270	-123.1901	-388.632	265.4419	2.683538	1.311109
39276	-116.4422	-382.1371	265.6948	2.792526	0.989313
39282	-125.0245	-390.9907	265.9662	2.044913	1.401642
39288	-128.0819	-393.6789	265.597	1.975669	1.724518
39294	-115.7955	-381.025	265.2295	2.195874	1.82703
39300	-117.3223	-382.46	265.1378	1.631248	2.261993
39306	-115.6103	-380.6537	265.0434	1.24556	2.564841
39312	-104.4756	-368.1934	263.7177	1.140753	3.424617
39318	-112.8014	-373.8736	261.0722	1.323865	4.827518
39324	-124.2806	-388.3638	264.0832	1.985265	2.700938
39330	-123.434	-385.0072	261.5732	1.159381	4.639369
39336	-118.9524	-381.4276	262.4752	1.038878	4.19873
39342	-116.199	-379.5019	263.3029	0.9572481	3.77212
39348	-109.716	-373.6399	263.9238	1.024954	3.371688
39354	-122.5612	-386.5357	263.9745	1.97442	2.774058
39360	-104.5008	-369.6959	265.1951	2.025269	1.966264
39366	-110.803	-375.0551	264.2521	1.874938	2.664947
39372	-108.4037	-372.6002	264.1965	1.973667	2.638385
39378	-113.2217	-377.2024	263.9807	1.831589	2.857118
39384	-114.8491	-375.8213	260.9722	0.9539302	5.088823
39390	-107.6547	-372.2779	264.6232	1.903654	2.416028
39396	-109.3045	-374.0044	264.6999	1.826945	2.416028
39402	-110.151	-375.0846	264.9336	1.518375	2.463105
39408	-110.7044	-373.8501	263.1457	1.53571	3.52802
39414	-118.2875	-382.9193	264.6318	1.656816	2.56503
39420	-109.0717	-374.0339	264.9623	2.138986	2.045592
39426	-110.9482	-376.2743	265.3261	2.503785	1.539009
39432	-107.7372	-373.1518	265.4146	1.888211	1.910677
39438	-103.0006	-368.3893	265.3887	1.838496	1.96168
39444	-101.3132	-365.7518	264.4386	1.505276	2.777176
39450	-95.63577	-359.7716	264.1359	1.807976	2.777176
39456	-98.27553	-363.7253	265.4497	1.646287	2.049045
39462	-104.2634	-369.6338	265.3703	2.307121	1.650049
39468	-98.94395	-363.5749	264.6309	1.821699	2.462673
39474	-101.1314	-366.5527	265.4213	1.779906	1.979063
39480	-109.1375	-373.1562	264.0186	1.70606	2.910117
39486	-114.918	-380.3688	265.4508	1.646843	2.047953
39492	-97.80591	-364.1797	266.3738	2.010204	1.089012
39498	-102.7328	-368.3707	265.638	2.09434	1.610498
39504	-107.7916	-373.0448	265.2532	2.06138	1.902737
39510	-106.8836	-372.1223	265.2386	1.872973	2.038738
39516	-123.1235	-387.0594	263.9359	1.739019	2.940143
39522	-112.1717	-376.3236	264.1518	1.601523	2.8928
39528	-113.6616	-379.0098	265.3482	1.895672	1.950462
39534	-102.7062	-367.1688	264.4626	1.97725	2.47071
39540	-108.2012	-374.803	266.6019	1.951637	0.9198249
39546	-106.2889	-372.9123	266.6235	1.877915	0.9750426
39552	-105.5917	-371.3406	265.7489	1.838562	1.714082
39558	-100.6213	-365.71	265.0887	2.118479	1.975092
39564	-104.0009	-370.0137	266.0128	2.210783	1.230129
39570	-101.5341	-366.8164	265.2823	2.117423	1.844663
39576	-107.9383	-373.3559	265.4175	1.982172	1.844663
39582	-113.5879	-378.8434	265.2555	1.935063	1.986175
39588	-119.899	-384.9161	265.0171	2.25367	1.932376
39594	-112.1411	-378.7519	266.6108	1.927055	0.9368147
39600	-118.1574	-383.8046	265.6472	2.444864	1.337873
39606	-123.9775	-389.4523	265.4748	2.158912	1.681318
39612	-110.7529	-375.442	264.6891	1.912555	2.368748
39618	-116.9951	-381.6865	264.6913	1.971832	2.329646
39624	-123.2061	-387.9222	264.7161	1.981234	2.307865
39630	-119.5556	-384.9504	265.3948	2.091239	1.785088
39636	-119.0722	-383.5061	264.4339	2.102603	2.409896
39642	-123.0549	-388.5213	265.4664	2.181388	1.671287
39648	-125.7157	-391.0062	265.2905	2.425415	1.622388
39654	-122.554	-388.0276	265.4736	2.211132	1.644837
39660	-122.3236	-387.748	265.4244	2.21506	1.677183
39666	-122.5713	-387.6507	265.0794	2.56013	1.677183
39672	-113.8127	-379.5996	265.7869	2.422075	1.242417
39678	-110.6195	-375.9278	265.3083	2.707807	1.397741
39684	-119.3707	-385.0266	265.6559	2.857105	0.9630111
39690	-105.3145	-370.7632	265.4487	2.316626	1.58646
39696	-113.4464	-378.6422	265.1958	2.395061	1.711677
39702	-112.6226	-378.294	265.6713	2.292864	1.437841
39708	-106.3588	-371.8328	265.474	2.406742	1.50108
39714	-122.8162	-388.4429	265.6267	2.451163	1.349155
39720	-126.1479	-391.838	265.6901	2.908144	0.2539754
39726	-132.0213	-397.6182	265.5969	2.979252	0.2430552
39732	-120.3929	-385.1949	264.802	1.820805	2.355323
39738	-122.4143	-386.2149	263.8006	1.962149	2.887101
39744	-130.1268	-395.5354	265.4085	3.126363	0.224917
39750	-118.6326	-381.0419	262.4094	1.389142	4.036845
39756	-112.8128	-377.2375	264.4247	1.525452	2.773292
39762	-115.7814	-379.3972	263.6158	1.682655	3.165261
39768	-116.5721	-380.8428	264.2708	1.871317	2.655675
39774	-114.3541	-379.2935	264.9394	2.09742	2.088117
39780	-112.6341	-378.39	265.7558	2.618465	1.097932
39786	-111.9264	-378.3056	266.3792	2.163623	0.9314246
39792	-116.9507	-383.4157	266.465	2.191737	0.7957337
39798	-118.7287	-384.9483	266.2196	2.075595	1.168747
39804	-115.5763	-381.4611	265.8848	2.820177	0.3270412
39810	-107.0847	-373.5388	266.4542	2.325353	0.5464609
39816	-114.0428	-380.2894	266.2467	2.529789	0.4425733
39822	-114.8736	-381.1554	266.2817	2.500657	0.4757717
39828	-112.3713	-378.6271	266.2559	2.525922	0.5307235
39834	-102.2096	-368.51	266.3004	1.552272	1.522089
39840	-94.70558	-361.1337	266.4282	1.907738	1.132745
39846	-100.9666	-367.4887	266.5222	1.813733	1.132745
39852	-113.0305	-379.6025	266.572	1.823092	1.078702
39858	-105.6857	-372.2346	266.549	2.018045	0.9049065
39864	-122.1365	-388.3821	266.2456	1.982841	1.226078
39870	-111.4051	-377.4622	266.0571	2.361121	1.056974
39876	-111.9382	-377.5435	265.6053	2.137529	1.602853
39882	-106.9848	-372.8684	265.8836	2.140494	1.391532
39888	-111.4647	-376.7485	265.2838	1.707986	2.117601
39894	-105.4739	-371.8464	266.3725	1.818386	1.257497
39900	-109.3299	-375.6043	266.2744	1.83791	1.321689
39906	-109.1876	-375.6463	266.4587	2.108732	0.9044876
39912	-116.3537	-382.7988	266.4452	2.044183	0.9873047
39918	-121.5684	-388.17	266.6015	2.143269	0.6525135
39924	-112.2203	-378.8559	266.6356	2.109187	0.6525135
39930	-106.2822	-372.8233	266.5412	2.238637	0.544785
39936	-106.2394	-372.773	266.5336	2.175334	0.7188554
39942	-119.4706	-386.1087	266.6381	2.114101	0.635955
39948	-117.1418	-383.7102	266.5684	2.179315	0.6461129
39954	-104.346	-368.4652	264.1192	1.784143	2.801863
39960	-99.38013	-364.0027	264.6226	1.737147	2.520808
39966	-98.42822	-363.6472	265.219	1.811499	2.092232
39972	-98.77994	-362.8337	264.0538	1.588608	2.959744
39978	-97.58353	-363.5578	265.9742	1.683677	1.664041
39984	-94.38063	-358.916	264.5354	1.407032	2.77802
39990	-91.86228	-357.8309	265.9686	1.558174	1.756707
39996	-95.9622	-362.0396	266.0774	1.508191	1.715392
40002	-98.32995	-364.7622	266.4323	2.068103	0.976077
40008	-100.0194	-365.9656	265.9461	2.275482	1.231804
40014	-95.55714	-361.9753	266.4182	2.329159	0.6469837
40020	-100.4984	-366.5673	266.069	2.324571	1.080157
40026	-98.91752	-364.7489	265.8314	1.966495	1.562618
40032	-97.58355	-363.9836	266.4	2.130858	0.9442611
40038	-106.2119	-371.9617	265.7498	1.945646	1.637119
40044	-94.31239	-360.33	266.0176	2.451402	1.007679
40050	-95.08465	-360.6813	265.5967	2.402559	1.410866
40056	-98.72208	-364.4599	265.7378	1.999958	1.606541
40062	-98.87506	-363.9133	265.0383	2.120676	2.007299
40068	-104.4668	-370.5799	266.1131	1.840761	1.445749
40074	-111.1012	-374.8362	263.735	1.365111	3.282651
40080	-118.8512	-384.3459	265.4947	1.628436	2.031068
40086	-131.4585	-395.4538	263.9953	1.312272	3.159823
40092	-119.5668	-385.2292	265.6624	1.252077	2.168049
40098	-118.0484	-383.477	265.4286	1.270411	2.306804
40104	-135.4329	-401.4525	266.0197	1.406451	1.82653
40110	-119.3712	-383.012	263.6407	1.256378	3.401995
40116	-119.0767	-379.9944	260.9178	1.211743	4.975931
40122	-119.6792	-385.4893	265.8101	2.072639	1.499608
40128	-120.0646	-385.9439	265.8794	1.679964	1.733872
40134	-117.3014	-381.0342	263.7328	1.078746	3.452083
40140	-125.1714	-391.2334	266.062	1.830529	1.492261
40146	-111.0567	-377.4906	266.4339	1.941261	1.097174
40152	-116.6736	-383.2943	266.6207	1.87786	0.9779041
40158	-104.273	-370.9977	266.7247	1.64112	1.105739
40164	-98.54116	-365.1369	266.5957	2.110697	0.7229735
40170	-96.0527	-362.6434	266.5907	2.183763	0.4354468
40176	-85.64773	-352.17	266.5223	2.234651	0.6244637
40182	-91.87131	-358.3351	266.4638	2.27737	0.6601366
40188	-103.7305	-370.0499	266.3194	2.28439	0.8625756
40194	-105.9901	-372.5259	266.5358	1.947691	0.9932714
40200	-106.2425	-372.082	265.8396	1.732981	1.724601
40206	-110.9083	-377.1701	266.2618	1.710269	1.431789
40212	-104.1368	-370.6777	266.541	1.840918	1.090956
40218	-110.297	-377.0109	266.7139	2.000691	0.7094213
40224	-110.5272	-376.9909	266.4636	2.110577	0.8968455
40230	-100.0014	-366.5277	266.5263	2.066349	0.8756725
40236	-99.87664	-366.3132	266.4366	1.891189	1.140017
40242	-122.7567	-388.6374	265.8808	2.734644	0.2631398
40248	-117.5463	-383.4451	265.8987	2.782932	0.3068757
40254	-104.9365	-370.0071	265.0706	1.612809	2.316759
40260	-109.0844	-374.3107	265.2263	1.473346	2.306369
40266	-112.0904	-377.1378	265.0473	1.688426	2.283297
40272	-117.4157	-382.6089	265.1932	1.835803	2.093212
40278	-107.8771	-372.4193	264.5422	1.402601	2.77657
40284	-112.0584	-375.5331	263.4747	1.769019	3.197738
40290	-126.414	-391.6247	265.2106	2.590385	1.560297
40296	-115.5189	-382.0427	266.5238	2.035761	0.9132104
40302	-104.5919	-371.0405	266.4486	2.110933	0.9132104
40308	-102.3671	-368.7556	266.3885	2.171084	0.9132104
40314	-100.8825	-367.13	266.2475	1.914813	1.281069
40320	-106.2669	-372.001	265.734	1.769677	1.772789
40326	-98.75504	-364.6283	265.8733	1.492948	1.86759
40332	-110.0161	-375.8289	265.8128	2.845465	0.2895587
40338	-113.4883	-379.3175	265.8292	2.841081	0.2981634
40344	-111.9565	-378.1549	266.1984	2.058245	1.202075
40350	-116.3758	-381.7285	265.3527	1.407008	2.267937
40356	-120.0546	-385.542	265.4874	1.584665	2.064868
40362	-113.8146	-379.4843	265.6697	1.766217	1.819791
40368	-117.2083	-382.9541	265.7458	1.690107	1.819791
40374	-111.0199	-374.8065	263.7865	1.611181	3.10621
40380	-111.8262	-375.9234	264.0972	1.414136	3.038362
40386	-119.2865	-384.778	265.4915	1.573596	2.069449
40392	-117.0235	-382.7801	265.7566	1.308551	2.069449
40398	-115.2919	-381.2271	265.9352	1.341655	1.928249
40404	-114.9483	-379.0942	264.1459	1.302264	3.076148
40410	-118.7759	-383.269	264.4931	1.311319	2.861911
40416	-128.058	-393.1699	265.1119	1.586513	2.307191
40422	-117.8154	-382.1751	264.3597	1.499869	2.82843
40428	-121.5598	-386.0222	264.4624	1.532801	2.745814
40434	-117.9864	-383.9818	265.9954	1.647769	1.674566
40440	-106.8985	-372.9824	266.0839	1.656281	1.604763
40446	-102.8326	-369.0256	266.193	1.696779	1.494292
40452	-103.337	-369.4127	266.0757	1.487277	1.731296
40458	-97.79762	-363.9524	266.1547	1.634347	1.569073
40464	-106.4648	-372.5909	266.1261	1.518011	1.673873
40470	-111.8914	-377.5316	265.6402	1.751202	1.850351
40476	-108.979	-375.4767	266.4977	1.878771	1.095927
40482	-126.7343	-392.8759	266.1416	1.98578	1.309523
40488	-123.3753	-389.891	266.5157	1.675344	1.257377
40494	-126.0189	-392.4415	266.4226	2.331215	0.6321719
40500	-126.8619	-393.5384	266.6765	2.072609	0.643059
40506	-110.8452	-377.4122	266.567	2.084863	0.8023493
40512	-113.0833	-379.5695	266.4862	2.165635	0.8023493
40518	-111.166	-377.6549	266.489	2.162873	0.8023493
40524	-114.3074	-380.9132	266.6058	2.108243	0.7104065
40530	-136.8377	-399.604	262.7663	1.261881	3.905464
40536	-131.4743	-395.6067	264.1324	1.307896	3.08082
40542	-116.0504	-382.5561	266.5057	2.200187	0.7238621
40548	-120.4397	-386.8439	266.4042	2.198074	0.8643645
40554	-120.592	-386.9707	266.3787	2.001833	1.092207
40560	-126.064	-391.5919	265.528	1.491416	2.099545
40566	-118.5722	-384.5281	265.9559	1.331749	1.920931
40572	-111.9729	-378.2387	266.2658	1.921117	1.260761
40578	-111.0333	-377.5516	266.5183	1.969341	0.9890224
40584	-125.4281	-390.1256	264.6975	1.90027	2.371155
40590	-121.9267	-388.1424	266.2156	1.347046	1.731539
40596	-122.2629	-385.8631	263.6001	1.778565	3.117548
40602	-115.534	-381.8767	266.3427	1.607028	1.448906
40608	-118.7076	-384.7018	265.9941	1.664211	1.663739
40614	-114.9555	-380.9623	266.0068	1.662163	1.656117
40620	-118.3036	-384.6181	266.3145	2.457368	0.5805791
40626	-123.7695	-390.2327	266.4632	2.319685	0.4815355
40632	-111.391	-377.4739	266.0829	2.681679	0.4087323
40638	-114.3824	-380.404	266.0217	2.739643	0.401762
40644	-120.7872	-387.3618	266.5746	2.133821	0.7196527
40650	-116.7338	-382.6927	265.9589	2.812938	0.4271
40656	-106.5001	-372.3076	265.8075	2.812682	0.26582
40662	-111.203	-376.9724	265.7693	2.932825	0.3243963
40668	-106.4552	-372.6183	266.1632	2.566767	0.3535602
40674	-111.2448	-377.9958	266.751	2.019613	0.5849042
40680	-111.1868	-377.8049	266.6181	1.625262	1.213395
40686	-116.3846	-382.9668	266.5822	1.846293	1.047209
40692	-114.0082	-380.4	266.3918	1.85961	1.206524
40698	-126.092	-392.2645	266.1725	1.685784	1.517888
40704	-127.5988	-393.7638	266.1649	1.759528	1.468143
40710	-115.5273	-380.3197	264.7924	3.381725	0.129584
40716	-105.7188	-370.4561	264.7373	3.43632	0.1294952
40722	-115.8785	-382.2179	266.3394	1.878453	1.234959
40728	-114.238	-380.9199	266.6819	1.909894	0.8766006
40734	-109.6295	-374.3954	264.7658	3.431478	0.133723
40740	-115.3907	-382.0031	266.6124	2.154299	0.5975087
40746	-109.8811	-376.3694	266.4883	2.295326	0.5027485
40752	-111.7244	-378.1313	266.4069	2.373897	0.4632717
40758	-110.8165	-377.3795	266.5629	2.205625	0.5917982
40764	-102.4113	-369.1006	266.6893	2.077441	0.5976111
40770	-107.6475	-374.135	266.4875	2.27923	0.5976111
40776	-102.5292	-369.012	266.4828	2.283921	0.5976111
40782	-116.1829	-382.8702	266.6873	2.021536	0.7189942
40788	-119.6018	-386.0613	266.4595	2.302008	0.6126943
40794	-109.1521	-375.6456	266.4935	2.278755	0.5791334
40800	-109.173	-375.62	266.4469	2.334289	0.5351343
40806	-107.6158	-373.9023	266.2864	2.469935	0.3922055
40812	-104.5304	-370.353	265.8226	2.844232	0.2956426
40818	-117.8645	-383.6255	265.761	2.90588	0.2956426
40824	-115.8746	-381.8444	265.9698	2.721049	0.3144264
40830	-119.3921	-385.9402	266.5481	2.139095	0.7528378
40836	-115.4797	-381.8953	266.4156	2.271547	0.7528378
40842	-111.7038	-378.2377	266.5338	2.153328	0.7528378
40848	-101.2885	-367.9112	266.6226	1.975326	0.8694391
40854	-111.9578	-378.5363	266.5785	1.942488	0.9546739
40860	-113.7834	-380.352	266.5686	1.851719	1.05498
40866	-110.7423	-377.2239	266.4816	2.087212	0.9028817
40872	-104.8421	-371.3046	266.4625	2.075694	0.9364545
40878	-104.1492	-370.8072	266.6579	2.075704	0.6751024
40884	-118.2753	-384.9046	266.6292	2.147139	0.5625338
40890	-119.4029	-384.2049	264.802	1.573147	2.511182
40896	-119.7956	-384.7716	264.976	1.55058	2.416171
40902	-110.6611	-376.7722	266.111	2.594881	0.3279222
40908	-119.5695	-385.8128	266.2432	2.497182	0.3671033
40914	-116.5501	-382.8222	266.2721	2.507558	0.4568825
40920	-107.9902	-374.4535	266.4634	2.305375	0.5912459
40926	-104.4244	-371.0647	266.6403	2.014244	0.7986804
40932	-108.8927	-375.4938	266.6011	2.100711	0.7304158
40938	-103.5807	-370.0951	266.5144	2.250601	0.6026927
40944	-96.82199	-363.3288	266.5068	2.271578	0.450684
40950	-111.5982	-378.1922	266.594	2.124318	0.703049
40956	-118.5331	-385.0639	266.5307	2.203251	0.674443
40962	-109.7829	-376.2961	266.5131	2.265831	0.5496779
40968	-110.0872	-376.5101	266.4229	2.357896	0.5384476
40974	-102.3593	-368.6668	266.3075	2.472091	0.4564887
40980	-103.6249	-369.931	266.3061	2.459938	0.4121456
40986	-99.21041	-365.0952	265.8848	2.77805	0.2927991
40992	-105.3446	-370.9576	265.613	2.952187	0.2379718
40998	-101.6841	-367.1891	265.5051	3.018066	0.2202015
41004	-105.4121	-370.9936	265.5814	2.988632	0.2401996
41010	-100.4891	-365.9874	265.4983	2.969345	0.2001118
41016	-105.8813	-371.4447	265.5634	2.979701	0.2283403
41022	-101.7788	-367.8534	266.0746	2.627623	0.3244141
41028	-96.55943	-362.8666	266.3072	2.474066	0.5350049
41034	-86.68335	-353.0552	266.3718	2.411581	0.5103838
41040	-94.39732	-360.706	266.3086	2.43593	0.3730066
41046	-98.00701	-364.2556	266.2486	2.519223	0.4164528
41052	-98.44191	-364.964	266.5221	2.261476	0.5014214
41058	-103.2942	-369.7612	266.467	2.29199	0.6191724
41064	-105.4957	-372.1063	266.6106	2.112111	0.6952978
41070	-97.03468	-363.6792	266.6445	2.0765	0.6983779
41076	-96.71455	-363.2134	266.4988	2.230961	0.6824323
41082	-98.10093	-364.6939	266.5929	2.183449	0.5625635
41088	-93.76466	-360.2351	266.4704	2.313174	0.4985971
41094	-98.9071	-365.4684	266.5613	2.222144	0.5096064
41100	-95.53004	-361.6738	266.1438	2.557567	0.3236611
41106	-96.05788	-362.2434	266.1855	2.572456	0.3951493
41112	-96.591	-362.3923	265.8013	2.754122	0.2336054
41118	-96.44645	-362.6245	266.178	2.563652	0.3688582
41124	-99.16517	-365.3616	266.1965	2.54657	0.3707987
41130	-90.08303	-356.2593	266.1763	2.577534	0.3877139
41136	-89.22438	-355.5906	266.3662	2.399855	0.4121743
41142	-93.44566	-359.9252	266.4795	2.304073	0.5009165
41148	-105.8226	-371.4935	265.6709	2.900792	0.2409537
41154	-103.5023	-369.1006	265.5983	2.973415	0.2409537
41160	-97.44169	-363.2199	265.7782	2.830225	0.2593365
41166	-97.25772	-363.1077	265.85	2.823967	0.3008908
41172	-96.45192	-362.1813	265.7294	2.89044	0.2656441
41178	-99.57602	-365.1639	265.5878	3.022498	0.2603551
41184	-113.5563	-379.1167	265.5604	3.006045	0.2385437
41190	-108.296	-373.8883	265.5923	3.006045	0.2540021
41196	-96.76694	-362.4713	265.7043	2.888684	0.251289
41202	-93.04473	-358.7432	265.6984	2.888684	0.2483503
41208	-96.02343	-361.6124	265.589	3.030869	0.2656319
41214	-100.6604	-366.1446	265.4842	2.996745	0.2046361
41220	-101.4309	-366.7662	265.3354	3.123633	0.1972632
41226	-91.16198	-356.7613	265.5993	2.887299	0.2066035
41232	-93.46921	-359.1417	265.6725	2.891511	0.2374395
41238	-92.01358	-357.7383	265.7247	2.862773	0.2485332
41244	-102.8268	-368.8138	265.9869	2.677425	0.2938519
41250	-101.1425	-367.1457	266.0032	2.708778	0.3338502
41256	-116.7308	-382.7638	266.033	2.708448	0.3685832
41262	-94.96504	-361.5152	266.5502	2.225025	0.5676958
41268	-93.42884	-359.966	266.5371	2.240974	0.5542545
41274	-85.8942	-352.2798	266.3856	2.384238	0.5875828
41280	-93.26149	-359.8142	266.5527	2.134815	0.7523235
41286	-94.04989	-360.6323	266.5825	1.757423	1.129173
41292	-86.82705	-353.4806	266.6535	1.766771	1.055008
41298	-97.76685	-364.0262	266.2593	1.973102	1.222666
41304	-110.255	-376.5651	266.3102	1.940569	1.207117
41310	-126.0294	-392.5483	266.519	2.086832	0.8601325
41316	-113.3704	-379.2475	265.8771	1.609557	1.784677
41322	-113.1306	-377.9186	264.788	1.335118	2.66734
41328	-102.8184	-367.3003	264.4819	1.361962	2.837981
41334	-113.7367	-377.7949	264.0582	1.277282	3.143268
41340	-108.6934	-373.7572	265.0639	1.574775	2.345238
41346	-112.9103	-378.1261	265.2158	1.456925	2.323564
41352	-107.1862	-372.4072	265.221	1.626881	2.211194
41358	-117.4797	-381.2218	263.742	1.306122	3.313252
41364	-110.4621	-373.549	263.087	1.31912	3.687851
41370	-106.4255	-370.8406	264.4151	1.432526	2.835698
41376	-103.0863	-368.7961	265.7098	1.462876	1.99814
41382	-103.4151	-369.2605	265.8453	1.75952	1.7018
41388	-102.5078	-369.2782	266.7704	1.75952	0.9452204
41394	-95.3526	-361.8132	266.4606	2.0282	0.9878445
41400	-106.1405	-372.8216	266.6811	1.830948	0.9640076
41406	-99.64014	-366.1562	266.5161	2.238793	0.6296349
41412	-108.3013	-374.6635	266.3623	2.306212	0.7797508
41418	-105.1571	-371.479	266.3219	2.457369	0.4549719
41424	-127.2365	-391.9775	264.741	2.313306	2.076586
41430	-132.7615	-397.1605	264.399	2.069082	2.452978
41436	-124.2385	-388.8456	264.6071	1.860973	2.452978
41442	-116.2872	-382.7445	266.4573	2.233254	0.7477508
41448	-113.1394	-379.549	266.4096	2.179118	0.8802279
41454	-109.3951	-375.8907	266.4956	2.027832	0.95211
41460	-95.40255	-362.045	266.6424	1.88102	0.95211
41466	-109.0214	-375.5824	266.5611	1.986357	0.9264865
41472	-99.82018	-366.4673	266.6471	2.024892	0.7747426
41478	-97.82583	-364.4659	266.64	2.07632	0.7064068
41484	-104.1552	-370.85	266.6948	2.021577	0.7064068
41490	-106.0641	-372.7222	266.658	2.021864	0.7635029
41496	-105.5365	-372.0339	266.4973	2.001621	0.9775343
41502	-95.51684	-362.047	266.5302	1.787718	1.148747
41508	-91.41159	-358.1148	266.7032	1.614742	1.148747
41514	-106.8984	-373.4215	266.5231	2.052508	0.8952678
41520	-93.65452	-360.2722	266.6177	1.900485	0.9576612
41526	-101.9108	-368.3449	266.4341	2.085415	0.9562792
41532	-96.68456	-363.1861	266.5016	2.017908	0.9562792
41538	-99.20265	-365.6272	266.4245	2.103876	0.9468895
41544	-111.111	-376.4301	265.3191	1.993024	1.904395
41550	-100.6873	-367.2619	266.5746	1.987643	0.9102442
41556	-113.3824	-379.9238	266.5415	2.015061	0.916527
41562	-105.4468	-372.014	266.5672	2.089544	0.7957554
41568	-109.3423	-375.9144	266.5721	2.023211	0.8725697
41574	-112.1387	-378.6047	266.466	2.15513	0.8415799
41580	-117.0858	-383.576	266.4901	2.051195	0.9330741
41586	-111.7676	-378.3702	266.6026	2.13658	0.6642231
41592	-110.7057	-376.1032	265.3976	1.824741	1.964955
41598	-121.023	-386.5636	265.5406	1.989037	1.754702
41604	-119.2534	-385.427	266.1736	1.764301	1.457895
41610	-111.5999	-377.9749	266.375	2.317335	0.7450914
41616	-107.5642	-373.8157	266.2515	1.944068	1.253632
41622	-116.0783	-381.9891	265.9108	2.497136	1.066656
41628	-116.6461	-381.7093	265.0632	1.645892	2.300358
41634	-114.0029	-379.7014	265.6985	1.677534	1.860871
41640	-112.7916	-378.634	265.8424	1.552006	1.848311
41646	-103.5507	-369.937	266.3863	2.030751	1.058027
41652	-111.0896	-377.3484	266.2588	2.158302	1.058027
41658	-107.2387	-373.7211	266.4824	2.128867	0.8535511
41664	-120.0133	-386.5621	266.5487	2.113307	0.7885902
41670	-106.3411	-372.8153	266.4741	2.128935	0.8634174
41676	-105.7501	-372.222	266.4719	2.125805	0.8696977
41682	-122.8228	-388.9023	266.0795	1.840362	1.471645
41688	-110.5869	-377.1625	266.5756	1.739031	1.151665
41694	-109.8683	-376.1409	266.2726	1.882868	1.286662
41700	-105.3189	-370.902	265.5832	1.852791	1.819748
41706	-96.94427	-363.176	266.2317	1.637566	1.509665
41712	-101.911	-365.7545	263.8435	1.190237	3.32173
41718	-115.2133	-380.7451	265.5318	1.266602	2.243093
41724	-110.2715	-375.4878	265.2163	1.362707	2.383065
41730	-105.6428	-371.6327	265.99	1.522991	1.766336
41736	-102.7279	-367.696	264.9681	1.396428	2.517787
41742	-107.8173	-370.9435	263.1261	1.241526	3.710065
41748	-113.5119	-376.71	263.1981	1.137884	3.728394
41754	-114.0352	-378.239	264.2038	1.246633	3.074758
41760	-115.5936	-380.3892	264.7956	1.809399	2.366591
41766	-121.6436	-384.2439	262.6003	1.280989	3.98958
41772	-110.0428	-375.0067	264.9639	1.662253	2.353211
41778	-114.3641	-380.577	266.2128	1.702057	1.475399
41784	-109.7548	-373.9849	264.23	1.951527	2.631346
41790	-104.8108	-370.8316	266.0208	1.385964	1.839823
41796	-108.2105	-372.2682	264.0577	1.128272	3.23194
41802	-126.0331	-392.1098	266.0767	1.910397	1.420218
41808	-121.9888	-387.7374	265.7486	1.950725	1.63431
41814	-130.2781	-392.1935	261.9154	0.9804192	4.547784
41820	-123.6747	-389.9058	266.2311	2.103944	1.133515
41826	-133.934	-400.1153	266.1814	2.253459	1.041099
41832	-125.9661	-392.3981	266.432	2.011196	1.032979
41838	-114.8279	-381.1676	266.3396	2.106801	1.029857
41844	-117.1461	-383.4715	266.3254	2.37318	0.7354755
41850	-119.8884	-386.0794	266.191	2.592504	0.4936953
41856	-108.2982	-374.6543	266.3561	2.393222	0.6426129
41862	-103.4967	-369.9352	266.4386	2.273084	0.7143478
41868	-101.559	-367.9184	266.3595	2.188102	0.9263361
41874	-113.5709	-379.7844	266.2135	2.08129	1.16907
41880	-115.4643	-380.1734	264.7091	1.33084	2.718441
41886	-114.476	-379.1276	264.6516	1.197513	2.834772
41892	-112.5655	-377.9319	265.3663	1.380677	2.27609
41898	-116.0715	-380.7847	264.7132	1.409535	2.667584
41904	-104.859	-370.7412	265.8822	1.802175	1.645082
41910	-119.4487	-384.1152	264.6665	1.415931	2.692389
41916	-116.1949	-380.0536	263.8587	1.120577	3.353771
41922	-127.6813	-391.9904	264.3091	1.075091	3.114258
41928	-117.8225	-380.2811	262.4587	0.8722502	4.302517
41934	-109.0723	-372.4784	263.4061	1.248052	3.543895
41940	-113.3357	-378.374	265.0383	1.518798	2.396894
41946	-109.3411	-374.6953	265.3542	1.516996	2.196127
41952	-107.6095	-373.086	265.4766	1.550484	2.094516
41958	-109.2521	-374.9372	265.6852	1.895872	1.71862
41964	-118.5822	-384.9402	266.3581	1.673848	1.385404
41970	-110.0906	-375.6989	265.6084	1.649496	1.941057
41976	-111.8716	-377.7199	265.8482	1.57507	1.828449
41982	-114.8967	-379.4904	264.5936	1.430714	2.727981
41988	-110.313	-375.0598	264.7468	1.516372	2.580859
41994	-125.0341	-389.8964	264.8623	1.815105	2.320571
42000	-116.5382	-382.6865	266.1483	1.731014	1.502173
42006	-116.4755	-381.9787	265.5032	1.705695	1.973951
42012	-123.8978	-389.7412	265.8434	1.652993	1.7779
42018	-119.763	-385.1973	265.4343	1.655697	2.053037
42024	-125.6596	-390.7419	265.0823	1.734464	2.231301
42030	-120.154	-384.6658	264.5118	1.459108	2.760664
42036	-117.1309	-382.8097	265.6787	1.831042	1.768579
42042	-144.3985	-410.0216	265.6231	3.044187	0.2959593
42048	-133.9155	-399.8315	265.916	2.758224	0.3010892
42054	-121.5509	-387.3363	265.7854	1.983785	1.583672
42060	-107.1737	-373.3853	266.2116	1.720079	1.462627
42066	-121.8533	-388.2525	266.3991	1.799201	1.251282
42072	-127.207	-393.6643	266.4573	1.521179	1.426863
42078	-128.0949	-392.5273	264.4324	1.283061	2.915671
42084	-131.6392	-397.5899	265.9506	1.70021	1.669105
42090	-133.5118	-399.6549	266.1431	1.989493	1.305292
42096	-117.7645	-384.1436	266.3791	1.738605	1.317293
42102	-132.2278	-398.5717	266.3439	2.048247	1.081479
42108	-132.3832	-398.5266	266.1434	1.951255	1.335853
42114	-143.8357	-410.1648	266.3291	1.765473	1.335853
42120	-129.2262	-394.396	265.1698	1.521928	2.311441
42126	-133.431	-399.1602	265.7292	1.564209	1.917055
42132	-124.7446	-390.4281	265.6835	1.915251	1.706087
42138	-123.6946	-389.8068	266.1122	1.977335	1.339911
42144	-120.1723	-386.1655	265.9932	1.950903	1.453201
42150	-127.4138	-393.5071	266.0934	1.974177	1.357388
42156	-115.0483	-380.3776	265.3294	1.873361	1.978076
42162	-124.3311	-390.6452	266.3141	1.830424	1.295635
42168	-126.893	-393.7264	266.8334	1.82652	0.7915253
42174	-114.6687	-381.1462	266.4775	2.039008	0.95936
42180	-118.6037	-383.5637	264.96	1.962626	2.162748
42186	-122.9916	-388.2768	265.2852	1.458571	2.278165
42192	-118.3223	-383.61	265.2877	1.513782	2.241143
42198	-115.2249	-379.8586	264.6338	1.543049	2.634276
42204	-106.1797	-371.4795	265.2998	1.404082	2.303683
42210	-114.388	-380.2643	265.8763	1.641027	1.763301
42216	-122.515	-388.7731	266.2582	1.415947	1.652446
42222	-115.6561	-382.0061	266.3501	1.869844	1.23325
42228	-114.9138	-381.1472	266.2335	2.137247	1.101243
42234	-113.1265	-379.6449	266.5184	1.950623	1.007688
42240	-135.055	-401.5231	266.4682	2.214003	0.7602026
42246	-128.27	-394.5987	266.3287	2.426601	0.6285967
42252	-118.243	-382.802	264.559	1.453385	2.735326
42258	-136.4216	-400.7467	264.3251	1.106071	3.086298
42264	-125.8242	-391.2442	265.42	1.187039	2.365312
42270	-126.0281	-387.9668	261.9387	1.156603	4.435547
42276	-117.9209	-381.0307	263.1098	1.368461	3.646078
42282	-117.7614	-382.1307	264.3693	1.104592	3.060741
42288	-105.8932	-368.2731	262.3798	1.111996	4.211349
42294	-111.5831	-373.4061	261.823	1.154159	4.502056
42300	-100.1577	-364.8585	264.7008	1.312699	2.734633
42306	-113.5798	-373.8622	260.2823	1.069318	5.406326
42312	-98.20951	-363.6381	265.4286	1.283087	2.298694
42318	-98.039	-363.4968	265.4578	1.325624	2.252758
42324	-103.52	-367.811	264.291	1.159503	3.07474
42330	-99.35063	-363.4325	264.0818	1.207785	3.170513
42336	-105.6586	-370.5374	264.8788	1.199913	2.694643
42342	-106.6029	-371.7096	265.1067	1.351392	2.459249
42348	-106.6393	-371.8405	265.2012	1.167846	2.515005
42354	-110.7713	-375.4119	264.6406	1.483242	2.666925
42360	-115.1989	-381.1301	265.9312	1.779139	1.62636
42366	-113.3785	-380.0475	266.669	1.891611	0.9119877
42372	-104.7321	-371.2537	266.5215	1.931311	1.023623
42378	-109.1877	-374.5915	265.4038	1.819013	1.964603
42384	-108.8126	-373.2148	264.4022	1.487491	2.810138
42390	-96.87805	-362.0687	265.1906	1.468297	2.332345
42396	-94.88365	-360.5329	265.6492	1.484381	2.024151
42402	-92.60533	-358.4934	265.8881	1.403815	1.918085
42408	-85.39902	-351.1526	265.7536	1.54917	1.910725
42414	-97.91138	-364.2572	266.3459	1.680264	1.38994
42420	-114.6262	-377.8407	263.2145	1.920887	3.261822
42426	-118.9096	-381.0227	262.113	2.319004	3.672832
42432	-124.8778	-388.3548	263.477	2.715451	2.624593
42438	-124.8495	-389.8906	265.0411	2.527637	1.727297
42444	-114.9671	-379.4861	264.519	2.472055	2.118114
42450	-113.2778	-378.4269	265.1491	2.320992	1.796148
42456	-126.3178	-390.0096	263.6917	2.28543	2.756824
42462	-125.8259	-391.1358	265.3099	3.086385	0.1784115
42468	-121.9383	-387.3374	265.3991	3.108581	0.2142596
42474	-110.359	-376.7634	266.4044	2.34633	0.6393847
42480	-108.5312	-374.9292	266.398	2.381503	0.455899
42486	-112.0781	-378.2115	266.1334	2.55403	0.3115308
42492	-112.7467	-377.9522	265.2055	3.163748	0.1711524
42498	-105.0165	-370.3116	265.2951	3.167539	0.1984522
42504	-109.0391	-374.2609	265.2218	3.196212	0.1846025
42510	-114.0545	-379.2347	265.1802	3.237804	0.1846025
42516	-114.6174	-380.1413	265.5239	2.975836	0.211331
42522	-115.7958	-381.4202	265.6245	2.988104	0.261592
42528	-123.5134	-389.149	265.6356	2.988104	0.2678583
42534	-119.9938	-385.3683	265.3745	3.083626	0.1969799
42540	-120.0004	-384.8033	264.8029	3.375231	0.1302752
42546	-113.7555	-379.04	265.2844	3.106049	0.1768202
42552	-121.5334	-387.1262	265.5928	3.106049	0.3213723
42558	-121.2911	-387.1251	265.834	2.883949	0.3399762
42564	-134.0562	-399.9028	265.8466	2.911562	0.3956199
42570	-113.5776	-379.5753	265.9978	2.756551	0.3885887
42576	-112.96	-378.7826	265.8226	2.857854	0.3058757
42582	-108.5356	-374.6232	266.0876	2.656152	0.3717612
42588	-114.1231	-380.4164	266.2933	2.488782	0.5278569
42594	-116.1605	-380.8178	264.6573	3.391883	0.109966
42600	-112.4986	-377.1428	264.6441	3.500164	0.1244985
42606	-121.3607	-385.9504	264.5897	3.501076	0.1160258
42612	-125.3183	-391.195	265.8767	2.874765	0.3837798
42618	-126.148	-392.3613	266.2133	2.568034	0.4667691
42624	-111.9495	-377.0939	265.1444	3.216664	0.1690552
42630	-101.5958	-366.7828	265.187	3.204826	0.1771765
42636	-104.0389	-369.0358	264.9969	3.24087	0.1414069
42642	-103.5827	-368.5376	264.9549	3.282925	0.1414069
42648	-95.65242	-360.6073	264.9549	3.282925	0.1414069
42654	-96.51863	-360.9504	264.4318	3.521691	0.09745263
42660	-84.76924	-349.3198	264.5505	3.447939	0.1030985
42666	-87.96894	-352.37	264.4011	3.421581	0.08308428
42672	-95.00276	-359.2304	264.2276	3.59506	0.08308428
42678	-95.3795	-359.551	264.1715	3.628232	0.08083114
42684	-100.4197	-365.1215	264.7018	3.379534	0.1146084
42690	-111.1739	-376.4946	265.3207	3.16317	0.2056566
42696	-101.101	-366.0511	264.9501	3.187432	0.1233828
42702	-114.3746	-379.7866	265.412	3.002609	0.1836182
42708	-117.2124	-382.717	265.5046	3.008409	0.2162749
42714	-112.4494	-377.7394	265.29	3.117713	0.1816428
42720	-106.7329	-372.1213	265.3883	3.021051	0.1821134
42726	-104.5037	-370.1189	265.6152	2.902279	0.2180027
42732	-105.103	-370.9311	265.8281	2.736247	0.2376041
42738	-103.735	-370.0485	266.3135	2.419986	0.6754728
42744	-116.6748	-383.2002	266.5255	2.091101	0.847145
42750	-111.7968	-378.1632	266.3663	2.416971	0.4880038
42756	-107.5741	-374.0207	266.4466	2.251891	0.7355113
42762	-111.3477	-377.5808	266.233	2.54811	0.5359988
42768	-106.7946	-373.0241	266.2294	2.54811	0.4470465
42774	-122.902	-388.9603	266.0583	2.677434	0.3608377
42780	-108.4097	-374.8933	266.4835	2.298092	0.4691241
42786	-129.9839	-396.3303	266.3464	2.37727	0.6935786
42792	-111.7768	-377.9453	266.1685	2.563886	0.3565372
42798	-106.4435	-372.8993	266.4558	2.326464	0.5264478
42804	-103.3611	-369.4447	266.0836	2.67416	0.3948537
42810	-102.5267	-368.9534	266.4267	2.356201	0.4814278
42816	-116.043	-382.5228	266.4797	2.303859	0.497877
42822	-117.8195	-384.0374	266.2179	2.561236	0.4541119
42828	-118.7089	-384.8174	266.1085	2.674847	0.5108964
42834	-113.7419	-380.1621	266.4203	2.363109	0.4895917
42840	-109.0419	-375.1205	266.0786	2.68108	0.3984233
42846	-104.7312	-370.4178	265.6866	2.89601	0.2461442
42852	-105.3444	-370.8433	265.4989	3.051471	0.2314194
42858	-97.09356	-362.7774	265.6839	2.870392	0.2331061
42864	-103.4341	-369.2475	265.8134	2.753347	0.2386556
42870	-107.3489	-373.5238	266.175	2.527155	0.3243548
42876	-100.5656	-366.6206	266.055	2.644738	0.3221704
42882	-105.0605	-371.4033	266.3429	2.4369	0.4574855
42888	-107.1022	-373.3382	266.236	2.4369	0.3000778
42894	-107.5642	-374.1766	266.6124	2.168052	0.5405037
42900	-100.2433	-366.7442	266.5009	2.282362	0.5133614
42906	-107.157	-373.1227	265.9657	2.718851	0.3091573
42912	-112.8927	-378.8249	265.9322	2.752285	0.3091573
42918	-112.9806	-379.0688	266.0882	2.670771	0.3971289
42924	-112.1026	-378.4093	266.3067	2.447847	0.3889503
42930	-103.7641	-370.1621	266.398	2.356616	0.3890007
42936	-116.6768	-382.8475	266.1707	2.583882	0.3890007
42942	-116.7546	-382.9847	266.2301	2.547906	0.4488702
42948	-102.8132	-369.3247	266.5115	2.264478	0.4407697
42954	-104.2925	-370.8991	266.6066	2.175684	0.525992
42960	-104.7182	-371.1341	266.4159	2.356238	0.57941
42966	-104.4171	-370.9038	266.4867	2.29282	0.5463943
42972	-105.044	-371.6776	266.6336	2.130927	0.603967
42978	-106.3412	-372.54	266.1988	2.55282	0.3839585
42984	-97.23511	-363.5323	266.2972	2.482174	0.4553689
42990	-93.29798	-359.5205	266.2226	2.498474	0.3433339
42996	-99.94044	-366.0133	266.0729	2.646311	0.3413388
43002	-101.4716	-367.6854	266.2138	2.539227	0.3862727
43008	-106.9952	-373.3819	266.3867	2.395468	0.5275349
43014	-113.6943	-379.8105	266.1162	2.652561	0.4186995
43020	-126.2802	-392.3677	266.0875	2.608534	0.3188444
43026	-118.6817	-385.0052	266.3235	2.450526	0.4339167
43032	-113.4302	-379.6547	266.2245	2.531869	0.3922028
43038	-111.8075	-378.2711	266.4636	2.319881	0.5075239
43044	-110.4744	-377.0985	266.6241	2.093464	0.7043697
43050	-111.1805	-377.6273	266.4468	2.336366	0.5153379
43056	-107.2974	-373.7121	266.4147	2.344873	0.6177596
43062	-111.8008	-378.0675	266.2668	2.484996	0.384204
43068	-104.3204	-370.0984	265.778	2.888857	0.2956505
43074	-110.3966	-376.2855	265.8888	2.797235	0.3104063
43080	-113.3657	-379.2191	265.8534	2.763721	0.2640991
43086	-109.565	-375.271	265.706	2.853444	0.2353882
43092	-123.9364	-389.7123	265.7759	2.863749	0.2773793
43098	-116.5443	-382.4934	265.9492	2.701691	0.2845977
43104	-118.9367	-385.0521	266.1153	2.520466	0.275023
43110	-110.75	-376.8769	266.1269	2.562536	0.3132364
43116	-104.3191	-370.4734	266.1543	2.591493	0.3748062
43122	-100.5504	-366.7945	266.2441	2.500932	0.373712
43128	-112.9159	-379.28	266.3641	2.407484	0.5815808
43134	-116.052	-382.7577	266.7057	2.063034	0.5912248
43140	-116.2111	-382.6053	266.3942	2.386201	0.5412325
43146	-119.0479	-385.3178	266.2699	2.510474	0.5412325
43152	-106.648	-373.0583	266.4103	2.370059	0.5412325
43158	-97.15392	-363.4836	266.3297	2.449041	0.5511682
43164	-100.7891	-367.0998	266.3107	2.458288	0.5903256
43170	-98.99095	-365.5184	266.5274	2.227396	0.6297401
43176	-100.2831	-366.7891	266.5059	2.273895	0.4578443
43182	-92.41086	-358.7623	266.3514	2.424826	0.4419116
43188	-96.99845	-363.2336	266.2351	2.535705	0.4243587
43194	-102.8765	-369.2005	266.324	2.446849	0.4243587
43200	-123.8768	-389.7164	265.8396	2.869465	0.3309854
43206	-120.2518	-386.2583	266.0065	2.70424	0.3326301
43212	-115.0177	-381.2224	266.2047	2.574145	0.4527594
43218	-108.6031	-374.8961	266.293	2.489138	0.5273736
43224	-99.30615	-365.6356	266.3294	2.45159	0.5366191
43230	-106.5888	-372.6063	266.0175	2.737669	0.3899803
43236	-116.5052	-382.996	266.4908	2.270835	0.4023561
43242	-118.0681	-384.4345	266.3664	2.410945	0.5578213
43248	-115.6367	-382.1378	266.5011	2.216908	0.7036331
43254	-123.0976	-389.6711	266.5735	2.158963	0.6774489
43260	-124.3031	-390.688	266.3849	2.190232	0.8957337
43266	-115.0198	-381.2409	266.2211	1.796001	1.396942
43272	-115.6441	-382.0913	266.4472	2.220042	0.7814814
43278	-106.2456	-372.7512	266.5055	2.12238	0.8331275
43284	-105.0968	-371.6547	266.5579	2.15993	0.703858
43290	-97.83867	-364.4133	266.5746	2.205374	0.5436453
43296	-113.6006	-379.9033	266.3027	2.47762	0.5418163
43302	-106.4687	-372.5977	266.1291	2.616003	0.3737372
43308	-98.35796	-364.7402	266.3822	2.39996	0.5271081
43314	-91.6125	-358.0933	266.4808	2.279195	0.6167364
43320	-100.8358	-367.3274	266.4915	2.238255	0.6824249
43326	-103.0646	-369.5732	266.5086	2.089668	0.869118
43332	-109.1937	-375.5185	266.3248	2.241643	0.9054853
43338	-122.0261	-388.5622	266.5361	2.197815	0.6745177
43344	-129.2048	-394.9539	265.7491	3.003797	0.3861178
43350	-115.8699	-382.4186	266.5488	2.05996	0.8566293
43356	-122.4229	-388.9472	266.5243	2.121384	0.8104959
43362	-121.299	-387.3328	266.0338	2.730634	0.4083228
43368	-128.2193	-394.5099	266.2906	2.492755	0.4884896
43374	-130.2606	-396.6539	266.3933	2.328243	0.6974386
43380	-131.3639	-397.862	266.4981	2.256861	0.6293165
43386	-123.258	-389.6914	266.4334	2.321582	0.6293165
43392	-139.0815	-404.8944	265.8129	1.720948	1.751726
43398	-140.6754	-406.8706	266.1952	1.792459	1.419834
43404	-125.4227	-391.473	266.0503	1.780509	1.538328
43410	-125.9568	-392.5069	266.5501	1.752777	1.162007
43416	-117.5604	-384.267	266.7066	1.958609	0.784222
43422	-112.7307	-379.2728	266.5421	2.014525	0.9164515
43428	-117.73	-384.2834	266.5534	2.049824	0.8632731
43434	-108.8126	-375.4763	266.6637	2.015794	0.7641558
43440	-144.9428	-410.2033	265.2605	3.153648	0.1834767
43446	-138.7058	-403.8381	265.1323	3.285228	0.1844575
43452	-143.1215	-408.227	265.1054	3.271999	0.1732981
43458	-140.054	-405.222	265.1681	3.271999	0.1912547
43464	-127.7534	-394.1426	266.3892	2.278138	0.7812824
43470	-128.1416	-394.5353	266.3937	2.381496	0.5677022
43476	-133.514	-399.8164	266.3023	2.479111	0.5334308
43482	-131.8396	-398.0539	266.2143	2.569109	0.491679
43488	-144.0165	-410.0569	266.0403	2.724875	0.4101541
43494	-145.2218	-411.6189	266.3972	2.386337	0.5070083
43500	-141.1729	-407.3346	266.1617	2.599479	0.4014952
43506	-120.3896	-386.531	266.1414	2.599479	0.3677394
43512	-129.2229	-395.2443	266.0214	2.719533	0.3677394
43518	-126.7461	-392.9338	266.1877	2.578408	0.5995431
43524	-122.9525	-388.9786	266.0261	2.68852	0.3365454
43530	-122.7504	-388.5988	265.8485	2.866171	0.3365454
43536	-125.2366	-391.374	266.1374	2.642092	0.5464429
43542	-119.1848	-385.4856	266.3009	2.482715	0.5019283
43548	-118.0476	-384.2919	266.2443	2.117295	1.109543
43554	-126.4843	-392.3374	265.8531	1.913148	1.585757
43560	-130.717	-397.1503	266.4333	2.33469	0.5936109
43566	-131.0712	-397.4561	266.3849	2.398305	0.5141987
43572	-114.0285	-380.4137	266.3852	2.398305	0.5067772
43578	-114.829	-380.8213	265.9923	2.758393	0.3824411
43584	-114.6472	-381.0941	266.4468	2.227069	0.7720781
43590	-108.2729	-374.526	266.2531	2.529566	0.4781762
43596	-117.9673	-384.1086	266.1414	2.627225	0.4182813
43602	-123.311	-389.3675	266.0565	2.726621	0.484425
43608	-112.4088	-378.5991	266.1903	2.589841	0.4595635
43614	-108.6482	-374.6746	266.0263	2.707529	0.3584034
43620	-106.112	-372.1337	266.0217	2.678524	0.3226205
43626	-111.389	-377.6674	266.2785	2.492486	0.4246478
43632	-106.0681	-372.5058	266.4377	2.345014	0.5213755
43638	-114.499	-381.0763	266.5773	2.172885	0.6406948
43644	-111.194	-377.7611	266.5671	2.08644	0.8000911
43650	-110.5433	-377.0272	266.4839	2.087218	0.9002885
43656	-113.5921	-380.1933	266.6012	2.012904	0.8501234
43662	-112.8548	-379.381	266.5262	2.212108	0.6660011
43668	-116.6678	-383.291	266.6232	2.028531	0.8025062
43674	-114.7597	-381.1485	266.3888	1.902656	1.172
43680	-125.1671	-391.1345	265.9674	1.697973	1.658669
43686	-119.2528	-385.2476	265.9947	1.530275	1.757934
43692	-129.8631	-396.4439	266.5808	1.828188	1.06566
43698	-131.1721	-397.5667	266.3947	2.03723	1.043909
43704	-133.8075	-400.2593	266.4518	1.980113	1.043909
43710	-119.8498	-386.2872	266.4374	1.727359	1.279061
43716	-119.8993	-386.6049	266.7056	1.887816	0.8747904
43722	-115.225	-381.84	266.615	2.120753	0.6710656
43728	-113.8788	-380.2169	266.3381	2.411925	0.6410643
43734	-116.0759	-382.549	266.4731	2.300281	0.57507
43740	-110.7594	-377.1436	266.3842	2.277101	0.7895745
43746	-116.078	-382.5063	266.4283	1.736939	1.278646
43752	-119.1969	-384.9662	265.7693	1.681506	1.809524
43758	-124.372	-389.9349	265.5629	1.643633	1.975555
43764	-139.5817	-405.1382	265.5564	1.650037	1.975555
43770	-140.7339	-406.9098	266.176	1.919308	1.335302
43776	-138.9615	-405.2089	266.2474	1.96005	1.243654
43782	-121.9937	-388.107	266.1133	1.781428	1.490599
43788	-115.037	-380.4925	265.4555	1.538314	2.116309
43794	-126.9491	-393.1394	266.1903	2.184217	1.097731
43800	-123.768	-388.1072	264.3392	2.058686	2.496978
43806	-117.5922	-379.598	262.0058	1.922593	3.962618
43812	-113.7271	-379.6183	265.8912	1.370205	1.93867
43818	-105.7569	-371.2492	265.4923	1.538376	2.092151
43824	-110.2219	-376.6629	266.441	1.639304	1.347249
43830	-113.0815	-379.4598	266.3783	1.769496	1.292934
43836	-115.2388	-381.619	266.3802	1.767235	1.293219
43842	-111.6333	-377.9222	266.2889	1.643868	1.461836
43848	-114.6775	-380.8366	266.1591	1.635973	1.564663
43854	-115.1049	-381.1266	266.0217	1.609778	1.682893
43860	-113.0843	-379.1088	266.0245	1.509714	1.751529
43866	-123.4837	-389.898	266.4143	1.563048	1.427772
43872	-118.7682	-385.1006	266.3324	1.636889	1.433936
43878	-112.8661	-379.463	266.5969	1.812618	1.065204
43884	-120.9447	-387.5171	266.5724	1.837073	1.065204
43890	-114.5619	-380.9031	266.3412	1.736767	1.349134
43896	-120.3313	-386.7513	266.42	1.778127	1.251501
43902	-135.2161	-401.4705	266.2544	1.84849	1.329198
43908	-127.5262	-393.4129	265.8866	1.823466	1.626543
43914	-112.811	-378.8624	266.0514	2.67267	0.3467103
43920	-112.5965	-378.5145	265.918	2.806009	0.3467103
43926	-116.9684	-382.9149	265.9465	2.777267	0.3463369
43932	-117.0101	-382.7136	265.7036	2.979163	0.307736
43938	-116.0092	-381.4484	265.4391	3.113265	0.2322833
43944	-117.6025	-382.7806	265.1782	3.197021	0.1727074
43950	-119.5616	-384.5425	264.9809	3.312736	0.1530535
43956	-119.8241	-384.7393	264.9151	3.370319	0.1512578
43962	-108.4126	-373.282	264.8694	3.355754	0.1389329
43968	-99.80562	-364.4501	264.6445	3.393481	0.1083911
43974	-105.1706	-371.8401	266.6696	1.901159	0.9007243
43980	-98.76073	-365.4413	266.6806	1.989028	0.7781327
43986	-105.1874	-371.868	266.6806	1.989028	0.7781327
43992	-116.2718	-380.155	263.8833	3.868535	0.0763671
43998	-124.3536	-388.2274	263.8738	3.862508	0.07498339
44004	-97.22371	-363.6507	266.427	1.432005	1.517368
44010	-96.32338	-362.4779	266.1545	1.610666	1.586547
44016	-101.3009	-367.9469	266.646	1.673204	1.147621
44022	-98.59405	-364.944	266.3499	1.694531	1.375594
44028	-116.2389	-382.4838	266.2448	1.799615	1.375594
44034	-117.2207	-383.7404	266.5197	1.818116	1.131045
44040	-114.2359	-378.0711	263.8351	3.846195	0.07031471
44046	-115.5225	-379.9085	264.386	3.564354	0.09707675
44052	-109.8212	-374.5469	264.7257	3.370406	0.1168434
44058	-121.6509	-386.0246	264.3737	3.579796	0.097453
44064	-123.677	-387.8719	264.1948	3.692341	0.08982307
44070	-116.5316	-381.1249	264.5933	3.464338	0.1111586
44076	-120.3406	-385.6886	265.348	3.025012	0.1721258
44082	-121.4372	-386.8315	265.3944	3.025012	0.1850089
44088	-118.5648	-384.2133	265.6485	2.889532	0.2262265
44094	-112.3773	-378.1135	265.7361	2.804589	0.2273301
44100	-104.4008	-370.0131	265.6123	2.909688	0.2197582
44106	-97.80852	-363.7291	265.9205	2.723168	0.2799515
44112	-103.7716	-369.8396	266.068	2.670693	0.3647494
44118	-108.087	-373.6646	265.5776	2.970966	0.2306269
44124	-113.2853	-379.7189	266.4336	2.340438	0.4340375
44130	-108.6216	-374.3793	265.7577	2.86188	0.2655013
44136	-114.6768	-380.352	265.6752	2.908412	0.2466078
44142	-100.8872	-366.6897	265.8025	2.880067	0.3075639
44148	-98.47333	-364.0158	265.5425	2.863212	0.1810627
44154	-103.1748	-368.3796	265.2048	3.090132	0.1533224
44160	-108.7683	-373.3038	264.5355	3.423456	0.09812361
44166	-118.2359	-382.6677	264.4318	3.52721	0.09812361
44172	-111.8182	-376.3975	264.5793	3.394706	0.09998653
44178	-105.5872	-370.3158	264.7286	3.381752	0.119042
44184	-96.64588	-361.8871	265.2412	3.030229	0.1482583
44190	-123.4422	-389.6981	266.2559	1.92554	1.265296
44196	-122.5291	-388.8997	266.3706	1.688585	1.363964
44202	-99.41382	-365.8442	266.4304	2.346507	0.4444442
44208	-108.2715	-374.5842	266.3127	2.46879	0.4682687
44214	-124.7673	-390.9589	266.1916	2.570058	0.4024069
44220	-120.5042	-386.8667	266.3625	2.418724	0.4664102
44226	-118.1626	-384.6385	266.4759	2.295751	0.581397
44232	-106.9561	-373.2012	266.2452	2.536036	0.4662679
44238	-106.4688	-373.0322	266.5634	2.21545	0.5503895
44244	-101.432	-367.7324	266.3005	2.444574	0.3737299
44250	-98.71159	-365.0366	266.325	2.439529	0.4086602
44256	-103.3096	-369.9383	266.6287	2.135711	0.6043177
44262	-97.31616	-363.734	266.4178	2.347266	0.6024228
44268	-102.8751	-369.3246	266.4495	2.33308	0.4777222
44274	-101.0175	-367.0537	266.0362	2.645643	0.3070317
44280	-102.3702	-368.8645	266.4943	2.288133	0.5249568
44286	-109.198	-375.8004	266.6023	2.089306	0.7460942
44292	-99.74067	-366.2956	266.5549	2.215141	0.5869264
44298	-109.8538	-376.4213	266.5674	2.197694	0.6023153
44304	-103.5592	-370.1841	266.6249	2.114685	0.6634019
44310	-109.4759	-376.1483	266.6723	2.019584	0.7457185
44316	-107.9496	-374.6446	266.695	2.019584	0.7094913
44322	-111.6909	-378.2602	266.5693	2.213694	0.5171591
44328	-106.3407	-372.9695	266.6289	2.154493	0.4889821
44334	-98.01061	-364.7202	266.7096	2.069119	0.5511947
44340	-92.48948	-359.0586	266.5691	2.203657	0.5773249
44346	-107.0726	-373.1925	266.1199	2.651124	0.4247304
44352	-121.3707	-386.7589	265.3882	3.075217	0.198726
44358	-128.5284	-393.9167	265.3882	3.075217	0.198726
44364	-118.3254	-384.6063	266.2809	2.458488	0.3656598
44370	-106.5665	-372.7245	266.158	2.523212	0.3065275
44376	-91.15179	-357.4065	266.2547	2.510322	0.4097085
44382	-105.1866	-371.4592	266.2725	2.510322	0.4811864
44388	-97.40485	-363.8322	266.4274	2.353981	0.4671071
44394	-103.7792	-370.0356	266.2564	2.526372	0.4795865
44400	-101.1498	-367.6033	266.4535	2.325329	0.4528918
44406	-97.472	-363.8365	266.3645	2.36245	0.3499819
44412	-106.5123	-371.7167	265.2044	3.256173	0.1977742
44418	-107.1711	-372.28	265.1089	3.327721	0.1901828
44424	-109.5734	-374.7429	265.1695	3.258744	0.187646
44430	-110.6477	-375.8252	265.1775	3.277069	0.1958271
44436	-106.292	-371.4491	265.1571	3.277069	0.1894472
44442	-122.6715	-389.217	266.5455	1.74369	1.173959
44448	-130.1738	-396.5621	266.3882	1.979542	1.103915
44454	-119.7991	-386.3076	266.5085	2.258635	0.596301
44460	-112.8756	-379.4081	266.5325	2.082073	0.849544
44466	-115.6773	-382.1111	266.4338	2.348054	0.5302402
44472	-118.007	-383.192	265.185	3.141993	0.1606632
44478	-121.9137	-386.6687	264.755	3.454967	0.1360584
44484	-101.0605	-367.25	266.1894	1.924844	1.320072
44490	-102.6673	-368.257	265.5898	1.752197	1.884112
44496	-117.4832	-383.3133	265.8301	1.383545	1.97074
44502	-116.2829	-382.5905	266.3075	1.756204	1.360392
44508	-118.2008	-384.6495	266.4487	1.904672	1.117058
44514	-121.9458	-388.0124	266.0666	1.995709	1.361549
44520	-121.7979	-388.2976	266.4996	2.076966	0.8940933
44526	-118.2986	-384.9568	266.6583	1.942253	0.8664196
44532	-129.8028	-396.4826	266.6798	1.920726	0.8664196
44538	-121.7541	-388.1965	266.4424	1.834335	1.184777
44544	-110.9887	-376.4248	265.4361	3.04321	0.2040722
44550	-112.7914	-378.6636	265.8723	2.819406	0.3150824
44556	-125.419	-391.1734	265.7543	2.89215	0.2817432
44562	-114.5754	-379.9293	265.3539	3.125966	0.2042538
44568	-103.2774	-368.8406	265.5631	2.987414	0.2314871
44574	-99.29881	-365.0718	265.773	2.786983	0.2356119
44580	-99.80878	-365.6602	265.8514	2.797889	0.2835688
44586	-114.6511	-380.3227	265.6716	2.943841	0.2631814
44592	-129.6681	-395.7477	266.0796	2.639874	0.3416329
44598	-128.6399	-394.5897	265.9498	2.720616	0.2982631
44604	-102.748	-369.194	266.4459	2.083018	0.946294
44610	-107.2707	-373.8598	266.5891	2.125076	0.7101868
44616	-124.8392	-391.0293	266.1901	1.892923	1.345074
44622	-121.6611	-388.1176	266.4565	1.870497	1.14072
44628	-113.004	-379.0635	266.0595	1.888625	1.450122
44634	-106.1027	-371.371	265.2683	1.414798	2.316926
44640	-118.8071	-385.3665	266.5595	2.142567	0.7299923
44646	-125.8443	-391.9395	266.0951	2.678735	0.433422
44652	-113.4821	-379.3422	265.8601	2.73287	0.2512778
44658	-113.9674	-379.7236	265.7562	2.903873	0.2908043
44664	-121.874	-387.4334	265.5594	2.952582	0.2158793
44670	-119.0363	-385.0585	266.0222	2.667105	0.313101
44676	-108.9935	-374.6693	265.6758	2.904466	0.2450137
44682	-111.6356	-377.1184	265.4827	2.979978	0.1984694
44688	-112.3649	-378.1015	265.7366	2.788503	0.2209779
44694	-114.9288	-380.0388	265.11	3.168821	0.1498306
44700	-103.0456	-369.4519	266.4062	1.801071	1.24381
44706	-101.3715	-368.0449	266.6734	1.941832	0.848792
44712	-109.7593	-376.4878	266.7285	1.819927	0.9253877
44718	-124.4798	-391.0522	266.5724	1.970891	0.9309267
44724	-127.7734	-394.3277	266.5543	2.133015	0.7526025
44730	-120.5868	-387.1863	266.5995	2.105932	0.7245045
44736	-112.493	-379.1259	266.6329	2.106953	0.6628763
44742	-111.101	-376.2689	265.1679	1.381063	2.402049
44748	-110.4392	-375.3263	264.8871	1.267919	2.647714
44754	-118.4499	-384.1424	265.6925	1.469224	2.005434
44760	-103.2706	-369.789	266.5184	1.872751	1.08242
44766	-96.94029	-363.6678	266.7275	2.024597	0.6362809
44772	-102.358	-368.937	266.579	2.043525	0.8398927
44778	-89.58512	-356.2699	266.6848	2.066016	0.63923
44784	-93.37265	-360.0161	266.6435	2.063075	0.7227183
44790	-107.2746	-373.792	266.5173	2.218625	0.6705985
44796	-101.3626	-367.9509	266.5883	2.151302	0.6633655
44802	-96.42208	-362.9646	266.5425	2.087964	0.8299355
44808	-107.9652	-374.7145	266.7493	1.97304	0.6960309
44814	-109.6014	-376.1322	266.5308	2.144933	0.7695057
44820	-111.4807	-378.0366	266.5559	2.150164	0.7235632
44826	-119.2482	-385.6877	266.4395	2.038119	0.9991211
44832	-102.0517	-368.7668	266.7151	2.009606	0.6918296
44838	-106.4057	-373.0451	266.6394	2.091323	0.680737
44844	-111.2573	-377.8599	266.6026	2.088438	0.7470677
44850	-99.47013	-365.9257	266.4555	2.002838	1.018199
44856	-102.8502	-369.3589	266.5087	2.015195	0.951627
44862	-102.6659	-369.2424	266.5765	1.977625	0.919175
44868	-110.585	-377.4425	266.8575	1.73959	0.8704708
44874	-114.914	-381.362	266.448	1.838834	1.176058
44880	-123.7569	-390.3788	266.6219	2.06494	0.7532983
44886	-113.4026	-380.1472	266.7446	1.942239	0.7532983
44892	-111.0803	-377.4744	266.3941	1.710595	1.327795
44898	-109.6079	-375.7837	266.1758	1.828706	1.406791
44904	-107.9124	-374.2549	266.3424	1.953175	1.168379
44910	-101.1665	-367.4608	266.2943	1.749797	1.375828
44916	-84.77091	-350.9446	266.1737	1.747415	1.4707
44922	-83.2887	-349.6633	266.3746	1.978473	1.117283
44928	-95.73363	-361.4163	265.6826	1.659001	1.884345
44934	-130.9871	-397.0174	266.0304	2.715757	0.3753226
44940	-100.1551	-366.4614	266.3063	1.99521	1.163224
44946	-109.1824	-375.6291	266.4467	2.054939	0.9747533
44952	-99.86104	-366.404	266.543	1.987651	0.9444952
44958	-103.2688	-369.9853	266.7165	1.933013	0.8054639
44964	-86.68478	-353.3231	266.6383	1.574775	1.238976
44970	-91.53697	-357.3085	265.7716	1.491657	1.937444
44976	-92.76113	-359.2242	266.4631	1.616215	1.34805
44982	-89.20943	-355.6179	266.4085	1.655899	1.359862
44988	-93.19467	-359.8916	266.697	1.694951	1.081655
44994	-111.3404	-376.6555	265.3151	1.503013	2.230421
45000	-93.91773	-360.3543	266.4366	2.256295	0.7442808
45006	-98.13187	-364.665	266.5331	2.240055	0.575796
45012	-102.1801	-368.7453	266.5652	2.192032	0.6238363
45018	-103.9051	-370.5464	266.6414	2.121321	0.6093175
45024	-112.4058	-376.3946	263.9888	1.455437	3.078471
45030	-111.7795	-378.1903	266.4108	2.244631	0.7975493
45036	-117.8808	-384.1828	266.302	2.319338	0.8413322
45042	-108.1671	-372.5238	264.3568	1.40252	2.889208
45048	-112.4162	-376.6352	264.2191	1.558567	2.878128
45054	-116.6066	-383.3491	266.7425	2.023591	0.5993932
45060	-114.2649	-380.755	266.4901	2.282492	0.5778819
45066	-124.705	-391.0437	266.3387	2.361396	0.7331137
45072	-122.1817	-388.716	266.5342	2.23736	0.581555
45078	-118.1611	-384.618	266.4569	2.314651	0.581555
45084	-118.9148	-383.3584	264.4436	1.494889	2.780455
45090	-109.2955	-375.0761	265.7806	1.484798	1.935967
45096	-108.1648	-373.7751	265.6103	1.635775	1.949014
45102	-124.6405	-390.8202	266.1797	1.894828	1.351848
45108	-112.9563	-379.1105	266.1542	2.045138	1.25046
45114	-107.9772	-373.6738	265.6966	2.044271	1.6043
45120	-116.5279	-382.91	266.3822	1.779883	1.281279
45126	-110.5605	-375.8137	265.2532	1.524552	2.256375
45132	-126.7477	-392.5998	265.8521	1.557123	1.838146
45138	-130.5676	-396.9424	266.3748	1.917889	1.170944
45144	-120.7703	-387.0711	266.3009	1.658531	1.441532
45150	-123.6127	-390.1443	266.5315	1.638914	1.274364
45156	-125.7308	-391.7849	266.0541	1.745882	1.561047
45162	-122.7686	-388.5329	265.7643	1.472153	1.955464
45168	-126.8692	-392.1103	265.2411	1.730432	2.130866
45174	-121.9431	-387.9428	265.9996	1.51883	1.762517
45180	-124.8263	-391.3311	266.5048	1.906535	1.063458
45186	-115.9527	-382.3142	266.3615	1.879251	1.215599
45192	-111.7651	-377.7051	265.9401	2.211995	1.289438
45198	-99.36312	-365.4214	266.0583	2.221959	1.181745
45204	-105.8403	-372.2501	266.4098	1.943564	1.117005
45210	-111.0941	-377.554	266.4599	2.264408	0.6924122
45216	-106.2569	-372.9043	266.6474	1.986235	0.8259233
45222	-110.6714	-377.3039	266.6325	2.139097	0.5814197
45228	-103.479	-370.2156	266.7366	1.987354	0.6931163
45234	-100.8816	-367.5158	266.6341	2.101805	0.6706934
45240	-122.8899	-389.3855	266.4956	2.286159	0.5310469
45246	-120.6173	-386.9297	266.3124	2.46936	0.5310469
45252	-105.7059	-372.0702	266.3644	2.105956	1.006412
45258	-104.8783	-371.271	266.3927	2.077634	1.006412
45264	-104.2768	-370.3216	266.0448	1.860713	1.482471
45270	-106.6163	-372.283	265.6666	1.638814	1.908921
45276	-105.4982	-370.976	265.4778	1.319674	2.243696
45282	-100.1011	-365.8861	265.785	1.390845	1.996006
45288	-108.6888	-374.7247	266.0359	1.729495	1.58638
45294	-101.3505	-367.8705	266.52	1.938982	1.017614
45300	-96.40036	-362.9888	266.5885	2.082593	0.7761279
45306	-102.8213	-369.3766	266.5553	2.145575	0.7318232
45312	-104.4823	-371.1338	266.6516	1.935347	0.8822927
45318	-102.235	-368.8687	266.6337	1.851065	0.9919559
45324	-96.99496	-363.691	266.6961	1.936797	0.8269031
45330	-97.98388	-364.5163	266.5324	2.082238	0.8494767
45336	-103.043	-369.5536	266.5106	1.967961	0.998212
45342	-103.1796	-369.888	266.7084	1.848294	0.9163774
45348	-98.6806	-365.3562	266.6756	1.881066	0.9163774
45354	-104.0848	-370.7975	266.7127	1.851665	0.9077991
45360	-108.4102	-375.1983	266.7881	1.785486	0.8975356
45366	-109.7066	-376.5348	266.8283	1.844557	0.7736427
45372	-102.779	-369.4881	266.709	2.069141	0.553878
45378	-118.7926	-385.3226	266.53	2.073023	0.8634494
45384	-111.5491	-377.8811	266.332	1.718683	1.370688
45390	-100.4955	-365.0289	264.5334	1.327708	2.827523
45396	-91.11969	-356.5127	265.3931	1.447658	2.215831
45402	-96.53042	-361.9781	265.4477	1.393016	2.215831
45408	-107.1073	-370.7376	263.6303	1.182681	3.451272
45414	-108.91	-374.0057	265.0956	1.416318	2.425383
45420	-104.2069	-370.1187	265.9118	1.237601	2.01362
45426	-98.60841	-364.3417	265.7333	1.443366	1.995495
45432	-125.532	-392.0649	266.5329	2.118584	0.8028719
45438	-127.1122	-392.5764	265.4641	1.727817	1.985286
45444	-113.1915	-377.6074	264.4159	1.111323	3.028841
45450	-109.3878	-372.053	262.6652	1.162188	4.020368
45456	-109.0308	-371.3762	262.3454	1.050959	4.265444
45462	-113.4928	-376.3402	262.8474	1.088406	3.958394
45468	-118.8015	-380.9617	262.1602	1.22836	4.269902
45474	-127.6624	-391.9167	264.2543	1.343063	2.986798
45480	-122.9402	-389.3553	266.4151	1.731852	1.293592
45486	-116.3235	-382.705	266.3815	1.780995	1.280946
45492	-109.8827	-376.1337	266.251	1.911434	1.280946
45498	-115.0219	-381.5472	266.5253	2.073816	0.8680404
45504	-108.8995	-373.6311	264.7316	1.300267	2.723372
45510	-114.3163	-380.7505	266.4341	2.016587	1.025687
45516	-115.9808	-382.3682	266.3874	2.118461	0.9704628
45522	-111.8699	-378.317	266.4471	1.821052	1.192219
45528	-100.0888	-366.6191	266.5303	1.964447	0.9818638
45534	-98.42175	-364.4244	266.0026	1.716264	1.620201
45540	-112.4043	-378.1772	265.7729	1.612977	1.85415
45546	-102.7707	-369.2306	266.4598	1.601741	1.362101
45552	-104.5638	-371.0711	266.5074	1.591587	1.33239
45558	-101.4488	-367.9224	266.4736	1.424745	1.487897
45564	-107.3367	-372.8303	265.4937	1.663422	2.008538
45570	-105.7378	-371.6433	265.9055	1.686968	1.71053
45576	-97.02096	-363.2045	266.1835	1.727682	1.478161
45582	-107.5076	-374.0101	266.5024	1.724698	1.227167
45588	-104.8141	-371.3516	266.5375	1.68965	1.227167
45594	-117.4275	-382.2883	264.8608	1.45967	2.545232
45600	-113.51	-378.304	264.794	1.388518	2.630752
45606	-122.4476	-385.2584	262.8108	1.32022	3.846428
45612	-115.8834	-376.736	260.8526	1.207695	5.01437
45618	-109.8631	-374.4294	264.5663	1.299405	2.824725
45624	-108.0392	-373.1152	265.0761	1.459381	2.410585
45630	-115.2455	-381.4513	266.2057	1.491751	1.635651
45636	-126.9804	-393.0607	266.0803	1.407759	1.783677
45642	-109.0852	-375.3573	266.2721	1.769995	1.377444
45648	-106.5794	-372.7548	266.1753	1.537199	1.624806
45654	-104.8018	-370.3298	265.528	1.687306	1.96966
45660	-107.2499	-371.4772	264.2273	1.634695	2.827003
45666	-105.4114	-369.4614	264.05	1.566788	2.97511
45672	-102.4932	-366.134	263.6408	1.498885	3.259275
45678	-107.7909	-373.3775	265.5866	1.418117	2.109152
45684	-106.5206	-372.7637	266.2431	1.560405	1.558467
45690	-106.6652	-372.0926	265.4273	1.524622	2.143651
45696	-116.1896	-380.9758	264.7863	1.651036	2.472284
45702	-112.6121	-376.9781	264.366	1.773959	2.656965
45708	-112.0459	-378.1586	266.1127	1.738582	1.523115
45714	-113.7961	-379.9221	266.126	1.958705	1.343733
45720	-109.4653	-375.902	266.4368	1.946706	1.089501
45726	-111.4483	-377.6183	266.17	1.801206	1.432456
45732	-99.80831	-365.7598	265.9515	1.67931	1.683345
45738	-102.6251	-368.812	266.187	1.679959	1.511427
45744	-102.5727	-369.2872	266.7144	1.76627	0.9960243
45750	-102.3506	-368.9462	266.5956	1.959572	0.9180372
45756	-108.664	-375.1926	266.5286	2.137206	0.7833693
45762	-113.7312	-379.6787	265.9475	2.811827	0.3977039
45768	-100.2061	-366.3824	266.1763	2.605845	0.473775
45774	-95.75683	-362.0007	266.2439	2.510095	0.3879453
45780	-97.5781	-363.8521	266.274	2.508739	0.5212913
45786	-92.94139	-359.1695	266.2281	2.554601	0.5212913
45792	-102.4173	-368.7119	266.2947	2.488939	0.4997535
45798	-98.9704	-365.2999	266.3295	2.452687	0.4739995
45804	-109.7299	-376.1841	266.4542	2.31805	0.5792096
45810	-104.079	-370.5337	266.4547	2.317527	0.5792096
45816	-102.0797	-368.5909	266.5112	2.200097	0.7149645
45822	-117.7002	-383.8225	266.1223	1.851568	1.430441
45828	-118.0323	-384.016	265.9837	1.854659	1.532736
45834	-108.146	-374.7794	266.6334	2.032897	0.7827492
45840	-109.8729	-375.2996	265.4267	1.823286	1.946384
45846	-108.3823	-372.6166	264.2343	1.636891	2.821395
45852	-114.8897	-379.9871	265.0974	1.885919	2.12314
45858	-113.1785	-378.4627	265.2842	2.294255	1.7204
45864	-112.6041	-377.9367	265.3326	2.226972	1.733721
45870	-124.0209	-390.3141	266.2932	2.169942	1.013502
45876	-133.1	-399.349	266.249	2.05912	1.157389
45882	-118.0239	-384.5458	266.5218	1.891229	1.061831
45888	-119.1656	-385.5946	266.429	2.264577	0.7431795
45894	-124.0893	-390.5483	266.459	2.236616	0.7399946
45900	-133.5177	-399.155	265.6373	1.778641	1.833536
45906	-138.9544	-401.5096	262.5553	1.361146	3.969491
45912	-112.6024	-379.0904	266.488	2.232804	0.6987033
45918	-123.2698	-389.8521	266.5823	2.079307	0.7891388
45924	-113.8288	-380.3938	266.565	2.05856	0.8386105
45930	-125.7649	-392.1112	266.3463	2.140942	0.9894496
45936	-114.9905	-381.4322	266.4417	2.050167	0.9847412
45942	-114.9829	-381.442	266.4591	2.229498	0.7506928
45948	-102.4096	-368.7365	266.3269	2.445889	0.5772122
45954	-102.3027	-367.6296	265.3269	1.315656	2.342747
45960	-114.8229	-377.3915	262.5686	1.492611	3.886545
45966	-109.5873	-372.4098	262.8225	1.367317	3.812641
45972	-119.561	-386.2224	266.6614	1.926334	0.8813277
45978	-102.7944	-369.2796	266.4852	1.973541	1.017807
45984	-107.6017	-369.2337	261.632	0.7692599	4.824612
45990	-104.9273	-371.242	266.3147	2.456547	0.5826595
45996	-101.7311	-368.0714	266.3402	2.421634	0.6116533
46002	-107.5387	-370.351	262.8123	0.8648725	4.10601
46008	-100.9343	-362.597	261.6628	0.8886209	4.740785
46014	-108.9952	-375.3907	266.3955	2.313835	0.7182797
46020	-114.1192	-380.3587	266.2396	2.069987	1.15615
46026	-103.4547	-369.9226	266.468	1.84157	1.15615
46032	-108.4784	-364.6166	256.1382	0.6647158	7.868338
46038	-98.57161	-358.8482	260.2766	0.7660922	5.576288
46044	-102.6741	-369.0468	266.3727	1.701093	1.352436
46050	-99.38426	-365.3524	265.9682	1.618082	1.714941
46056	-104.3803	-370.3017	265.9214	1.511976	1.821513
46062	-111.1851	-376.8435	265.6584	1.619477	1.927543
46068	-116.2782	-380.7455	264.4673	1.673005	2.656762
46074	-108.6177	-373.2454	264.6278	1.912375	2.40763
46080	-108.4491	-368.7138	260.2647	1.38986	5.239167
46086	-113.726	-377.1522	263.4262	1.3778	3.456511
46092	-117.9203	-382.1214	264.2011	1.400249	2.98437
46098	-120.9988	-383.422	262.4231	1.362303	4.044305
46104	-115.587	-380.276	264.6891	1.322716	2.735664
46110	-106.4487	-371.1322	264.6835	1.782538	2.454247
46116	-115.1617	-381.402	266.2402	1.985391	1.228418
46122	-104.3729	-368.2982	263.9253	1.459666	3.113813
46128	-113.6343	-379.1231	265.4887	1.582047	2.065721
46134	-104.1448	-369.5947	265.4499	1.620866	2.065721
46140	-101.7581	-367.4514	265.6933	1.693051	1.853833
46146	-116.026	-382.1129	266.0869	1.704791	1.567127
46152	-112.3034	-377.9878	265.6844	1.576766	1.938818
46158	-116.8097	-382.1912	265.3814	1.597592	2.125965
46164	-113.2982	-379.6015	266.3033	2.092515	1.078006
46170	-107.6578	-373.8192	266.1614	2.107341	1.191701
46176	-108.4378	-374.8861	266.4483	2.113474	0.9107195
46182	-111.9863	-378.0137	266.0275	1.961216	1.419022
46188	-109.7288	-375.6196	265.8908	2.036239	1.4662
46194	-110.2093	-375.9421	265.7327	1.709517	1.815399
46200	-124.2982	-389.3295	265.0313	1.876849	2.172148
46206	-117.8129	-383.4841	265.6711	1.731778	1.842467
46212	-128.6061	-394.345	265.7389	2.204683	1.453583
46218	-120.7183	-386.1977	265.4793	2.33185	1.552817
46224	-125.5433	-391.5064	265.9632	2.42971	1.080772
46230	-120.6481	-386.3414	265.6933	1.378655	2.064926
46236	-117.8302	-383.8577	266.0275	1.646999	1.65214
46242	-124.7707	-390.881	266.1103	2.400062	0.9657414
46248	-126.832	-392.2665	265.4346	2.460027	1.490695
46254	-121.8016	-387.9999	266.1983	1.864899	1.360849
46260	-132.2374	-391.7167	259.4793	1.706785	5.497495
46266	-130.0714	-394.7048	264.6334	1.706185	2.533352
46272	-120.9788	-386.8179	265.8392	1.785551	1.687699
46278	-123.6196	-388.6966	265.077	1.481331	2.396165
46284	-118.6253	-384.0671	265.4418	1.884944	1.894443
46290	-137.7268	-400.8711	263.1443	1.539375	3.526727
46296	-127.9517	-393.4498	265.4981	1.880928	1.858818
46302	-128.179	-393.0453	264.8664	2.169665	2.088591
46308	-111.0204	-376.0212	265.0008	2.035285	2.088591
46314	-112.511	-376.4398	263.9288	1.779274	2.920167
46320	-109.5932	-372.9961	263.4028	1.529659	3.381243
46326	-110.9871	-374.5952	263.6081	1.757673	3.125223
46332	-111.8439	-377.5107	265.6667	1.973037	1.67698
46338	-114.7299	-381.1692	266.4393	2.1766	0.847975
46344	-113.5128	-379.6755	266.1627	2.395798	0.9143735
46350	-112.4157	-378.8011	266.3853	2.30029	0.7551657
46356	-116.3038	-382.9403	266.6365	2.049886	0.7540653
46362	-116.7124	-383.3021	266.5897	2.014834	0.8615995
46368	-108.8711	-375.1965	266.3254	1.68283	1.403914
46374	-110.4373	-376.3059	265.8686	1.392566	1.938814
46380	-120.5756	-385.6625	265.0869	1.420454	2.428285
46386	-118.566	-383.9138	265.3478	1.449092	2.244072
46392	-107.8498	-371.4229	263.5731	1.630814	3.221316
46398	-111.1977	-375.815	264.6173	1.721215	2.534017
46404	-120.7421	-385.3597	264.6176	1.338538	2.769684
46410	-113.8579	-378.6296	264.7717	1.271887	2.716216
46416	-110.4119	-374.8238	264.412	1.508502	2.791407
46422	-121.4321	-385.966	264.5339	2.117842	2.336948
46428	-111.9566	-377.2622	265.3055	1.765518	2.065555
46434	-115.4819	-380.4597	264.9777	1.995704	2.129628
46440	-131.0579	-397.5697	266.5118	1.764608	1.185048
46446	-124.3141	-390.1049	265.7908	1.833453	1.688016
46452	-116.2319	-381.7201	265.4883	1.563269	2.078414
46458	-112.2459	-377.7119	265.4661	1.70508	1.999164
46464	-113.7818	-379.443	265.6612	1.665982	1.894171
46470	-115.9648	-381.6271	265.6623	1.738349	1.844035
46476	-109.5415	-375.354	265.8125	1.946129	1.591344
46482	-107.6025	-370.305	262.7026	1.490011	3.811029
46488	-112.4284	-374.9606	262.5321	1.431547	3.942432
46494	-103	-367.1691	264.1691	1.396222	3.006035
46500	-99.95463	-364.0174	264.0628	1.209174	3.180988
46506	-97.87802	-362.5857	264.7077	1.334338	2.717142
46512	-95.62446	-359.8234	264.1989	1.139251	3.141647
46518	-94.5716	-359.011	264.4394	1.282837	2.911604
46524	-101.46	-365.1215	263.6615	1.38927	3.311692
46530	-108.3279	-373.8672	265.5394	1.444022	2.123126
46536	-97.47645	-363.1803	265.7039	1.549043	1.944403
46542	-89.29291	-354.9672	265.6743	1.578597	1.944403
46548	-97.85451	-363.2551	265.4006	1.586292	2.12081
46554	-105.8869	-371.5655	265.6786	1.278212	2.140465
46560	-109.6147	-374.8995	265.2848	1.352758	2.345929
46566	-108.7772	-373.0784	264.3012	1.355155	2.951327
46572	-114.0596	-380.1645	266.1049	1.496182	1.704434
46578	-113.9717	-380.2733	266.3016	1.315303	1.693251
46584	-106.3594	-372.5407	266.1813	1.435641	1.693251
46590	-104.7204	-371.361	266.6406	1.696787	1.131384
46596	-109.3676	-375.8066	266.439	1.749558	1.259419
46602	-110.9961	-377.557	266.5609	2.033643	0.8734756
46608	-114.9498	-381.5472	266.5974	2.094742	0.745406
46614	-116.8456	-383.2136	266.368	2.406081	0.4340959
46620	-103.7321	-370.0671	266.335	2.446028	0.4650023
46626	-101.8543	-368.2358	266.3815	2.39609	0.4471102
46632	-106.4408	-372.678	266.2372	2.504658	0.3690778
46638	-105.1991	-371.2917	266.0926	2.621283	0.3357467
46644	-99.42361	-365.4574	266.0337	2.621283	0.2873784
46650	-101.288	-367.4348	266.1468	2.613287	0.3993107
46656	-99.52238	-365.7829	266.2605	2.486403	0.376567
46662	-106.2957	-372.7079	266.4121	2.369442	0.4689835
46668	-106.4827	-372.8632	266.3805	2.401088	0.4689835
46674	-109.73	-376.2988	266.5688	1.783531	1.117979
46680	-94.23964	-360.8046	266.5649	1.845827	1.064039
46686	-92.14585	-358.7557	266.6098	1.800901	1.064039
46692	-94.08074	-360.4289	266.3482	1.63236	1.425291
46698	-97.3914	-363.4577	266.0663	1.432588	1.776121
46704	-105.5733	-371.6506	266.0773	1.661763	1.605595
46710	-97.25951	-363.1948	265.9353	1.686394	1.689862
46716	-109.4342	-375.1974	265.7632	1.637489	1.843966
46722	-111.1433	-377.2064	266.0631	1.497411	1.733087
46728	-106.8854	-372.7632	265.8778	1.628349	1.771093
46734	-121.2735	-387.7006	266.4272	2.322477	0.6418439
46740	-110.4812	-377.0546	266.5734	2.118111	0.746249
46746	-119.417	-385.9295	266.5124	2.142883	0.7977005
46752	-102.3173	-368.6645	266.3472	1.929691	1.184619
46758	-92.86774	-359.1274	266.2596	1.708541	1.434808
46764	-93.42406	-357.8781	264.4541	1.527448	2.754169
46770	-87.50301	-353.363	265.86	1.507425	1.866752
46776	-89.49637	-355.4184	265.9221	1.472295	1.848322
46782	-97.2405	-361.9123	264.6718	1.397275	2.700593
46788	-97.56318	-363.4479	265.8847	1.556031	1.816453
46794	-90.69766	-356.827	266.1293	1.650984	1.575509
46800	-98.82712	-364.8764	266.0493	1.468772	1.762802
46806	-98.77659	-364.8733	266.0968	1.666944	1.587647
46812	-101.5866	-367.4946	265.9079	1.448891	1.873989
46818	-93.58268	-359.0902	265.5075	1.394842	2.175946
46824	-94.39354	-358.8516	264.4581	1.269989	2.90809
46830	-86.9362	-350.6108	263.6746	1.17588	3.429319
46836	-86.97267	-352.6515	265.6788	1.387084	2.068947
46842	-92.32122	-358.3095	265.9883	1.606161	1.709157
46848	-97.09928	-362.629	265.5297	1.389708	2.164845
46854	-99.48039	-363.269	263.7886	1.404898	3.22745
46860	-107.3781	-371.6967	264.3186	1.635149	2.771127
46866	-111.9634	-376.4145	264.4512	1.652979	2.679036
46872	-123.3252	-388.8382	265.513	1.643146	2.009151
46878	-125.2761	-391.6124	266.3362	1.73018	1.358273
46884	-117.3574	-383.9475	266.5901	1.969062	0.9136496
46890	-117.8012	-384.3037	266.5025	2.056684	0.9136496
46896	-131.1618	-397.6771	266.5153	2.215821	0.679876
46902	-107.0317	-373.5919	266.5602	2.126471	0.7536283
46908	-108.4908	-374.8828	266.3921	2.360276	0.6356506
46914	-103.7372	-370.3125	266.5753	2.174725	0.6410154
46920	-115.6654	-382.2541	266.5887	2.162943	0.6372246
46926	-112.7426	-379.0107	266.2681	2.381434	0.8053497
46932	-112.3778	-378.953	266.5752	2.103639	0.7650627
46938	-99.27796	-365.7994	266.5214	2.138348	0.7916848
46944	-104.4133	-370.8835	266.4702	2.15878	0.8317882
46950	-110.3541	-376.6865	266.3325	2.43041	0.6087349
46956	-112.4728	-378.6469	266.1741	2.608192	0.5259217
46962	-108.8013	-375.0992	266.2979	2.238667	0.9381979
46968	-105.7872	-372.1534	266.3662	2.322375	0.75067
46974	-107.2348	-373.5952	266.3604	2.228871	0.8795433
46980	-111.4599	-378.0628	266.6029	1.986454	0.8795433
46986	-104.3673	-370.1947	265.8273	1.809896	1.678815
46992	-98.53017	-364.8771	266.3469	1.897269	1.212706
46998	-102.8816	-369.1651	266.2835	1.960673	1.212706
47004	-113.0726	-379.4205	266.3479	2.071689	1.055639
47010	-107.1756	-373.5224	266.3468	2.255725	0.8640282
47016	-106.302	-372.7869	266.4849	2.222102	0.7220746
47022	-120.54	-386.7136	266.1736	2.609906	0.5069693
47028	-124.9651	-391.1879	266.2228	2.556086	0.5499934
47034	-106.5804	-373.0017	266.4213	2.357634	0.5499934
47040	-107.0814	-373.3302	266.2488	2.534661	0.490771
47046	-109.6176	-375.7373	266.1197	2.657947	0.4474205
47052	-115.3648	-381.5178	266.1529	2.611146	0.4075598
47058	-113.1797	-379.1417	265.962	2.775233	0.3627602
47064	-103.361	-369.6605	266.2995	2.48302	0.4774413
47070	-110.4603	-376.6583	266.198	2.575613	0.4325444
47076	-105.919	-372.2822	266.3632	2.419994	0.4861925
47082	-127.164	-392.739	265.575	2.952774	0.2220402
47088	-119.4557	-385.1305	265.6748	2.864778	0.2268638
47094	-116.5531	-382.1214	265.5683	3.032059	0.2550323
47100	-128.4303	-394.9443	266.514	2.143953	0.7941807
47106	-134.2433	-400.6646	266.4214	2.303567	0.6913569
47112	-118.2391	-384.4549	266.2158	2.565907	0.4701481
47118	-115.8295	-381.8613	266.0318	2.722012	0.3876457
47124	-118.7029	-384.7353	266.0325	2.718698	0.3832132
47130	-124.7565	-390.7623	266.0058	2.752723	0.3962637
47136	-119.7069	-386.2097	266.5027	2.280271	0.4828369
47142	-127.0257	-393.4442	266.4185	2.340315	0.6197503
47148	-120.7563	-386.9784	266.2222	2.560336	0.5238086
47154	-122.3238	-388.7847	266.4609	2.322349	0.5133232
47160	-112.4178	-379.1422	266.7244	1.982362	0.7224671
47166	-118.9819	-385.5375	266.5556	2.017997	0.8974608
47172	-124.6675	-391.4361	266.7686	1.93514	0.7272361
47178	-118.2542	-384.8299	266.5757	2.149653	0.6906224
47184	-116.7385	-383.1924	266.454	2.30493	0.6195232
47190	-117.5283	-383.5749	266.0466	2.670667	0.3393002
47196	-99.89819	-366.1406	266.2424	2.488761	0.3550252
47202	-102.2247	-368.5984	266.3737	2.406836	0.4619223
47208	-107.4864	-374.0465	266.5601	2.160829	0.6984049
47214	-111.9471	-378.4664	266.5193	2.260662	0.5437623
47220	-111.5958	-378.0642	266.4684	2.305401	0.4332219
47226	-110.5965	-376.9289	266.3324	2.441475	0.4334056
47232	-100.533	-366.9162	266.3833	2.397811	0.4652385
47238	-108.7052	-375.1288	266.4236	2.358968	0.477945
47244	-107.269	-373.7567	266.4877	2.294442	0.5279239
47250	-109.7894	-376.1322	266.3429	2.439978	0.4807142
47256	-107.0177	-373.3301	266.3123	2.44939	0.4026094
47262	-107.1597	-373.473	266.3133	2.469762	0.4844174
47268	-112.2339	-378.7641	266.5302	2.186652	0.7056242
47274	-109.0668	-375.1318	266.0649	2.638246	0.3253323
47280	-116.5174	-382.99	266.4727	2.310494	0.5151193
47286	-114.4727	-380.8495	266.3769	2.374989	0.6367448
47292	-100.2276	-366.8214	266.5938	2.158482	0.635754
47298	-113.9095	-380.447	266.5375	2.168004	0.7244779
47304	-128.7404	-394.8855	266.1451	1.741581	1.49667
47310	-114.3961	-381.0463	266.6502	2.084402	0.6732857
47316	-116.2832	-382.8503	266.5672	2.145525	0.7126514
47322	-141.4231	-403.4147	261.9916	1.506227	4.207952
47328	-128.2402	-392.5463	264.3061	1.294947	2.984567
47334	-101.8028	-368.3384	266.5355	2.234172	0.4212553
47340	-109.5173	-375.8605	266.3432	2.432816	0.4409096
47346	-109.3473	-375.6258	266.2785	2.46673	0.3739487
47352	-122.6725	-388.9628	266.2902	2.485256	0.4390065
47358	-128.0641	-394.2078	266.1437	2.602228	0.3750475
47364	-129.7998	-395.8369	266.0371	2.706149	0.3711208
47370	-125.5758	-390.0292	264.4533	3.586212	0.1086096
47376	-121.3985	-386.0395	264.641	3.429675	0.1130473
47382	-111.669	-376.31	264.641	3.429675	0.1130473
47388	-113.7968	-378.979	265.1821	3.042789	0.1388968
47394	-116.3859	-381.7103	265.3243	3.062372	0.17579
47400	-115.7437	-381.5566	265.8129	2.766867	0.2447848
47406	-121.477	-387.3496	265.8726	2.766867	0.2773042
47412	-120.7136	-386.3486	265.635	2.861194	0.2100408
47418	-118.6668	-384.1794	265.5126	2.873596	0.1756432
47424	-134.2616	-399.4426	265.181	3.057994	0.1416417
47430	-122.7241	-388.3447	265.6206	2.874786	0.2097296
47436	-134.4934	-400.1319	265.6385	2.927349	0.2382727
47442	-125.0365	-390.72	265.6834	2.797282	0.2045556
47448	-131.1428	-397.5298	266.3869	2.394716	0.4694614
47454	-135.7231	-402.2851	266.562	2.221558	0.4960687
47460	-123.0697	-389.4911	266.4214	2.332605	0.6318061
47466	-116.5763	-382.6842	266.1079	2.039985	1.292827
47472	-120.6277	-387.2994	266.6718	1.989237	0.7900407
47478	-111.1243	-377.8251	266.7008	1.990279	0.7469867
47484	-108.0089	-374.4783	266.4694	2.208591	0.7662904
47490	-95.4399	-362.0112	266.5713	2.161187	0.6773168
47496	-110.3596	-377.0876	266.728	1.938943	0.7818055
47502	-100.4417	-367.2784	266.8367	1.859075	0.739743
47508	-97.06515	-363.6378	266.5727	1.742017	1.151599
47514	-101.5883	-368.3742	266.7859	1.750495	0.9383552
47520	-105.3419	-371.1847	265.8428	2.01007	1.521923
47526	-111.532	-378.1337	266.6017	1.89424	0.9806467
47532	-126.7658	-392.9522	266.1864	2.597211	0.4997283
47538	-120.0511	-386.1671	266.116	2.630041	0.3752034
47544	-122.8934	-388.343	265.4496	1.811485	1.938917
47550	-118.0057	-384.1649	266.1592	1.893951	1.368782
47556	-117.4244	-383.7056	266.2812	1.75662	1.3808
47562	-128.0228	-394.3629	266.3401	1.994058	1.134316
47568	-130.8829	-397.1799	266.297	1.986146	1.17924
47574	-127.1441	-393.8012	266.6571	2.014792	0.7749189
47580	-118.8403	-384.94	266.0997	2.681117	0.4636544
47586	-121.015	-387.1808	266.1658	2.614929	0.4633923
47592	-113.4008	-379.7484	266.3477	2.404325	0.6364381
47598	-123.3455	-389.7857	266.4402	2.341654	0.5303188
47604	-120.0147	-386.2463	266.2315	2.472509	0.7268195
47610	-118.5199	-384.9995	266.4796	2.224464	0.7268195
47616	-122.2244	-388.6449	266.4206	1.973248	1.079896
47622	-114.1651	-380.552	266.3869	2.343535	0.6812131
47628	-105.9006	-372.44	266.5394	2.103005	0.814641
47634	-109.9008	-376.4009	266.5001	2.048588	0.9251237
47640	-97.36507	-363.6808	266.3157	2.425826	0.6593332
47646	-93.2835	-359.7924	266.5089	2.110796	0.8433769
47652	-89.84746	-356.3821	266.5346	2.163821	0.7356073
47658	-94.39038	-360.8946	266.5042	2.090627	0.8730922
47664	-99.83746	-366.3018	266.4643	2.211148	0.7698828
47670	-95.84987	-362.4656	266.6157	1.889254	0.9713514
47676	-99.28514	-365.7751	266.49	2.09679	0.8824733
47682	-108.7345	-375.1482	266.4137	2.151021	0.9075084
47688	-104.4895	-370.9305	266.4409	1.854638	1.168432
47694	-101.755	-368.3975	266.6425	1.864845	0.968935
47700	-95.35309	-361.8204	266.4673	1.885642	1.117385
47706	-101.8001	-368.4037	266.6036	1.698999	1.162254
47712	-97.92627	-364.1315	266.2053	1.784509	1.41817
47718	-95.29687	-361.722	266.4251	1.928283	1.116977
47724	-97.2763	-363.891	266.6147	1.989545	0.8619801
47730	-97.65148	-364.1788	266.5273	1.992213	0.9562447
47736	-92.78903	-359.4361	266.6471	2.011065	0.7938952
47742	-94.85771	-360.9418	266.0841	2.111383	1.253685
47748	-97.90392	-363.9759	266.072	1.776533	1.525151
47754	-94.6046	-360.8564	266.2518	1.469526	1.618427
47760	-96.19891	-361.5383	265.3394	1.35865	2.307414
47766	-89.33355	-352.743	263.4094	1.473894	3.410066
47772	-90.92289	-354.4555	263.5326	1.104605	3.553777
47778	-95.69044	-361.6705	265.98	1.640945	1.690352
47784	-95.34299	-361.3851	266.0421	1.726281	1.584222
47790	-100.3691	-366.6453	266.2762	1.835302	1.322299
47796	-105.5933	-372.161	266.5677	1.892906	1.016052
47802	-110.109	-376.7495	266.6405	1.762245	1.071577
47808	-102.9346	-369.4363	266.5016	1.90109	1.071577
47814	-104.3701	-370.8331	266.463	2.110343	0.8977551
47820	-100.4147	-366.9071	266.4923	2.280932	0.5753609
47826	-105.9766	-372.3363	266.3596	2.197118	0.9162679
47832	-106.8729	-373.3491	266.4762	2.129186	0.8606605
47838	-103.0718	-369.4699	266.3981	1.887262	1.177286
47844	-129.4869	-396.0496	266.5627	1.917891	0.9961667
47850	-122.3431	-388.5306	266.1874	1.696031	1.499048
47856	-121.983	-387.5703	265.5872	1.594075	1.992384
47862	-122.9205	-388.5346	265.6141	1.578234	1.985014
47868	-110.9486	-376.4721	265.5235	1.415432	2.152157
47874	-120.6348	-386.8546	266.2198	1.484791	1.630534
47880	-110.887	-375.9888	265.1018	1.218477	2.545365
47886	-111.9248	-376.6885	264.7637	1.556581	2.545365
47892	-108.9753	-375.0573	266.082	1.689425	1.581978
47898	-104.9376	-370.9064	265.9688	1.861901	1.538411
47904	-104.8665	-371.1237	266.2572	2.5088	0.4119005
47910	-103.8106	-370.1879	266.3773	2.385889	0.405645
47916	-107.2055	-373.5704	266.3649	2.400812	0.4112217
47922	-109.5289	-375.7723	266.2433	2.514992	0.3958544
47928	-113.1279	-378.5188	265.3909	3.072154	0.1985812
47934	-123.4083	-389.7052	266.2968	1.327265	1.688133
47940	-113.6286	-378.7381	265.1095	3.240634	0.1662937
47946	-114.3602	-379.1677	264.8075	3.44885	0.1451232
47952	-119.2399	-384.3675	265.1276	3.22035	0.1657428
47958	-125.2302	-390.2286	264.9983	3.274336	0.1485232
47964	-122.0772	-387.4996	265.4224	3.125086	0.2301812
47970	-108.2894	-373.4106	265.1212	1.829464	2.144478
47976	-114.6404	-378.7873	264.1469	1.460891	2.980516
47982	-113.2549	-378.9863	265.7314	1.46737	1.980749
47988	-110.5923	-376.1109	265.5186	1.516038	2.089493
47994	-125.5577	-392.0586	266.5009	2.108787	0.8554547
48000	-116.2003	-382.5546	266.3543	2.040476	1.07902
48006	-111.9952	-378.6488	266.6535	2.018545	0.7746739
48012	-107.1739	-373.7625	266.5887	2.082082	0.7765593
48018	-116.1245	-382.408	266.2835	2.38722	0.7765593
48024	-115.2471	-381.8189	266.5718	2.167511	0.6639829
48030	-113.5437	-379.6146	266.0709	1.757822	1.539866
48036	-115.5108	-381.3715	265.8607	1.520076	1.857662
48042	-103.0681	-369.7697	266.7016	1.9464	0.8073692
48048	-101.5673	-367.9483	266.3811	1.998056	1.093511
48054	-102.2983	-368.8704	266.572	1.869631	1.034492
48060	-103.7074	-370.221	266.5135	1.928125	1.034492
48066	-106.9868	-373.4236	266.4368	2.317637	0.630588
48072	-112.0991	-378.573	266.4739	2.280581	0.630588
48078	-113.728	-380.1383	266.4103	2.326989	0.6679409
48084	-109.3406	-375.8119	266.4713	2.271215	0.6574179
48090	-115.2139	-381.7821	266.5682	2.190558	0.6198039
48096	-105.0379	-371.5091	266.4712	2.30138	0.578057
48102	-108.8273	-375.3228	266.4955	2.217024	0.7128454
48108	-115.8583	-382.3212	266.4629	2.293796	0.6250826
48114	-115.0821	-381.4532	266.3711	2.402772	0.5730122
48120	-108.5753	-374.5971	266.0218	2.728543	0.3818986
48126	-106.9478	-372.9755	266.0277	2.718744	0.3757236
48132	-105.6719	-371.5405	265.8686	2.80448	0.3002053
48138	-111.6132	-377.2674	265.6542	2.874246	0.222329
48144	-117.2807	-382.8991	265.6185	2.989855	0.2592761
48150	-112.875	-378.6186	265.7437	2.869009	0.2616327
48156	-122.3276	-387.921	265.5933	3.076105	0.2975343
48162	-118.7916	-384.4983	265.7066	2.938066	0.2805958
48168	-119.4289	-385.0558	265.6269	2.955761	0.2461724
48174	-114.1844	-380.0853	265.9009	2.815195	0.3380444
48180	-120.8896	-386.7014	265.8118	2.90001	0.3336997
48186	-124.2126	-389.9872	265.7746	2.877221	0.2852111
48192	-115.3501	-381.1117	265.7616	2.941812	0.32558
48198	-105.3272	-371.5666	266.2394	2.541575	0.4647622
48204	-112.7688	-378.9451	266.1764	2.60482	0.4660336
48210	-124.9211	-391.2192	266.2981	1.883717	1.265005
48216	-113.345	-379.383	266.038	1.841883	1.501752
48222	-116.3347	-382.1196	265.7848	2.880633	0.2946408
48228	-109.7444	-375.5292	265.7848	2.880633	0.2946408
48234	-110.3593	-376.1501	265.7908	2.874714	0.2946408
48240	-135.1097	-397.1031	261.9934	1.515905	4.201428
48246	-114.8613	-380.5158	265.6545	1.560257	1.97
48252	-104.4279	-369.9438	265.5158	1.711375	1.961656
48258	-100.7616	-367.1504	266.3889	1.975515	1.107023
48264	-117.9185	-384.1418	266.2233	1.814691	1.380659
48270	-117.5712	-382.9494	265.3783	3.087513	0.1994978
48276	-99.92587	-365.2506	265.3248	3.14104	0.1994978
48282	-114.2914	-380.7214	266.4299	1.990696	1.054658
48288	-112.1342	-378.8005	266.6663	2.065525	0.6785423
48294	-94.26866	-359.5181	265.2495	3.105348	0.1674577
48300	-100.9105	-366.0614	265.1509	3.181283	0.1619032
48306	-104.1178	-369.2681	265.1503	3.181891	0.1619032
48312	-100.278	-365.256	264.978	3.348618	0.1605756
48318	-99.13283	-364.2687	265.1359	3.267689	0.1804525
48324	-128.1388	-394.7787	266.6399	2.038134	0.7661774
48330	-96.26968	-361.3154	265.0457	3.18055	0.1391574
48336	-98.89428	-363.704	264.8097	3.39759	0.1355703
48342	-97.60228	-362.5991	264.9968	3.287683	0.1510525
48348	-103.6304	-368.4001	264.7697	3.384285	0.1261165
48354	-105.3281	-370.0209	264.6928	3.480683	0.1294723
48360	-119.4379	-385.482	266.0441	2.712452	0.3925753
48366	-105.4704	-371.8117	266.3413	2.420635	0.4029923
48372	-99.06382	-363.9758	264.912	3.353501	0.1470158
48378	-107.0778	-372.3868	265.3091	3.121436	0.1883221
48384	-114.2836	-380.9826	266.6991	2.037943	0.6684919
48390	-108.7437	-374.9442	266.2005	1.817351	1.396387
48396	-109.2145	-375.5463	266.3318	2.043624	1.096906
48402	-100.6176	-365.6937	265.0761	3.298963	0.1726806
48408	-108.5348	-374.4648	265.9299	2.79248	0.3448648
48414	-107.8441	-374.0463	266.2021	2.579395	0.46855
48420	-100.9986	-367.4608	266.4622	2.31964	0.529994
48426	-101.2541	-367.753	266.4989	2.283315	0.4742375
48432	-103.2904	-369.727	266.4366	2.265028	0.7307057
48438	-95.13609	-361.682	266.5459	2.208321	0.6311244
48444	-99.94283	-366.4709	266.5281	2.251656	0.5452426
48450	-108.1252	-374.6485	266.5233	2.173315	0.7385651
48456	-109.3458	-375.5651	266.2192	2.563	0.5266571
48462	-122.1424	-388.3618	266.2194	2.563	0.4760545
48468	-110.0815	-376.2595	266.1779	2.595996	0.4335774
48474	-121.6988	-388.1156	266.4168	2.267644	0.7569228
48480	-118.8498	-385.2468	266.397	2.257695	0.7985723
48486	-123.6781	-389.9632	266.2851	2.482659	0.5944248
48492	-127.6661	-394.0331	266.367	2.399956	0.5967813
48498	-122.8744	-389.173	266.2986	2.482541	0.4659844
48504	-98.60736	-364.9947	266.3873	2.333	0.6995201
48510	-113.4925	-379.7924	266.3	2.482541	0.5236983
48516	-105.7027	-371.6615	265.9588	2.788136	0.3764798
48522	-103.9124	-369.6878	265.7754	2.908073	0.3082735
48528	-119.6044	-385.3921	265.7877	2.844319	0.2727135
48534	-112.1858	-377.9588	265.773	2.85897	0.2727135
48540	-117.9283	-383.5417	265.6133	2.948404	0.2364167
48546	-119.7228	-385.2788	265.556	3.005737	0.2364167
48552	-111.9289	-377.436	265.5071	3.005737	0.2161982
48558	-118.3764	-383.8218	265.4454	3.100653	0.2295675
48564	-102.5392	-369.0159	266.4767	2.081856	0.9142814
48570	-94.17992	-360.8647	266.6847	2.044241	0.6839274
48576	-97.83579	-364.4331	266.5973	2.071567	0.779168
48582	-101.558	-368.0414	266.4834	2.266576	0.6409937
48588	-99.84071	-366.248	266.4073	2.376244	0.4952047
48594	-92.65306	-359.1254	266.4723	2.301401	0.573584
48600	-93.33291	-359.795	266.4621	2.301401	0.6071431
48606	-92.38556	-358.9145	266.529	2.251016	0.5436152
48612	-120.7539	-386.024	265.2702	3.200073	0.2009769
48618	-114.2402	-379.439	265.1988	3.268346	0.1999457
48624	-112.8121	-378.8981	266.086	2.645131	0.3550256
48630	-112.8277	-378.5533	265.7255	2.936783	0.2924012
48636	-106.5213	-372.2142	265.6928	2.863908	0.2341912
48642	-107.7269	-373.1241	265.3972	3.112699	0.2151075
48648	-114.6197	-380.1057	265.486	3.015318	0.2119095
48654	-101.3904	-366.9864	265.596	2.986217	0.2459293
48660	-110.9428	-376.6853	265.7425	2.918159	0.2912429
48666	-100.6133	-366.5771	265.9638	2.804402	0.4172823
48672	-105.8985	-371.9312	266.0328	2.706783	0.3658832
48678	-110.385	-376.1605	265.7755	2.923943	0.3219415
48684	-112.0769	-377.9697	265.8928	2.806652	0.3219415
48690	-113.6521	-380.1847	266.5326	2.027325	0.9127925
48696	-115.8973	-382.3685	266.4712	1.710487	1.265076
48702	-116.733	-381.7354	265.0024	1.858084	2.203022
48708	-125.5531	-389.3957	263.8426	1.762301	2.982273
48714	-120.491	-384.3437	263.8527	1.828882	2.936146
48720	-123.6991	-388.5772	264.8781	1.683237	2.394215
48726	-113.2901	-378.3989	265.1088	1.618609	2.288653
48732	-110.0209	-376.2654	266.2446	1.659903	1.48326
48738	-115.3619	-381.4351	266.0732	1.391502	1.799896
48744	-132.1877	-398.6027	266.415	2.359526	0.5705597
48750	-123.4512	-389.7714	266.3202	2.451931	0.5794837
48756	-117.0007	-383.5764	266.5756	2.207318	0.518497
48762	-112.7731	-379.3702	266.5971	2.080812	0.7663325
48768	-106.5106	-373.0222	266.5116	2.222597	0.6740422
48774	-103.7055	-370.1308	266.4253	2.358166	0.491235
48780	-108.3823	-374.9294	266.5471	2.158383	0.724534
48786	-108.4689	-374.8945	266.4256	1.866224	1.171693
48792	-108.9756	-374.909	265.9334	1.847353	1.575211
48798	-104.0952	-370.7504	266.6553	1.99521	0.8041687
48804	-101.4015	-367.7838	266.3823	2.260677	0.8139967
48810	-110.7633	-377.1935	266.4302	2.212767	0.8139967
48816	-119.4662	-386.0312	266.565	2.049268	0.8499921
48822	-125.505	-392.0912	266.5861	2.10485	0.7471094
48828	-118.1318	-384.6253	266.4934	2.220738	0.7101285
48834	-105.865	-372.4803	266.6153	2.027955	0.8136389
48840	-97.70422	-364.2478	266.5436	2.233814	0.5578088
48846	-94.37977	-360.9002	266.5204	2.198472	0.7020518
48852	-100.3236	-366.8298	266.5062	2.214774	0.6983692
48858	-112.672	-379.0069	266.3349	2.401132	0.6704431
48864	-106.6783	-373.2232	266.5449	2.098379	0.8135167
48870	-109.0299	-375.5029	266.473	2.192524	0.7838105
48876	-102.2551	-368.6737	266.4186	2.017001	1.040365
48882	-108.6849	-374.8748	266.1899	1.697546	1.496058
48888	-113.0413	-379.375	266.3336	1.50984	1.528908
48894	-108.8706	-375.1174	266.2468	1.740525	1.420034
48900	-107.2421	-373.8993	266.6573	1.861877	0.9566345
48906	-106.7232	-373.0714	266.3482	1.801595	1.291285
48912	-107.5771	-374.0086	266.4315	2.098374	0.9453576
48918	-114.5037	-380.887	266.3833	1.65719	1.378726
48924	-104.4251	-370.8125	266.3874	1.893984	1.180775
48930	-115.7003	-382.6009	266.9006	1.69296	0.8745494
48936	-115.9022	-382.1066	266.2044	1.867305	1.354073
48942	-108.7504	-375.1516	266.4012	1.998794	1.074157
48948	-115.8956	-382.5206	266.625	2.060959	0.7545629
48954	-123.9733	-389.3472	265.3739	1.725693	2.046688
48960	-114.0074	-380.1292	266.1218	1.743133	1.512957
48966	-111.1082	-377.6583	266.5501	1.834502	1.088439
48972	-115.6773	-382.2181	266.5407	1.843869	1.088439
48978	-121.1704	-387.4469	266.2765	1.916672	1.255623
48984	-106.5557	-371.5965	265.0408	2.016407	2.074691
48990	-109.1237	-375.4487	266.3249	1.819836	1.295402
48996	-114.6366	-381.1716	266.535	1.721779	1.201994
49002	-111.4287	-377.9618	266.5331	1.953116	0.9904989
49008	-111.1858	-377.6986	266.5128	2.092097	0.8611998
49014	-113.9203	-380.4952	266.5749	2.110147	0.7559746
49020	-117.1137	-383.5835	266.4698	1.988779	1.017978
49026	-111.9606	-378.6959	266.7352	1.876782	0.8526999
49032	-117.3237	-383.1147	265.791	1.811208	1.703642
49038	-104.8145	-371.0995	266.285	1.653227	1.457693
49044	-111.5645	-377.734	266.1694	1.838344	1.404236
49050	-101.1464	-367.866	266.7196	1.726644	1.030035
49056	-104.9178	-371.4836	266.5658	1.671214	1.218782
49062	-102.0542	-368.5916	266.5374	1.505449	1.376811
49068	-92.49434	-359.0601	266.5658	1.887811	1.022899
49074	-92.63579	-359.3269	266.6911	1.896486	0.8815432
49080	-98.44123	-365.2118	266.7705	1.967429	0.6666219
49086	-100.6528	-367.162	266.5093	2.25823	0.5951618
49092	-90.11297	-356.8211	266.7082	2.025237	0.6755534
49098	-84.40778	-350.572	266.1642	2.531132	0.3182292
49104	-93.16809	-359.2949	266.1268	2.617907	0.3731742
49110	-98.2182	-364.4842	266.266	2.499131	0.4100268
49116	-95.86727	-362.1823	266.315	2.459587	0.4358445
49122	-97.71776	-363.8507	266.1329	2.569092	0.3242793
49128	-106.6628	-372.612	265.9492	2.727782	0.3031806
49134	-99.62971	-365.5214	265.8917	2.785229	0.3031806
49140	-107.8705	-373.2383	265.3679	3.063466	0.1885721
49146	-112.8225	-378.8581	266.0356	2.665584	0.3234595
49152	-106.9884	-372.814	265.8256	2.802052	0.270142
49158	-100.9553	-366.6517	265.6964	2.87299	0.2398997
49164	-102.4162	-368.3142	265.898	2.746314	0.2803212
49170	-108.7507	-374.2529	265.5022	3.055152	0.2344741
49176	-102.3846	-367.6895	265.3049	3.049879	0.1674584
49182	-110.1461	-375.9652	265.8191	2.771668	0.2501566
49188	-109.924	-375.7715	265.8475	2.771668	0.2652344
49194	-117.1225	-383.0487	265.9262	2.745398	0.2991336
49200	-109.9283	-375.9583	266.03	2.715511	0.3743615
49206	-126.0386	-392.1969	266.1582	2.610861	0.4195809
49212	-121.3007	-387.5007	266.2001	2.554015	0.3881428
49218	-122.124	-388.3493	266.2253	2.500305	0.3484611
49224	-128.111	-394.188	266.0771	2.700605	0.4475788
49230	-116.3294	-382.3882	266.0588	2.718258	0.4448578
49236	-112.1269	-378.0998	265.9729	2.713471	0.3106346
49242	-118.6245	-384.8452	266.2208	2.559137	0.4582611
49248	-119.4607	-385.9089	266.4482	2.314424	0.6096112
49254	-109.0207	-375.643	266.6223	2.069401	0.7460152
49260	-107.1893	-370.6657	263.4764	4.006064	0.05600833
49266	-103.9397	-367.4538	263.5141	3.992652	0.05756629
49272	-107.7392	-371.4269	263.6877	3.862167	0.0604469
49278	-110.2386	-374.0497	263.8111	3.777889	0.06320763
49284	-121.8655	-385.2085	263.3429	3.940503	0.04489136
49290	-114.9998	-378.3315	263.3317	4.016268	0.04820018
49296	-113.8847	-377.4387	263.554	3.883239	0.05323252
49302	-109.3494	-373.0049	263.6555	3.862551	0.05830367
49308	-111.4267	-375.8338	264.4071	3.615155	0.1062397
49314	-96.92865	-361.1953	264.2666	3.689124	0.09773193
49320	-99.87356	-363.7908	263.9172	3.840946	0.07694308
49326	-96.01978	-360.1984	264.1787	3.664327	0.08513878
49332	-97.49527	-361.9758	264.4805	3.561833	0.1090008
49338	-105.9168	-370.5043	264.5876	3.561833	0.1253514
49344	-96.52513	-361.1391	264.6139	3.451604	0.1122968
49350	-104.0963	-369.5463	265.45	3.06926	0.2186796
49356	-95.22319	-361.028	265.8048	2.862883	0.2962246
49362	-90.09692	-355.8919	265.795	2.885521	0.3059621
49368	-95.14029	-361.1356	265.9954	2.779243	0.4358949
49374	-94.43573	-360.8097	266.374	2.40707	0.5364689
49380	-100.6144	-366.7873	266.1729	2.602427	0.4382458
49386	-98.43448	-364.7192	266.2848	2.498684	0.4911941
49392	-107.7948	-374.205	266.4102	2.368825	0.4536338
49398	-111.1415	-377.5998	266.4583	2.313195	0.5817354
49404	-109.1279	-375.6658	266.538	2.234389	0.5788073
49410	-113.9461	-380.478	266.5319	2.247252	0.548405
49416	-112.0525	-378.205	266.1526	2.539553	0.3154778
49422	-107.377	-373.3352	265.9581	2.742678	0.3231698
49428	-119.2542	-385.4752	266.2211	2.56243	0.4939073
49434	-117.4058	-383.4959	266.0902	2.646651	0.3622503
49440	-113.0702	-379.2393	266.1692	2.613892	0.5168128
49446	-116.1867	-382.306	266.1192	2.629413	0.3792041
49452	-137.1202	-403.3446	266.2244	2.541881	0.5990391
49458	-134.161	-400.4285	266.2675	2.515875	0.5093816
49464	-100.6043	-367.0178	266.4135	2.37008	0.4961755
49470	-105.7128	-372.1256	266.4128	2.37008	0.4813216
49476	-108.0057	-374.4189	266.4133	2.37008	0.4891002
49482	-102.6078	-368.9227	266.3149	2.45674	0.4267212
49488	-93.51847	-359.623	266.1045	2.667208	0.4267966
49494	-93.10055	-358.7864	265.6858	2.942796	0.270722
49500	-92.5985	-358.2086	265.6101	2.967336	0.2436463
49506	-85.68429	-351.4147	265.7304	2.903878	0.2740837
49512	-92.95359	-358.2441	265.2905	3.215044	0.2134736
49518	-92.49184	-357.7608	265.269	3.103153	0.1719068
49524	-98.67198	-363.6861	265.0141	3.29585	0.1567074
49530	-94.74754	-359.8157	265.0682	3.241767	0.1567074
49536	-90.93684	-356.1245	265.1877	3.146889	0.1624722
49542	-94.96601	-360.4444	265.4783	3.009055	0.2068927
49548	-91.15997	-356.771	265.611	2.950091	0.2361399
49554	-103.7853	-369.7026	265.9173	2.821973	0.3655017
49560	-102.3942	-367.8975	265.5033	2.955861	0.1973132
49566	-90.67089	-356.0264	265.3555	3.101962	0.1967639
49572	-100.2568	-365.5586	265.3018	3.128257	0.1881915
49578	-107.6167	-372.8769	265.2601	3.195188	0.1960601
49584	-102.1012	-367.2467	265.1454	3.195188	0.1639459
49590	-100.3479	-365.5353	265.1874	3.188958	0.1730156
49596	-116.1647	-381.5579	265.3932	3.070284	0.1987217
49602	-117.1177	-382.8776	265.7599	2.851174	0.2607425
49608	-117.9131	-383.5346	265.6215	2.989498	0.2607425
49614	-118.1281	-383.8108	265.6828	2.916994	0.2547491
49620	-141.1389	-405.2898	264.1509	1.455467	2.981389
49626	-146.8576	-411.6399	264.7823	1.429151	2.612883
49632	-134.5567	-398.7364	264.1796	1.127047	3.160381
49638	-120.6995	-384.3614	263.6618	0.9936587	3.54313
49644	-129.3986	-394.2947	264.8962	1.506707	2.493851
49650	-119.5113	-385.5918	266.0805	1.57205	1.667876
49656	-112.2455	-378.6303	266.3848	1.756242	1.298423
49662	-116.202	-382.2534	266.0513	1.840601	1.492709
49668	-117.8718	-384.5643	266.6925	1.920989	0.8509357
49674	-114.6264	-379.9805	265.3541	3.140728	0.2095538
49680	-102.957	-368.3022	265.3452	3.150185	0.2097362
49686	-103.4298	-368.954	265.5241	3.01478	0.2265721
49692	-95.08838	-360.9733	265.8849	2.824498	0.3313154
49698	-100.0709	-365.835	265.7641	2.855686	0.2656295
49704	-104.5296	-370.3061	265.7765	2.897799	0.3011665
49710	-104.4491	-370.5446	266.0956	2.634892	0.3541954
49716	-105.4751	-371.5438	266.0687	2.653793	0.3450089
49722	-107.2941	-373.3138	266.0197	2.738432	0.3954636
49728	-104.7405	-370.773	266.0325	2.669919	0.3246038
49734	-110.0692	-376.0197	265.9505	2.738855	0.3131485
49740	-114.7876	-380.7057	265.9181	2.800805	0.3410474
49746	-108.6715	-374.5042	265.8327	2.857097	0.3134809
49752	-97.31642	-363.3013	265.9849	2.704835	0.3134809
49758	-104.3944	-370.3953	266.0009	2.729451	0.3540893
49764	-103.3535	-369.5364	266.1829	2.583861	0.4138841
49770	-110.7937	-376.8093	266.0157	2.700522	0.3381481
49776	-95.05312	-361.1878	266.1346	2.609857	0.3729101
49782	-111.1418	-377.5179	266.3761	2.406947	0.5174805
49788	-121.4768	-387.9087	266.4319	2.335885	0.5944062
49794	-111.5511	-378.048	266.4969	2.281981	0.5500295
49800	-116.9732	-383.4306	266.4575	2.326036	0.4927935
49806	-101.5519	-367.8809	266.329	2.417655	0.3760968
49812	-98.18762	-364.606	266.4184	2.364925	0.5114402
49818	-106.6847	-373.0893	266.4046	2.371357	0.4407454
49824	-108.6226	-375.0128	266.3902	2.385402	0.4394469
49830	-109.199	-375.283	266.084	2.654168	0.3640215
49836	-113.2021	-379.3027	266.1006	2.636652	0.3628152
49842	-102.0855	-367.9347	265.8492	2.789932	0.2770946
49848	-96.65336	-362.6736	266.0203	2.606386	0.2695639
49854	-115.8489	-381.9582	266.1093	2.649303	0.396321
49860	-96.48219	-362.1803	265.6981	2.836001	0.2246085
49866	-98.70173	-364.3999	265.6981	2.836001	0.2246085
49872	-102.2732	-367.9902	265.717	2.812298	0.2226385
49878	-98.44178	-364.5321	266.0903	2.628752	0.3412376
49884	-101.4968	-367.3245	265.8277	2.792019	0.2655594
49890	-95.52748	-361.6517	266.1242	2.629776	0.3879183
49896	-106.1387	-372.1104	265.9717	2.725714	0.3200916
49902	-104.8309	-370.5093	265.6784	2.894174	0.2413566
49908	-102.5011	-368.3586	265.8576	2.729403	0.2482763
49914	-108.5073	-374.0436	265.5363	3.050656	0.2482763
49920	-105.7125	-371.7918	266.0793	2.660485	0.3662681
49926	-117.9067	-384.2973	266.3906	2.392682	0.5129048
49932	-124.84	-391.4358	266.5958	2.171039	0.597185
49938	-121.2801	-387.6161	266.3359	2.445461	0.4675502
49944	-118.1104	-384.1517	266.0414	2.635846	0.303372
49950	-119.9068	-385.8147	265.9079	2.762622	0.2983227
49956	-115.9257	-381.9689	266.0431	2.70129	0.3727551
49962	-110.1336	-376.7576	266.624	1.892469	0.9593997
49968	-106.0315	-372.0699	266.0384	1.880167	1.472624
49974	-115.0406	-380.9398	265.8993	1.948798	1.525495
49980	-117.6028	-383.8276	266.2249	2.55873	0.497189
49986	-118.2596	-384.3012	266.0416	2.694316	0.3610632
49992	-108.1521	-374.5962	266.4441	2.071615	0.9602356
49998	-95.9888	-362.3589	266.3701	2.153242	0.9522247
50004	-98.14196	-364.1601	266.0181	2.714951	0.3574011
50010	-105.9933	-372.2859	266.2926	2.033326	1.141638
50016	-98.91237	-365.1964	266.2841	2.165094	1.027222
50022	-98.14658	-364.5963	266.4498	2.261013	0.7158296
50028	-96.31201	-362.8089	266.4969	2.242838	0.6630655
50034	-104.7145	-371.0926	266.3781	2.237753	0.8480596
50040	-93.21344	-359.6357	266.4222	2.360876	0.4847158
50046	-121.7841	-387.9027	266.1186	2.652545	0.4251347
50052	-105.91	-372.0693	266.1593	2.619278	0.4514644
50058	-103.2286	-369.1805	265.9519	2.736145	0.3120679
50064	-109.8762	-375.9652	266.089	2.655526	0.3729511
50070	-110.5942	-376.7562	266.162	2.610212	0.4281929
50076	-116.8698	-382.8133	265.9435	2.822908	0.4129786
50082	-101.9178	-367.1869	265.269	3.254379	0.220316
50088	-101.244	-366.5565	265.3126	3.069885	0.17464
50094	-104.8056	-370.2516	265.4459	3.028047	0.2022427
50100	-117.621	-383.0011	265.3801	3.17695	0.2343197
50106	-110.9809	-375.8448	264.8639	3.331691	0.1334121
50112	-103.1534	-368.0721	264.9187	3.276967	0.1334249
50118	-106.7286	-371.638	264.9094	3.286323	0.1334249
50124	-108.3606	-373.5095	265.1489	3.110039	0.1456584
50130	-103.812	-369.1607	265.3487	3.116182	0.1991968
50136	-99.2022	-364.554	265.3518	3.101869	0.1955517
50142	-94.00686	-359.537	265.5302	3.00542	0.2251991
50148	-91.63483	-357.2867	265.6518	2.908974	0.2360004
50154	-107.3715	-372.9031	265.5316	2.966027	0.2105509
50160	-106.1391	-371.7928	265.6537	2.962576	0.2636191
50166	-108.1965	-373.7422	265.5458	2.962576	0.2145247
50172	-139.0001	-405.0067	266.0066	1.565571	1.724849
50178	-129.3882	-395.2869	265.8987	1.682505	1.718503
50184	-105.3227	-371.5654	266.2427	2.510979	0.387505
50190	-113.7078	-380.2218	266.514	2.269162	0.5143743
50196	-118.4937	-384.5733	266.0796	2.673646	0.3867333
50202	-108.5106	-374.5671	266.0565	2.631395	0.3118975
50208	-103.9153	-369.6549	265.7396	2.784656	0.2206578
50214	-88.87647	-354.6931	265.8167	2.816302	0.2732984
50220	-90.54084	-356.1621	265.6212	2.872486	0.2091369
50226	-89.39271	-355.0199	265.6271	2.911358	0.2264054
50232	-92.25213	-357.6718	265.4197	3.00898	0.1877681
50238	-97.43669	-362.8854	265.4487	2.979977	0.1877681
50244	-93.68039	-359.0837	265.4033	3.02539	0.1877681
50250	-85.08757	-350.4313	265.3437	3.034672	0.1735667
50256	-87.06591	-352.5042	265.4383	3.034672	0.2019041
50262	-92.78346	-358.3747	265.5912	2.853173	0.1925967
50268	-97.17802	-362.8709	265.6929	2.908858	0.2557951
50274	-93.65395	-359.1286	265.4746	2.963282	0.1905864
50280	-106.0514	-371.321	265.2697	3.168228	0.1905864
50286	-110.0587	-375.2555	265.1968	3.149263	0.1652763
50292	-89.93308	-355.5783	265.6452	2.885678	0.223307
50298	-87.63371	-353.4781	265.8444	2.757258	0.2557401
50304	-88.98969	-354.7545	265.7648	2.854508	0.2653416
50310	-92.51867	-358.3116	265.7929	2.847806	0.2780871
50316	-91.6156	-357.3425	265.7269	2.83918	0.2383666
50322	-99.34395	-365.2433	265.8993	2.734062	0.2735443
50328	-98.03013	-364.1384	266.1082	2.639014	0.3770094
50334	-104.2738	-370.1021	265.8284	2.751395	0.2447724
50340	-101.6195	-367.8547	266.2352	2.522675	0.3949877
50346	-102.0308	-368.1517	266.1209	2.595916	0.3388102
50352	-102.7633	-369.1258	266.3624	2.415416	0.4482879
50358	-104.5082	-371.0008	266.4926	2.290447	0.4841033
50364	-118.9924	-382.9186	263.9262	1.475996	3.103524
50370	-115.3298	-381.8186	266.4888	2.213577	0.7293867
50376	-120.4511	-386.9402	266.489	2.19304	0.7603311
50382	-128.8467	-393.1387	264.292	1.197193	3.051588
50388	-117.0361	-379.2972	262.2611	1.138268	4.263746
50394	-116.3238	-379.4566	263.1328	1.023099	3.832161
50400	-109.0473	-375.6377	266.5904	2.084775	0.7702699
50406	-106.0675	-372.9166	266.8491	1.826138	0.7702699
50412	-102.1543	-368.9125	266.7582	1.916988	0.7702699
50418	-100.8565	-367.4964	266.6399	2.079612	0.7009796
50424	-89.07897	-355.6143	266.5354	2.248003	0.5105917
50430	-89.84264	-356.3041	266.4615	2.317167	0.4518503
50436	-87.68517	-354.1559	266.4707	2.311303	0.472321
50442	-91.85739	-358.2579	266.4005	2.368153	0.4184726
50448	-104.0829	-370.6067	266.5239	2.231246	0.6290432
50454	-118.1035	-384.4658	266.3623	2.419851	0.4735771
50460	-120.5914	-386.9426	266.3512	2.427083	0.4503667
50466	-125.8658	-392.2908	266.425	2.336129	0.613605
50472	-108.2233	-374.8529	266.6296	2.124561	0.6312407
50478	-110.0597	-376.5203	266.4606	2.315202	0.5652453
50484	-106.5925	-372.9638	266.3713	2.376141	0.3772589
50490	-108.2281	-374.4923	266.2642	2.495467	0.3985156
50496	-120.0404	-386.6007	266.5602	2.221421	0.5317966
50502	-116.5854	-382.9142	266.3288	2.318037	0.8089009
50508	-115.12	-381.7461	266.6261	2.089478	0.7078317
50514	-119.9443	-386.4661	266.5218	2.091853	0.8506766
50520	-139.199	-405.2472	266.0481	2.690465	0.3646018
50526	-130.3781	-396.3318	265.9537	2.715261	0.2971998
50532	-125.1039	-391.4727	266.3687	2.414765	0.4926478
50538	-121.7183	-388.1305	266.4122	2.369429	0.4692288
50544	-129.2734	-395.6002	266.3269	2.453601	0.5405501
50550	-119.9649	-386.5002	266.5353	2.214769	0.6409563
50556	-118.5809	-384.8643	266.2834	2.424744	0.720203
50562	-115.3535	-381.7937	266.4402	2.333737	0.5726014
50568	-114.9476	-381.612	266.6644	2.04917	0.7111329
50574	-113.5266	-380.0026	266.4759	2.048751	0.9508317
50580	-117.3975	-383.8293	266.4318	2.266099	0.7365158
50586	-121.2178	-387.792	266.5743	2.123621	0.7365158
50592	-135.6047	-399.7976	264.1929	3.112292	1.909064
50598	-134.0089	-398.6865	264.6777	3.507017	1.262628
50604	-135.9118	-400.0768	264.165	3.364012	1.755173
50610	-129.8972	-396.3298	266.4326	2.298179	0.6806634
50616	-123.7312	-390.062	266.3308	1.983613	1.151892
50622	-112.4902	-378.8786	266.3884	2.386805	0.5676677
50628	-115.1512	-381.6615	266.5103	2.172218	0.7597149
50634	-122.7012	-389.1042	266.403	2.279513	0.7597149
50640	-105.4142	-371.6674	266.2532	2.510818	0.4074013
50646	-103.016	-369.2602	266.2442	2.518993	0.4057249
50652	-105.438	-371.6386	266.2006	2.572992	0.4325109
50658	-116.7239	-383.0461	266.3222	2.460539	0.5207096
50664	-111.0011	-377.5939	266.5928	2.077295	0.7774632
50670	-114.9044	-381.3915	266.487	2.296339	0.489451
50676	-108.7471	-375.5715	266.8243	1.949569	0.5728355
50682	-110.8098	-377.6341	266.8243	1.949569	0.5728355
50688	-113.7884	-380.4606	266.6722	2.038842	0.7153489
50694	-113.8796	-380.5816	266.7021	2.07939	0.5333218
50700	-111.6242	-378.3182	266.6941	2.07939	0.574664
50706	-112.3451	-378.9878	266.6427	2.050067	0.7444645
50712	-108.0357	-374.6769	266.6412	1.997105	0.820041
50718	-118.1772	-384.8405	266.6633	2.069565	0.6765584
50724	-120.2965	-386.8524	266.5559	2.169141	0.6911741
50730	-127.5961	-393.5463	265.9501	2.198516	1.292241
50736	-124.3915	-390.6629	266.2715	1.962302	1.221551
50742	-127.289	-393.7865	266.4974	2.173705	0.7760074
50748	-124.1795	-390.784	266.6044	2.097491	0.7301981
50754	-122.7305	-388.4522	265.7217	1.680322	1.843095
50760	-121.7923	-387.3798	265.5876	1.627609	1.969739
50766	-114.17	-379.4636	265.2936	1.79591	2.053366
50772	-120.7369	-387.4052	266.6683	2.03606	0.7262965
50778	-117.178	-383.67	266.4921	2.202873	0.7410763
50784	-114.4627	-380.9425	266.4798	2.157772	0.8209306
50790	-112.6205	-379.109	266.4886	2.280037	0.5916735
50796	-115.2101	-381.5008	266.2907	2.490991	0.4698082
50802	-100.8247	-367.1383	266.3136	2.466219	0.5448118
50808	-108.1595	-374.2934	266.1338	2.630099	0.4072923
50814	-104.0093	-369.8967	265.8874	2.79756	0.3095009
50820	-109.1268	-375.3916	266.2648	2.516332	0.4654911
50826	-114.4772	-380.6952	266.2179	2.561036	0.4534316
50832	-124.9034	-389.6469	264.7435	3.384115	0.1217763
50838	-130.5813	-395.4286	264.8473	3.364117	0.1363385
50844	-116.3988	-381.3179	264.9191	3.29233	0.1363385
50850	-112.6135	-379.1153	266.5018	2.203619	0.7245477
50856	-110.6951	-377.1144	266.4193	2.302516	0.6969543
50862	-125.2758	-391.7848	266.509	2.034115	0.931155
50868	-119.0145	-385.403	266.3885	2.177633	0.9058457
50874	-123.7308	-389.8815	266.1507	2.632726	0.5082634
50880	-114.0108	-380.4541	266.4433	2.045183	0.9881755
50886	-97.90507	-363.7418	265.8368	1.883121	1.619477
50892	-109.9471	-371.0265	261.0793	1.552001	4.696061
50898	-100.5927	-362.6438	262.0511	1.462497	4.198996
50904	-105.8444	-368.4898	262.6454	1.485577	3.846472
50910	-108.3714	-373.9799	265.6085	2.137138	1.600788
50916	-111.06	-377.4094	266.3493	2.084792	1.041763
50922	-114.782	-380.9797	266.1977	2.01827	1.236536
50928	-109.2239	-375.5598	266.3359	2.226355	0.9101936
50934	-107.229	-373.0524	265.8233	2.141447	1.437409
50940	-105.38	-371.6118	266.2317	2.300307	0.9430196
50946	-103.8496	-370.0692	266.2196	2.523825	0.6553448
50952	-118.9596	-384.4885	265.5289	1.568731	2.047968
50958	-119.6007	-384.2562	264.6555	1.524543	2.632302
50964	-122.4436	-387.4592	265.0155	1.421746	2.472319
50970	-111.1393	-376.9122	265.773	1.840598	1.695597
50976	-107.7981	-373.9162	266.1181	1.955525	1.35258
50982	-114.7498	-380.9404	266.1906	1.998575	1.258897
50988	-118.5089	-384.6098	266.1009	2.088295	1.258897
50994	-120.8395	-387.3332	266.4937	2.077851	0.8998019
51000	-111.5257	-377.8826	266.357	2.304051	0.7900215
51006	-109.1513	-375.3856	266.2343	2.372784	0.8585675
51012	-105.6053	-371.7825	266.1772	2.240887	1.057066
51018	-101.6221	-368.1216	266.4995	2.243284	0.6568715
51024	-110.8854	-377.0457	266.1603	2.572139	0.6774026
51030	-96.60267	-362.8429	266.2402	2.400987	0.816305
51036	-114.1208	-379.9775	265.8567	2.501506	1.112679
51042	-108.0937	-374.4148	266.3211	2.232638	0.9196101
51048	-111.7197	-378.1259	266.4062	1.985804	1.081558
51054	-121.2576	-387.58	266.3224	2.020081	1.126808
51060	-117.9644	-384.3681	266.4036	2.100337	0.9723792
51066	-126.4349	-392.675	266.2401	2.301902	0.9323858
51072	-123.9316	-390.1476	266.216	1.831053	1.373563
51078	-115.1489	-380.8069	265.658	1.426484	2.056668
51084	-110.079	-376.2025	266.1234	1.581652	1.630164
51090	-110.5071	-375.9303	265.4232	1.639879	2.070828
51096	-114.2955	-379.2704	264.9749	1.364314	2.533559
51102	-116.0403	-381.8868	265.8464	1.678098	1.758272
51108	-111.6412	-376.8409	265.1997	1.656032	2.206147
51114	-105.5956	-370.6438	265.0483	1.448359	2.435045
51120	-107.8491	-372.3658	264.5166	1.441444	2.768474
51126	-115.646	-381.0122	265.3661	1.641846	2.107014
51132	-108.4052	-374.5925	266.1873	1.595631	1.573603
51138	-111.2712	-376.4604	265.1892	1.537865	2.288886
51144	-102.5093	-366.1902	263.6809	1.420889	3.281661
51150	-95.79847	-361.2584	265.4599	1.266485	2.289286
51156	-95.38348	-360.4999	265.1164	1.22263	2.533712
51162	-102.5092	-366.7026	264.1934	1.317755	3.038472
51168	-106.8695	-371.9852	265.1158	1.354844	2.451391
51174	-102.4631	-367.7714	265.3083	1.362098	2.325054
51180	-115.6263	-381.6228	265.9964	1.505119	1.774292
51186	-112.5273	-378.2262	265.699	1.343014	2.084694
51192	-104.0392	-369.5832	265.544	1.497992	2.084694
51198	-108.4374	-373.2914	264.854	1.562437	2.485384
51204	-108.4717	-374.7602	266.2885	1.345392	1.681198
51210	-102.4396	-367.7442	265.3046	1.399487	2.30353
51216	-104.3118	-369.4622	265.1504	1.577222	2.288493
51222	-102.9982	-368.6038	265.6055	1.495489	2.045748
51228	-107.8641	-374.3172	266.4532	1.818148	1.189475
51234	-102.1977	-368.7011	266.5034	2.247491	0.6390272
51240	-92.60918	-359.1398	266.5306	2.220271	0.6390272
51246	-103.5406	-369.9188	266.3782	2.308058	0.7541943
51252	-104.2718	-370.6769	266.4051	2.306495	0.7144909
51258	-97.83941	-364.4068	266.5674	2.135626	0.7283666
51264	-98.66417	-365.147	266.4829	2.206565	0.7494301
51270	-98.61328	-364.9874	266.3742	2.409168	0.4883849
51276	-104.8716	-371.1795	266.308	2.475354	0.4883849
51282	-91.70295	-357.8573	266.1543	2.602117	0.3923252
51288	-86.82917	-353.0712	266.242	2.515327	0.3940433
51294	-88.48026	-355.0183	266.5381	2.222008	0.6163627
51300	-97.24618	-363.698	266.4518	2.308274	0.6163627
51306	-101.965	-368.5361	266.5711	2.118757	0.7487419
51312	-115.7298	-381.6374	265.9076	2.774925	0.3075742
51318	-117.6587	-383.683	266.0244	2.675943	0.3226944
51324	-121.4344	-387.573	266.1386	2.585032	0.3462445
51330	-124.9791	-391.3399	266.3608	1.912619	1.18763
51336	-122.166	-388.1638	265.9978	1.711664	1.627036
51342	-109.7424	-376.083	266.3407	2.407656	0.6448162
51348	-102.7862	-369.2015	266.4153	2.204104	0.8437147
51354	-101.1235	-367.4419	266.3185	1.955685	1.187029
51360	-113.314	-379.3605	266.0465	1.895325	1.454908
51366	-115.7986	-381.9457	266.1471	1.78489	1.462431
51372	-111.0469	-375.7812	264.7343	1.67398	2.490483
51378	-109.2812	-375.2786	265.9974	1.847688	1.527719
51384	-114.9669	-381.1522	266.1853	2.275319	1.016033
51390	-97.45033	-363.871	266.4207	2.353404	0.5722449
51396	-105.0902	-371.6123	266.5221	2.236722	0.6197421
51402	-97.53795	-364.0277	266.4897	2.249105	0.664864
51408	-112.3212	-379.0115	266.6903	2.002027	0.7450761
51414	-113.5864	-380.2012	266.6148	1.892466	0.9690368
51420	-120.5146	-386.8127	266.2981	2.18558	0.9930349
51426	-117.1868	-383.5987	266.4119	2.094175	0.970182
51432	-113.1919	-379.4044	266.2124	2.570132	0.4776304
51438	-114.3208	-380.6643	266.3435	2.42331	0.597368
51444	-106.8728	-373.0472	266.1744	2.593375	0.4162336
51450	-100.0504	-366.1882	266.1377	2.62354	0.4016196
51456	-98.82486	-364.964	266.1391	2.631948	0.4249325
51462	-112.5436	-378.8478	266.3042	2.466612	0.4242113
51468	-105.9332	-372.1113	266.1781	2.605515	0.5000855
51474	-99.43232	-365.7355	266.3032	2.451688	0.6296416
51480	-99.6789	-366.2635	266.5846	2.142841	0.6867666
51486	-92.36151	-358.8043	266.4428	2.335899	0.451912
51492	-97.08695	-362.9739	265.8869	2.796346	0.3081492
51498	-91.00535	-357.0066	266.0013	2.701065	0.3245557
51504	-105.9165	-371.9516	266.0352	2.721998	0.393698
51510	-125.4828	-385.685	260.2021	0.9624863	5.509273
51516	-132.3601	-395.4751	263.1149	0.9438407	3.887916
51522	-107.1623	-373.1133	265.9511	2.737622	0.3125911
51528	-97.39989	-363.4936	266.0937	2.612682	0.3283761
51534	-92.09515	-358.1531	266.058	2.648438	0.3283761
51540	-92.2925	-357.9375	265.645	2.932157	0.2435256
51546	-89.23134	-355.3887	266.1574	2.580066	0.3630376
51552	-92.82282	-359.163	266.3402	2.437665	0.5556839
51558	-97.69213	-364.0864	266.3942	2.252877	0.8085643
51564	-99.99029	-366.565	266.5747	2.121599	0.7389238
51570	-97.88376	-364.5921	266.7084	2.028434	0.6689606
51576	-101.6164	-368.2998	266.6835	1.948241	0.8283879
51582	-109.7001	-376.3596	266.6595	1.973247	0.8270232
51588	-112.6158	-379.156	266.5401	2.183728	0.6932576
51594	-121.2685	-382.9599	261.6914	0.8218992	4.762056
51600	-105.5553	-372.0405	266.4852	2.134458	0.8433379
51606	-97.65685	-364.1959	266.5391	2.080589	0.8433379
51612	-101.2611	-367.7792	266.5181	2.101596	0.8433379
51618	-101.4256	-367.8255	266.3999	2.176389	0.894444
51624	-95.49065	-361.9206	266.43	2.173616	0.8627934
51630	-97.76083	-364.2711	266.5103	2.192825	0.7283178
51636	-85.54831	-352.1261	266.5778	2.193675	0.5820602
51642	-90.60626	-357.0308	266.4245	2.358196	0.521412
51648	-90.21626	-356.4263	266.2101	2.321491	0.9435357
51654	-96.41755	-362.7667	266.3491	2.432558	0.5317062
51660	-102.3037	-368.5624	266.2587	2.512286	0.4247756
51666	-90.84371	-356.962	266.1183	2.660124	0.4507421
51672	-92.74925	-359.021	266.2718	2.509399	0.4660266
51678	-95.65786	-361.9707	266.3129	2.468306	0.4660266
51684	-100.4426	-366.769	266.3264	2.446858	0.5754229
51690	-103.6216	-370.0934	266.4719	2.240211	0.7136739
51696	-104.3732	-370.6559	266.2827	2.485734	0.4177834
51702	-95.98323	-362.3263	266.3431	2.432424	0.5664268
51708	-102.987	-369.2923	266.3053	2.307647	0.8515663
51714	-111.9246	-378.3069	266.3823	2.325028	0.7214273
51720	-103.6907	-370.0146	266.3238	2.39854	0.6959764
51726	-107.9752	-373.994	266.0188	2.757776	0.5616319
51732	-120.276	-386.0713	265.7953	2.895016	0.3139629
51738	-109.197	-374.8307	265.6336	3.014544	0.2828343
51744	-121.5602	-387.21	265.6498	3.009065	0.2899915
51750	-105.6619	-371.9072	266.2453	2.491362	0.6692844
51756	-107.2466	-373.6212	266.3746	2.376677	0.638076
51762	-112.5243	-378.9382	266.4139	2.366811	0.5387844
51768	-116.2129	-382.568	266.3551	2.393241	0.6448248
51774	-116.8784	-383.1601	266.2817	2.445179	0.6878468
51780	-111.2151	-377.606	266.3909	2.294479	0.7554375
51786	-107.174	-373.5152	266.3412	1.901265	1.214191
51792	-109.9762	-376.1561	266.1798	1.951534	1.306279
51798	-106.1049	-371.8231	265.7182	1.771128	1.782814
51804	-115.0615	-380.9454	265.8838	1.688727	1.724609
51810	-126.2011	-391.1802	264.9791	1.495786	2.448725
51816	-110.2669	-375.4906	265.2236	1.548816	2.259777
51822	-107.3985	-373.4999	266.1015	1.851699	1.4463
51828	-103.5313	-370.239	266.7077	2.023101	0.680529
51834	-103.7	-370.2519	266.552	2.20013	0.6361938
51840	-97.14971	-363.8047	266.655	1.981621	0.8221655
51846	-99.58298	-366.1726	266.5896	2.06862	0.7938166
51852	-101.8113	-368.412	266.6006	2.181668	0.5260244
51858	-94.18787	-360.7534	266.5655	2.181668	0.6472938
51864	-94.73205	-361.2748	266.5428	2.017349	0.912573
51870	-101.4357	-368.0082	266.5725	1.942549	0.9608739
51876	-110.516	-376.3539	265.838	1.66331	1.774481
51882	-116.4985	-382.3411	265.8425	1.59593	1.818006
51888	-107.9563	-374.2224	266.2661	1.479922	1.600536
51894	-104.352	-369.3636	265.0116	1.218014	2.60163
51900	-114.7728	-381.1033	266.3304	2.435322	0.4113942
51906	-113.3942	-379.6714	266.2772	2.49442	0.5814216
51912	-98.99387	-364.6143	265.6204	1.350244	2.131463
51918	-106.9567	-372.0951	265.1384	1.106987	2.591877
51924	-103.3849	-369.1196	265.7347	1.395544	2.026371
51930	-99.40772	-365.0881	265.6804	1.496055	1.995655
51936	-99.48789	-363.752	264.2641	1.231982	3.047465
51942	-103.968	-369.0757	265.1077	1.006111	2.673064
51948	-105.8604	-367.1713	261.3109	1.168248	4.78112
51954	-117.5521	-384.1794	266.6273	2.036885	0.7856787
51960	-111.7351	-378.2596	266.5246	2.151171	0.7695059
51966	-104.5071	-370.9014	266.3943	2.133766	0.9472564
51972	-105.7533	-372.3172	266.5639	2.177995	0.6585489
51978	-106.9998	-373.3823	266.3825	2.134122	0.9592731
51984	-100.6809	-367.0294	266.3485	2.327026	0.7697523
51990	-109.9581	-375.6553	265.6972	1.364662	2.071607
51996	-103.504	-369.1927	265.6887	1.269041	2.139872
52002	-105.7771	-368.8459	263.0688	1.457928	3.617963
52008	-107.2171	-373.2037	265.9866	1.533027	1.761723
52014	-116.0095	-382.2958	266.2862	2.497156	0.5100219
52020	-121.8371	-388.0435	266.2064	2.577193	0.4996091
52026	-124.7556	-390.5228	265.7672	2.938344	0.327579
52032	-118.14	-384.7067	266.5667	2.138173	0.7254608
52038	-110.1669	-376.6958	266.5289	2.175959	0.7254608
52044	-108.0277	-374.5487	266.521	2.15093	0.774871
52050	-121.7891	-387.0705	265.2814	3.245926	0.2218829
52056	-116.7238	-382.5314	265.8077	2.883838	0.3149594
52062	-120.7878	-386.7308	265.943	2.771532	0.3364425
52068	-122.3879	-388.5301	266.1422	2.622778	0.4096373
52074	-120.575	-387.0144	266.4393	1.698112	1.301339
52080	-117.1213	-383.378	266.2566	1.973143	1.22492
52086	-105.7815	-372.4206	266.6391	1.987176	0.835158
52092	-114.376	-381.0475	266.6715	1.901366	0.8983009
52098	-118.0764	-384.7749	266.6985	1.975204	0.7724409
52104	-111.3171	-377.8461	266.529	2.104239	0.8264486
52110	-111.2511	-377.6	266.349	1.959889	1.156766
52116	-113.8648	-380.3899	266.5251	2.041398	0.9054545
52122	-121.901	-388.3056	266.4045	2.132603	0.9375814
52128	-129.1074	-395.1517	266.0443	1.627973	1.653733
52134	-122.0276	-386.4901	264.4624	1.608117	2.699652
52140	-119.6416	-385.5109	265.8693	1.691178	1.733086
52146	-116.4821	-382.797	266.3149	1.685976	1.409546
52152	-150.8222	-415.7026	264.8803	1.80654	2.314542
52158	-157.688	-422.4304	264.7424	1.548108	2.56385
52164	-127.8473	-394.0767	266.2294	1.577084	1.556288
52170	-123.7595	-390.0969	266.3375	1.678703	1.397697
52176	-118.9858	-385.4975	266.5117	1.874891	1.086607
52182	-126.8213	-392.1471	265.3258	1.719622	2.082432
52188	-126.3787	-391.1341	264.7554	1.839305	2.373114
52194	-123.1134	-388.1615	265.0481	1.643495	2.311555
52200	-117.9669	-384.3673	266.4004	2.170544	0.9005159
52206	-111.7974	-378.157	266.3595	2.369557	0.6837507
52212	-117.6256	-383.9652	266.3396	2.374858	0.7096818
52218	-108.7988	-375.094	266.2952	2.487203	0.4758751
52224	-112.1627	-378.3931	266.2304	2.537827	0.4172714
52230	-109.0497	-375.2955	266.2458	2.537827	0.5001078
52236	-105.0813	-371.409	266.3277	2.455926	0.5001078
52242	-116.1262	-382.5545	266.4283	2.350484	0.5508168
52248	-110.4741	-376.8099	266.3358	2.430625	0.4129971
52254	-114.6412	-381.0081	266.3669	2.416164	0.516249
52260	-117.7175	-384.1107	266.3932	2.381397	0.5702849
52266	-113.3602	-379.8486	266.4884	2.289618	0.5546289
52272	-122.4541	-388.8901	266.436	2.347544	0.5057456
52278	-111.1231	-377.5546	266.4315	2.35125	0.5206599
52284	-107.0804	-373.5784	266.498	2.271189	0.5896083
52290	-111.1789	-377.7664	266.5875	2.126432	0.7105762
52296	-126.2582	-392.6878	266.4296	2.115652	0.9288869
52302	-116.4341	-382.8706	266.4365	2.311483	0.645664
52308	-105.9473	-372.3835	266.4362	2.294047	0.6815463
52314	-105.8369	-372.2407	266.4038	2.286044	0.7487933
52320	-99.3345	-365.8418	266.5073	2.156109	0.7866792
52326	-102.5476	-369.0893	266.5416	2.031021	0.8985528
52332	-115.5272	-381.6375	266.1103	2.078617	1.259119
52338	-117.7046	-384.1833	266.4788	2.101114	0.8903869
52344	-120.7395	-386.5422	265.8027	2.558091	1.110294
52350	-110.3386	-376.1841	265.8454	2.611716	1.019394
52356	-109.3362	-375.8451	266.5089	2.206493	0.7080241
52362	-113.301	-379.5443	266.2432	2.504815	0.6454746
52368	-105.2467	-371.1698	265.9231	2.281213	1.246303
52374	-112.1591	-378.643	266.484	2.299619	0.4964983
52380	-114.2518	-380.4509	266.199	2.53612	0.3600585
52386	-113.9617	-380.4325	266.4707	2.304834	0.4392547
52392	-111.9443	-378.2777	266.3334	2.449963	0.4902527
52398	-97.28966	-363.5677	266.278	2.505451	0.4919242
52404	-99.74763	-366.2221	266.4745	2.292896	0.5956063
52410	-103.9022	-370.3921	266.4899	2.292896	0.5202921
52416	-108.2337	-374.6147	266.381	2.292896	0.7720944
52422	-103.1588	-369.7034	266.5447	2.150803	0.7402423
52428	-103.8911	-370.4672	266.5761	2.016677	0.8755492
52434	-112.0134	-378.4967	266.4833	1.999495	0.993947
52440	-104.6131	-370.9684	266.3553	2.051465	1.067758
52446	-105.466	-371.8627	266.3967	1.888079	1.177775
52452	-105.3267	-371.8777	266.551	1.918395	1.007315
52458	-104.6721	-371.071	266.3989	1.783913	1.264151
52464	-109.0698	-375.6215	266.5517	1.899712	1.025058
52470	-109.611	-376.0623	266.4513	1.941193	1.081111
52476	-111.1011	-377.4394	266.3382	1.86135	1.250246
52482	-113.3527	-379.816	266.4633	2.320302	0.4992613
52488	-119.3625	-385.4978	266.1353	2.637419	0.4298537
52494	-115.7986	-382.1194	266.3208	1.789101	1.323601
52500	-98.12935	-364.6358	266.5065	1.831295	1.131071
52506	-103.4679	-369.1696	265.7017	1.638999	1.884956
52512	-115.8753	-382.3806	266.5053	2.117031	0.8401047
52518	-107.6992	-374.0842	266.3849	2.356949	0.6586517
52524	-113.3344	-379.993	266.6586	1.845233	0.9725264
52530	-102.9215	-369.7167	266.7952	1.826525	0.8408262
52536	-105.7138	-372.198	266.4843	1.891418	1.09668
52542	-104.3883	-370.7353	266.3471	1.941994	1.174101
52548	-114.2769	-380.3409	266.064	1.91546	1.426094
52554	-106.7396	-372.8172	266.0776	1.598773	1.650846
52560	-113.8165	-379.2942	265.4777	3.116429	0.251872
52566	-125.5366	-391.3032	265.7666	2.940763	0.3292642
52572	-123.6451	-389.8931	266.248	1.987545	1.220037
52578	-114.1376	-380.4679	266.3303	2.10608	1.039603
52584	-123.7733	-390.1961	266.4228	2.269881	0.7444747
52590	-124.1519	-389.7453	265.5934	2.181855	1.579202
52596	-118.0266	-383.2955	265.2689	2.31929	1.713599
52602	-125.1076	-390.1893	265.0817	2.294128	1.86102
52608	-117.072	-382.1966	265.1246	2.275416	1.844441
52614	-122.454	-388.9841	266.5301	1.880858	1.063785
52620	-119.6296	-384.9677	265.3382	2.042045	1.858027
52626	-123.6218	-389.2455	265.6237	2.012263	1.679688
52632	-126.4844	-392.1305	265.6461	2.519146	1.278682
52638	-114.0859	-379.5543	265.4685	2.342433	1.553031
52644	-115.3551	-380.9719	265.6168	2.50557	1.313578
52650	-124.0778	-390.4873	266.4094	1.706613	1.318649
52656	-119.3347	-385.1787	265.8441	1.88229	1.614808
52662	-119.9323	-386.1075	266.1752	2.304016	0.9975245
52668	-130.0165	-393.9031	263.8866	1.739922	2.969286
52674	-119.834	-386.3609	266.5268	1.969042	0.9806796
52680	-119.0367	-384.4629	265.4262	2.21575	1.675437
52686	-111.6725	-376.9995	265.327	1.925139	1.944894
52692	-109.3041	-375.7644	266.4602	1.860351	1.146409
52698	-102.3904	-368.9282	266.5378	1.997848	0.9391258
52704	-125.1541	-390.1807	265.0266	3.290675	0.1583865
52710	-121.7662	-386.6977	264.9315	3.343854	0.1490913
52716	-126.4385	-391.4498	265.0113	3.281748	0.1529201
52722	-101.8976	-368.1849	266.2873	2.103336	1.082868
52728	-103.4979	-369.8318	266.3339	1.999453	1.135053
52734	-106.391	-372.319	265.928	1.917002	1.527805
52740	-120.1204	-383.9007	263.7803	3.975334	0.07670866
52746	-115.3486	-379.2206	263.872	3.921576	0.08024522
52752	-126.7538	-390.7094	263.9555	3.833496	0.07981135
52758	-115.838	-379.5776	263.7396	3.980257	0.07354721
52764	-117.4452	-381.353	263.9078	3.856389	0.07749362
52770	-117.0074	-381.1353	264.1279	3.719599	0.08560661
52776	-109.116	-373.1789	264.0629	3.752281	0.08233989
52782	-120.8672	-385.8214	264.9542	1.046129	2.742653
52788	-120.1646	-384.9812	264.8166	1.113628	2.785437
52794	-112.6701	-377.0456	264.3755	3.643293	0.1057862
52800	-117.2608	-381.6787	264.4179	3.643293	0.1116711
52806	-102.8385	-367.7138	264.8753	3.306467	0.1309256
52812	-111.6051	-376.9529	265.3479	3.073399	0.1855673
52818	-114.4403	-379.8924	265.4521	2.911036	0.1695726
52824	-113.2621	-378.8897	265.6276	3.010486	0.2764414
52830	-108.4501	-373.9999	265.5497	2.984141	0.2244997
52836	-104.0357	-369.6422	265.6065	2.998479	0.2574811
52842	-98.33018	-363.7066	265.3764	3.081885	0.1970286
52848	-99.65178	-364.4726	264.8208	3.366527	0.1319195
52854	-94.17267	-358.7885	264.6158	3.449703	0.1122985
52860	-104.3385	-369.1034	264.7649	3.367004	0.1224699
52866	-117.3748	-382.043	264.6682	3.498045	0.1282042
52872	-108.2731	-372.8741	264.601	3.468372	0.1128551
52878	-102.5005	-367.4804	264.9799	3.312488	0.1527666
52884	-109.5753	-374.5181	264.9428	3.349581	0.1527666
52890	-110.9751	-377.3082	266.3332	2.38062	0.7108141
52896	-116.1305	-382.4165	266.2861	2.308963	0.8728892
52902	-116.6351	-381.8938	265.2587	3.101922	0.1689235
52908	-109.7199	-375.6435	265.9237	2.78838	0.3339329
52914	-110.0943	-376.2988	266.2045	2.571349	0.5648449
52920	-104.8275	-371.2368	266.4093	2.364597	0.4334996
52926	-108.3746	-374.6068	266.2322	2.541656	0.4334996
52932	-96.09786	-362.3831	266.2852	2.488657	0.4334996
52938	-95.96723	-362.372	266.4048	2.369087	0.4334996
52944	-99.02311	-365.5064	266.4833	2.292246	0.5662259
52950	-103.4877	-370.0206	266.5328	2.221275	0.6314321
52956	-102.4458	-368.9836	266.5378	2.220204	0.621754
52962	-104.1062	-370.3144	266.2082	2.56372	0.4273981
52968	-104.6138	-371.1746	266.5608	2.22256	0.489484
52974	-105.2444	-371.7045	266.4601	2.32216	0.5261675
52980	-100.3743	-366.8533	266.479	2.196456	0.7698824
52986	-105.8879	-372.534	266.6461	1.996571	0.8144235
52992	-119.7286	-385.598	265.8694	1.717614	1.714391
52998	-125.4444	-390.1738	264.7294	1.537257	2.578695
53004	-104.416	-371.1015	266.6855	1.903719	0.8796551
53010	-116.0341	-382.5561	266.522	2.13822	0.7911278
53016	-113.1864	-379.7902	266.6039	2.056333	0.7911278
53022	-100.5406	-366.9655	266.4249	2.356288	0.535303
53028	-101.4215	-367.5038	266.0824	2.678288	0.400423
53034	-104.9453	-370.6819	265.7367	2.885374	0.2668964
53040	-92.30215	-358.2841	265.9819	2.715356	0.3199933
53046	-100.4843	-366.4736	265.9893	2.678756	0.2964824
53052	-96.97656	-363.5025	266.526	1.806125	1.136154
53058	-94.1852	-360.7884	266.6032	2.083635	0.7533133
53064	-95.59976	-362.1837	266.584	2.168791	0.6346609
53070	-103.7605	-370.2453	266.4848	2.110463	0.8725735
53076	-93.9591	-360.606	266.6469	2.039527	0.7539653
53082	-97.23935	-362.9588	265.7195	2.852049	0.2408813
53088	-97.77011	-364.1647	266.3946	2.382066	0.5613892
53094	-90.79822	-357.177	266.3788	2.382066	0.4008796
53100	-92.8235	-358.9854	266.1619	2.574265	0.3614259
53106	-100.3428	-366.5052	266.1624	2.59515	0.3943986
53112	-106.7382	-373.2934	266.5552	1.839997	1.078606
53118	-104.9802	-371.3272	266.347	1.884975	1.223105
53124	-104.3326	-370.9496	266.6169	1.778694	1.078196
53130	-97.46566	-363.9705	266.5048	2.278602	0.4901325
53136	-103.8098	-370.3341	266.5242	2.080306	0.8616525
53142	-112.9026	-379.7249	266.8223	1.709224	0.9435484
53148	-108.8128	-373.5309	264.7181	1.650513	2.515259
53154	-104.2229	-369.0664	264.8435	1.549667	2.499913
53160	-101.5276	-367.2234	265.6958	1.433245	2.02714
53166	-112.5202	-378.7321	266.2119	1.460918	1.653381
53172	-118.1436	-384.6351	266.4915	1.421272	1.476961
53178	-114.8765	-381.5166	266.6401	1.983768	0.8382124
53184	-108.2233	-374.9972	266.774	1.915015	0.7501161
53190	-113.9425	-380.6053	266.6627	1.943072	0.8601374
53196	-118.8972	-385.4278	266.5306	2.010364	0.9334667
53202	-108.8297	-375.475	266.6452	2.003379	0.8065851
53208	-104.6218	-371.2683	266.6465	1.916704	0.9091616
53214	-109.6724	-375.9432	266.2708	1.532488	1.558632
53220	-101.8082	-368.0552	266.2471	1.556222	1.558632
53226	-100.7821	-366.8196	266.0374	1.348287	1.854246
53232	-108.192	-374.2242	266.0322	1.663587	1.636848
53238	-103.1463	-369.432	266.2857	1.653757	1.456769
53244	-105.8063	-372.0323	266.2259	1.616997	1.529319
53250	-106.8289	-372.53	265.7011	1.552312	1.944038
53256	-111.1619	-376.844	265.6821	1.61439	1.914998
53262	-121.0766	-387.8574	266.7808	1.857485	0.8200307
53268	-122.3956	-388.8661	266.4705	2.16773	0.8200307
53274	-118.7926	-385.3215	266.5289	2.022754	0.9218253
53280	-124.6548	-391.2745	266.6197	1.768755	1.084855
53286	-117.7447	-384.1897	266.4451	2.301781	0.6481055
53292	-128.0032	-394.3286	266.3253	2.458236	0.5028746
53298	-132.8809	-398.9691	266.0882	2.64776	0.3611376
53304	-124.2542	-389.87	265.6158	2.94456	0.2357903
53310	-106.3482	-372.0821	265.7338	2.87117	0.2575009
53316	-109.2631	-374.8419	265.5788	3.01973	0.2541063
53322	-119.7341	-385.226	265.4919	3.075534	0.2390044
53328	-104.5129	-369.906	265.3931	3.084937	0.2036192
53334	-102.3402	-367.9835	265.6433	2.949201	0.2510478
53340	-105.0685	-371.1219	266.0534	2.611885	0.2945
53346	-101.7895	-368.1201	266.3305	2.453032	0.5043322
53352	-107.4489	-374.1712	266.7222	1.982823	0.7251496
53358	-103.43	-369.937	266.507	2.247905	0.6296317
53364	-103.8844	-370.188	266.3037	2.475596	0.548016
53370	-106.5402	-372.8036	266.2634	2.5152	0.4517235
53376	-108.3273	-374.7182	266.3909	2.390731	0.5318392
53382	-106.0105	-372.408	266.3975	2.377035	0.5704074
53388	-106.5631	-372.8904	266.3272	2.426917	0.6313452
53394	-103.3035	-369.4639	266.1604	2.579896	0.3668801
53400	-99.84423	-365.7194	265.8752	2.731593	0.2584271
53406	-100.3668	-366.136	265.7692	2.852276	0.2665588
53412	-101.5953	-367.4122	265.8168	2.786117	0.2564075
53418	-98.52933	-364.6816	266.1522	2.556659	0.3307998
53424	-95.39282	-361.3802	265.9874	2.661591	0.2833538
53430	-96.19711	-362.2201	266.023	2.674261	0.3199123
53436	-102.3147	-368.4169	266.1022	2.600164	0.3245595
53442	-109.805	-375.9198	266.1148	2.62256	0.3629282
53448	-108.4846	-374.9357	266.4511	2.32719	0.4501879
53454	-123.1705	-387.8218	264.6513	1.85604	2.428327
53460	-114.5383	-380.3179	265.7796	2.79532	0.2424571
53466	-110.3659	-376.3624	265.9965	2.744137	0.3673519
53472	-118.0351	-384.0351	266.0001	2.730766	0.3546709
53478	-119.9451	-386.0864	266.1413	2.585421	0.3497325
53484	-113.9113	-380.0195	266.1082	2.639616	0.3778324
53490	-119.0017	-385.233	266.2313	2.523052	0.3885416
53496	-124.8717	-391.0561	266.1844	2.597648	0.4723543
53502	-119.7529	-384.2283	264.4754	1.410114	2.81269
53508	-120.7661	-385.2735	264.5075	1.353218	2.827782
53514	-124.1211	-389.7226	265.6015	1.483201	2.056546
53520	-140.0268	-406.0121	265.9853	2.77534	0.4004553
53526	-138.5129	-404.6501	266.1372	2.63354	0.4240217
53532	-134.0756	-400.1332	266.0576	2.725355	0.4828174
53538	-133.4487	-399.7989	266.3501	2.432852	0.4828174
53544	-133.9606	-400.2074	266.2468	2.536822	0.4967076
53550	-134.6713	-398.8581	264.1868	1.202995	3.110964
53556	-136.4159	-397.9715	261.5556	1.356869	4.538439
53562	-123.6827	-388.6621	264.9794	1.483736	2.456069
53568	-129.1917	-392.9809	263.7892	1.269385	3.307127
53574	-126.5795	-391.8184	265.2389	1.355131	2.373551
53580	-119.828	-385.7254	265.8974	1.454982	1.87704
53586	-124.8679	-390.0392	265.1713	1.281113	2.46284
53592	-121.0969	-385.7522	264.6553	1.460449	2.671868
53598	-131.481	-396.9309	265.4499	1.265492	2.296323
53604	-122.8396	-389.2485	266.4089	1.694199	1.329078
53610	-126.2816	-392.0839	265.8023	1.63343	1.819885
53616	-122.6809	-388.9793	266.2984	1.828203	1.310117
53622	-122.9911	-389.019	266.028	2.363409	1.082174
53628	-127.2149	-393.4624	266.2475	2.161428	1.065733
53634	-125.4548	-391.8887	266.4339	2.196158	0.8304204
53640	-123.4109	-389.5329	266.1221	2.502054	0.837856
53646	-121.3235	-387.6259	266.3024	2.477525	0.4585849
53652	-137.0383	-403.1489	266.1106	2.668887	0.5465872
53658	-143.1947	-409.4576	266.2629	2.505194	0.5932275
53664	-114.5731	-379.7083	265.1352	1.70795	2.214256
53670	-113.9804	-377.475	263.4946	1.509491	3.339188
53676	-114.7351	-379.9128	265.1778	1.449003	2.352795
53682	-117.3134	-380.2993	262.9859	1.238678	3.792586
53688	-108.0742	-370.9286	262.8545	1.081562	3.958259
53694	-119.18	-380.1736	260.9936	0.8725722	5.122057
53700	-112.7644	-372.671	259.9066	0.7477344	5.789199
53706	-113.8989	-375.5351	261.6362	0.9162026	4.740199
53712	-112.7088	-373.5384	260.8295	0.7808595	5.263576
53718	-107.2834	-369.5561	262.2727	1.043741	4.310711
53724	-115.3819	-378.9687	263.5869	1.348655	3.379459
53730	-118.1629	-374.28	256.1171	1.473511	7.446971
53736	-127.1415	-385.8985	258.757	1.098488	6.224892
53742	-131.8106	-397.2206	265.41	3.084556	0.2094354
53748	-122.5006	-388.1106	265.61	3.091164	0.3234705
53754	-128.9387	-391.8337	262.895	1.297822	3.810889
53760	-122.8241	-386.0921	263.268	1.219896	3.640464
53766	-117.5278	-380.4894	262.9617	1.173578	3.844013
53772	-118.0469	-381.3938	263.3469	1.254076	3.574845
53778	-124.2057	-386.8635	262.6578	1.06079	4.082449
53784	-137.6575	-403.7614	266.1039	2.648022	0.3845213
53790	-133.7345	-397.137	263.4025	1.253896	3.542619
53796	-126.4155	-389.0578	262.6423	1.164363	4.032207
53802	-125.1457	-391.5856	266.4399	2.332382	0.5790197
53808	-135.2599	-401.7998	266.5399	2.187195	0.6873726
53814	-121.7289	-388.3783	266.6494	1.814894	1.012376
53820	-125.9969	-392.4851	266.4882	2.017529	0.970562
53826	-126.1595	-392.7206	266.5611	2.06574	0.8344344
53832	-120.1988	-386.7121	266.5133	2.175143	0.7509848
53838	-121.7851	-388.2746	266.4895	2.238294	0.6861541
53844	-132.8773	-395.8003	262.923	1.403711	3.73372
53850	-122.7202	-386.7516	264.0314	1.516118	3.01668
53856	-135.3993	-399.9206	264.5213	1.690359	2.612756
53862	-123.2711	-389.6687	266.3976	2.30669	0.7264272
53868	-119.5788	-386.0215	266.4427	2.19736	0.8177169
53874	-134.2136	-397.9697	263.7561	1.765997	3.031921
53880	-122.0609	-388.3461	266.2852	2.495271	0.5406261
53886	-124.7619	-391.0003	266.2385	2.535899	0.435158
53892	-114.677	-381.0653	266.3883	2.355624	0.6543878
53898	-121.4438	-387.9949	266.551	2.101117	0.8019179
53904	-127.6544	-394.2549	266.6005	2.056136	0.7959919
53910	-123.674	-389.9165	266.2425	2.301181	0.9305698
53916	-117.7999	-384.44	266.6401	1.844617	0.9920231
53922	-116.4154	-381.3301	264.9147	1.424278	2.533729
53928	-103.6352	-368.8531	265.2179	1.517941	2.283258
53934	-134.7603	-400.2403	265.4799	1.762659	1.951328
53940	-106.021	-371.7888	265.7678	1.845556	1.695744
53946	-94.6914	-358.0711	263.3797	1.619257	3.342211
53952	-95.13432	-359.6792	264.5449	1.639791	2.629421
53958	-99.54559	-365.319	265.7734	1.58968	1.869743
53964	-100.7123	-366.0269	265.3147	1.59023	2.174277
53970	-103.6081	-368.3615	264.7534	1.447454	2.619438
53976	-106.3526	-370.6582	264.3056	1.62908	2.782761
53982	-116.4644	-380.9438	264.4795	1.697826	2.633976
53988	-108.0259	-373.9662	265.9403	1.692126	1.682248
53994	-107.0308	-373.5627	266.5319	1.995239	0.9481968
54000	-101.6035	-367.2298	265.6263	1.723896	1.878499
54006	-99.42385	-365.0473	265.6235	1.726732	1.878499
54012	-105.2493	-370.8169	265.5676	1.554614	2.031709
54018	-112.9496	-378.0113	265.0617	1.564838	2.352931
54024	-117.7228	-384.136	266.4133	2.142605	0.9172496
54030	-122.4495	-388.9247	266.4752	2.114724	0.878863
54036	-111.2756	-377.8536	266.578	2.064357	0.814823
54042	-115.9095	-382.4326	266.5231	2.198389	0.69742
54048	-116.4079	-382.8039	266.396	2.384622	0.539832
54054	-118.5867	-385.0176	266.4309	2.340168	0.5833771
54060	-107.843	-372.2314	264.3884	1.669426	2.707467
54066	-110.6782	-376.2541	265.576	1.815761	1.850124
54072	-109.8593	-375.1272	265.2679	1.547744	2.231994
54078	-102.1712	-367.1615	264.9903	1.542883	2.412035
54084	-98.71811	-363.9981	265.28	1.827325	2.041566
54090	-100.3552	-365.1334	264.7782	1.770979	2.401905
54096	-98.5079	-363.4341	264.9262	1.622983	2.401905
54102	-103.7975	-368.8159	265.0184	1.625571	2.341871
54108	-104.7328	-367.2396	262.5069	1.593596	3.863985
54114	-114.5421	-377.5513	263.0092	1.561782	3.592294
54120	-113.9233	-377.2809	263.3577	1.461409	3.447681
54126	-114.0876	-378.8859	264.7983	1.614489	2.487624
54132	-106.7006	-371.3479	264.6473	1.493951	2.656213
54138	-101.1652	-365.702	264.5368	1.550736	2.689219
54144	-95.60331	-360.6527	265.0493	1.878838	2.159134
54150	-107.2612	-372.9547	265.6935	1.781024	1.793042
54156	-92.8257	-358.3026	265.4769	2.033106	1.768408
54162	-88.68408	-353.735	265.0509	1.752121	2.240124
54168	-91.39302	-356.4676	265.0746	1.728467	2.240124
54174	-95.80721	-361.5207	265.7135	1.965844	1.648666
54180	-91.657	-357.5257	265.8687	2.005011	1.50635
54186	-88.98821	-354.562	265.5738	2.014601	1.713415
54192	-91.09418	-356.9213	265.8272	2.138686	1.43659
54198	-97.93884	-363.3745	265.4356	1.997918	1.821417
54204	-96.17806	-361.4913	265.3132	2.089385	1.842682
54210	-117.266	-383.2612	265.9952	1.892439	1.495908
54216	-111.3293	-377.1665	265.8372	1.906612	1.602123
54222	-124.6989	-390.2093	265.5103	1.812574	1.897078
54228	-127.4335	-393.1973	265.7638	1.813752	1.721101
54234	-106.1653	-370.8754	264.7101	2.251455	2.137359
54240	-105.9544	-370.1378	264.1834	1.748844	2.78426
54246	-108.5338	-373.1039	264.5702	1.452692	2.728897
54252	-99.84171	-364.6136	264.7719	1.456987	2.602103
54258	-107.6404	-372.5826	264.9422	2.192697	2.023262
54264	-107.9129	-373.789	265.876	2.050056	1.466894
54270	-100.7193	-367.0625	266.3432	1.799964	1.296704
54276	-111.0404	-376.4599	265.4195	1.593647	2.103621
54282	-97.09474	-362.9482	265.8534	1.718611	1.724952
54288	-102.4693	-367.7625	265.2932	1.604757	2.178789
54294	-107.3421	-373.0797	265.7375	1.831032	1.727386
54300	-103.9001	-367.9879	264.0878	1.790572	2.81703
54306	-104.6934	-369.8585	265.1651	1.838189	2.110064
54312	-105.9831	-371.5123	265.5292	2.130893	1.662488
54318	-104.6249	-370.4718	265.8469	1.917595	1.587046
54324	-109.5145	-374.7573	265.2428	1.855596	2.047484
54330	-104.8852	-370.4249	265.5397	1.872255	1.836231
54336	-107.2052	-373.684	266.4789	2.220046	0.734919
54342	-103.0067	-369.024	266.0172	1.885759	1.484365
54348	-108.0238	-374.3905	266.3667	1.904878	1.189212
54354	-95.18262	-361.2567	266.0741	2.003443	1.349459
54360	-103.6757	-369.7695	266.0939	2.119727	1.238535
54366	-103.5686	-369.244	265.6755	2.185115	1.516175
54372	-109.7644	-375.279	265.5146	2.048922	1.73094
54378	-113.7606	-379.0307	265.2701	1.98638	1.941977
54384	-119.1916	-385.6446	266.4531	1.932892	1.087205
54390	-126.4517	-390.3452	263.8935	1.39541	3.170951
54396	-123.1792	-388.737	265.5578	1.310111	2.198246
54402	-117.4364	-381.7737	264.3373	1.284696	2.971994
54408	-112.8871	-377.9443	265.0572	1.387825	2.467465
54414	-105.8658	-372.202	266.3362	1.488984	1.542449
54420	-108.3792	-375.0071	266.6278	2.133647	0.6126654
54426	-102.8182	-369.3479	266.5297	2.204659	0.6736576
54432	-124.5289	-391.021	266.4921	2.281557	0.5738488
54438	-120.6888	-386.955	266.2661	2.509518	0.4395839
54444	-110.8037	-375.4643	264.6607	1.597897	2.583684
54450	-111.5603	-377.9021	266.3418	1.602645	1.452911
54456	-109.4824	-375.6699	266.1875	1.483534	1.654641
54462	-103.5284	-369.9694	266.4409	1.529345	1.433187
54468	-105.8008	-371.7056	265.9048	1.407606	1.904211
54474	-123.2996	-389.1475	265.8479	2.856275	0.3262469
54480	-114.0727	-380.5995	266.5268	1.616596	1.296524
54486	-110.6275	-376.3888	265.7613	1.574375	1.888401
54492	-111.3541	-377.929	266.5749	1.799848	1.097574
54498	-109.4089	-375.7366	266.3277	1.810978	1.300389
54504	-110.0348	-376.6059	266.5712	1.461951	1.384485
54510	-103.1046	-369.6303	266.5257	1.556889	1.345463
54516	-108.4414	-373.8674	265.426	1.637164	2.070749
54522	-107.9867	-374.5503	266.5636	1.546351	1.323522
54528	-96.36929	-363.0359	266.6666	1.547584	1.238076
54534	-103.5798	-370.3704	266.7906	1.798824	0.8794009
54540	-114.6636	-381.0461	266.3824	1.947071	1.138475
54546	-113.4689	-378.0711	264.6022	1.306948	2.79833
54552	-112.78	-375.2333	262.4533	1.054085	4.20251
54558	-102.9201	-366.7818	263.8617	1.368457	3.205793
54564	-116.3329	-382.2655	265.9326	1.529077	1.801963
54570	-113.4428	-379.5095	266.0667	1.363479	1.823726
54576	-111.9005	-377.6368	265.7363	1.421616	2.008007
54582	-130.3009	-396.4986	266.1977	1.87132	1.356191
54588	-139.2304	-405.2614	266.031	2.038001	1.356191
54594	-118.1069	-383.8495	265.7426	1.467978	1.972846
54600	-125.6453	-392.2492	266.6039	2.039108	0.8139285
54606	-114.5031	-380.8907	266.3875	2.07618	1.012942
54612	-119.8363	-386.2676	266.4313	1.89635	1.140086
54618	-107.2513	-373.6295	266.3782	1.946141	1.143032
54624	-99.5156	-365.9261	266.4105	2.29015	0.7321903
54630	-112.8219	-379.3061	266.4842	1.786139	1.190278
54636	-105.6121	-371.9369	266.3247	2.308499	0.826485
54642	-91.85662	-358.1039	266.2473	2.528427	0.4399179
54648	-98.85634	-365.3259	266.4696	2.309878	0.5470546
54654	-103.667	-370.1128	266.4458	2.256402	0.7297041
54660	-94.72292	-361.1719	266.449	2.280402	0.6831215
54666	-96.19954	-362.5468	266.3472	2.433934	0.4659322
54672	-107.2273	-373.5079	266.2807	2.490899	0.4263696
54678	-103.9432	-370.293	266.3498	2.433751	0.4944403
54684	-101.5486	-367.9335	266.385	2.398571	0.4944403
54690	-104.1671	-370.3951	266.228	2.551993	0.4585895
54696	-106.0469	-372.3092	266.2623	2.515116	0.4463716
54702	-102.7539	-369.1393	266.3854	2.38556	0.4247808
54708	-105.3948	-371.5275	266.1327	2.626247	0.3970627
54714	-103.3508	-369.3583	266.0074	2.706114	0.3354342
54720	-109.2561	-374.8602	265.6041	3.015383	0.2654532
54726	-112.2797	-377.5567	265.277	3.198316	0.2027159
54732	-117.4008	-383.7385	266.3377	2.223753	0.9110684
54738	-117.1231	-383.2282	266.105	2.38216	0.9895226
54744	-121.0837	-387.3076	266.2239	1.785824	1.402684
54750	-111.5759	-377.7425	266.1665	2.595295	0.6116805
54756	-109.8985	-375.9146	266.016	2.395091	1.063697
54762	-105.596	-371.0888	265.4927	1.954727	1.811795
54768	-96.9952	-362.8342	265.839	2.049594	1.495237
54774	-93.71653	-359.3409	265.6244	2.026298	1.669198
54780	-99.23504	-364.8405	265.6055	1.876667	1.787797
54786	-106.4445	-372.1772	265.7327	2.127184	1.51673
54792	-97.9281	-363.5984	265.6703	2.922541	0.2511766
54798	-108.8624	-374.5354	265.673	2.922541	0.2525616
54804	-109.0869	-374.1836	265.0967	1.731355	2.223974
54810	-102.5278	-367.4613	264.9336	1.767569	2.305447
54816	-104.7134	-370.436	265.7226	2.10604	1.539944
54822	-107.9814	-373.4471	265.4657	1.812651	1.927221
54828	-107.8235	-373.044	265.2205	1.786256	2.10783
54834	-98.64715	-364.3599	265.7127	1.704699	1.832499
54840	-128.0462	-393.667	265.6208	1.613573	1.956845
54846	-124.6768	-387.5648	262.888	1.528351	3.681894
54852	-145.7801	-412.0112	266.2311	2.551777	0.5187684
54858	-141.4034	-407.7082	266.3048	2.426586	0.6794006
54864	-133.7481	-394.3088	260.5607	1.192071	5.184885
54870	-118.3878	-383.5336	265.1457	1.230644	2.510417
54876	-114.1116	-377.7936	263.682	1.183653	3.420414
54882	-109.5019	-373.2462	263.7443	1.197948	3.375527
54888	-109.5195	-372.8016	263.2821	1.252277	3.613554
54894	-121.1163	-386.4547	265.3383	1.108626	2.46623
54900	-109.5201	-373.6313	264.1112	1.218567	3.146633
54906	-105.305	-370.2603	264.9552	1.319457	2.573699
54912	-105.6979	-371.0345	265.3365	1.32458	2.330955
54918	-105.8679	-371.5077	265.6398	1.464127	2.043813
54924	-118.5952	-382.9575	264.3623	1.24335	2.98183
54930	-130.774	-397.2218	266.4478	1.750237	1.251563
54936	-127.3436	-393.6659	266.3223	1.619981	1.454597
54942	-113.7542	-379.8078	266.0536	1.685125	1.605834
54948	-116.86	-382.4523	265.5923	1.753164	1.88173
54954	-130.5825	-396.8003	266.2178	1.98822	1.24488
54960	-125.7215	-391.5845	265.863	1.652022	1.764895
54966	-130.4488	-396.5919	266.1431	1.609798	1.595542
54972	-126.5934	-392.5004	265.9069	1.760691	1.657084
54978	-118.485	-383.9061	265.4211	1.681066	2.044969
54984	-122.8581	-388.9066	266.0485	1.664493	1.624437
54990	-125.8804	-392.1276	266.2471	1.99948	1.210634
54996	-111.8555	-378.3201	266.4646	2.040191	0.9715782
55002	-108.8131	-375.1915	266.3784	2.028342	1.067776
55008	-113.7764	-380.3711	266.5947	1.957656	0.9210816
55014	-117.7776	-384.2802	266.5026	2.071835	0.8965388
55020	-116.1694	-382.851	266.6817	1.912368	0.8740445
55026	-113.6969	-380.0799	266.383	2.371628	0.630192
55032	-116.2596	-382.7994	266.5398	2.197806	0.6673065
55038	-112.8382	-379.2291	266.3908	2.341027	0.6785408
55044	-105.9746	-372.5645	266.5899	2.191933	0.4708525
55050	-112.4363	-379.0581	266.6219	2.127602	0.6422518
55056	-107.1131	-373.7106	266.5975	2.076586	0.7718229
55062	-104.1046	-370.6304	266.5259	2.176098	0.7301285
55068	-106.213	-372.6601	266.4471	1.944448	1.081976
55074	-109.6115	-375.9113	266.2999	2.016346	1.150258
55080	-117.8349	-384.1566	266.3217	1.910545	1.22286
55086	-112.1674	-378.6751	266.5077	1.884116	1.08176
55092	-117.8072	-384.3843	266.5771	2.179569	0.6251636
55098	-131.3922	-397.8033	266.4111	2.352508	0.6067209
55104	-129.1557	-395.6967	266.541	2.062984	0.8623338
55110	-126.963	-393.181	266.218	2.540261	0.6211409
55116	-124.1193	-390.2233	266.104	2.654689	0.6200105
55122	-112.9185	-379.5511	266.6326	1.894432	0.9483217
55128	-118.4367	-384.9917	266.555	1.723028	1.183689
55134	-114.3151	-380.9717	266.6566	1.727826	1.088639
55140	-106.4222	-372.9386	266.5164	1.867968	1.088639
55146	-102.7924	-369.3423	266.5499	1.768223	1.148572
55152	-105.3996	-372.0374	266.6378	1.633631	1.189365
55158	-105.7148	-372.208	266.4932	1.480282	1.43073
55164	-113.0334	-379.4464	266.4131	1.574242	1.420082
55170	-110.5431	-375.0533	264.5102	1.098987	2.979692
55176	-112.4962	-377.1649	264.6687	1.021306	2.931039
55182	-120.9139	-385.9805	265.0666	1.221182	2.565578
55188	-117.1492	-380.9664	263.8172	1.131625	3.371651
55194	-112.8348	-375.7981	262.9633	0.9434189	3.975037
55200	-104.2031	-367.3482	263.1451	0.9306938	3.878155
55206	-112.0618	-372.1036	260.0418	1.009175	5.571757
55212	-122.1123	-384.5704	262.458	0.8971785	4.288757
55218	-113.519	-377.2542	263.7352	1.000581	3.496341
55224	-116.6285	-383.1941	266.5656	2.032323	0.8694647
55230	-108.6563	-375.2593	266.603	1.994907	0.8694647
55236	-105.5487	-371.9388	266.3902	2.384248	0.5708271
55242	-101.805	-368.2394	266.4344	2.348888	0.5123407
55248	-102.5425	-368.9509	266.4084	2.368916	0.4461836
55254	-105.7891	-372.1348	266.3457	2.437561	0.4867051
55260	-120.4915	-386.91	266.4185	1.866123	1.177937
55266	-117.1156	-383.6825	266.567	1.966408	0.9415861
55272	-120.541	-387.0227	266.4817	2.075264	0.9160652
55278	-104.3792	-370.9569	266.5777	2.047266	0.8367854
55284	-104.1914	-370.658	266.4666	2.316653	0.5140928
55290	-112.8949	-378.8488	265.9539	2.760383	0.3361685
55296	-106.8297	-372.8182	265.9885	2.700613	0.3129336
55302	-118.4967	-384.5479	266.0512	2.704707	0.3913278
55308	-123.6259	-389.9035	266.2776	2.481531	0.3974315
55314	-109.2532	-375.4795	266.2263	2.541831	0.4170237
55320	-111.8026	-378.0053	266.2027	2.576666	0.4554869
55326	-108.684	-375.0797	266.3957	2.384526	0.5424852
55332	-115.4988	-380.7108	265.212	1.643122	2.206537
55338	-117.4321	-382.3422	264.9101	1.790058	2.306081
55344	-110.0984	-376.5949	266.4964	2.24101	0.6677178
55350	-114.848	-381.3032	266.4552	2.319887	0.5682162
55356	-126.3419	-392.7283	266.3864	2.388784	0.5677675
55362	-116.3697	-383.0392	266.6695	1.642454	1.153984
55368	-106.6847	-373.3542	266.6695	1.642454	1.153984
55374	-106.8292	-373.1177	266.2885	1.673889	1.439211
55380	-103.5514	-370.0782	266.5268	1.691166	1.234879
55386	-93.94985	-359.9911	266.0413	1.653197	1.637832
55392	-98.32791	-364.8444	266.5165	1.904363	1.054474
55398	-107.4193	-373.7889	266.3696	1.817298	1.260765
55404	-100.3005	-366.1395	265.839	1.687694	1.756742
55410	-130.1196	-395.2072	265.0877	1.60104	2.313382
55416	-135.2379	-401.2593	266.0214	1.805229	1.541402
55422	-103.4047	-369.6898	266.285	1.689689	1.429774
55428	-106.6723	-372.9626	266.2903	1.684382	1.429774
55434	-112.7667	-378.7371	265.9705	1.803611	1.580065
55440	-117.0489	-381.9188	264.87	1.551398	2.482279
55446	-108.7536	-374.8999	266.1463	1.534104	1.647954
55452	-111.3284	-376.1503	264.8219	1.389947	2.61261
55458	-114.3417	-378.3031	263.9614	1.293466	3.191126
55464	-113.893	-376.7737	262.8807	1.458197	3.726683
55470	-112.6303	-376.4887	263.8584	1.268106	3.267057
55476	-115.1649	-381.7693	266.6044	1.740029	1.125099
55482	-111.7937	-378.2754	266.4817	1.560195	1.377577
55488	-112.4741	-378.3158	265.8417	1.662682	1.772359
55494	-116.0279	-380.8641	264.8362	1.330807	2.640331
55500	-111.8298	-377.9929	266.1631	2.033553	1.252729
55506	-121.5645	-387.8262	266.2617	2.227399	0.9875865
55512	-127.1973	-391.892	264.6946	2.453382	2.014573
55518	-117.2558	-381.492	264.2362	2.318585	2.398389
55524	-111.5803	-375.3003	263.72	1.435954	3.249697
55530	-113.2705	-376.7919	263.5214	1.638039	3.247608
55536	-118.0167	-381.6318	263.6151	1.785402	3.104545
55542	-105.7536	-371.5711	265.8175	1.545143	1.870051
55548	-108.0405	-371.6552	263.6147	1.389099	3.339336
55554	-120.4572	-384.1298	263.6726	1.331244	3.339336
55560	-111.3187	-376.8423	265.5237	1.572372	2.049049
55566	-122.049	-387.5634	265.5144	1.589792	2.043652
55572	-121.172	-385.6161	264.4441	1.71072	2.647828
55578	-109.1162	-373.7919	264.6757	1.519989	2.622616
55584	-125.6067	-388.5719	262.9652	1.999357	3.362444
55590	-122.8067	-385.8669	263.0601	2.404928	3.066035
55596	-118.2533	-382.0537	263.8004	2.292584	2.685863
55602	-106.6992	-372.6611	265.9619	1.941982	1.483666
55608	-104.8899	-370.6828	265.7929	1.48748	1.925857
55614	-104.9041	-368.2242	263.32	1.425329	3.490749
55620	-103.6575	-367.4831	263.8256	1.552736	3.117768
55626	-105.7701	-370.5328	264.7628	1.394822	2.646121
55632	-112.7569	-376.7306	263.9737	1.304709	3.177146
55638	-108.2236	-372.7971	264.5735	1.568304	2.655828
55644	-103.856	-369.738	265.882	1.492488	1.86193
55650	-111.0307	-375.7963	264.7655	1.535992	2.557027
55656	-113.2294	-378.3401	265.1107	1.733895	2.213354
55662	-113.5302	-378.7578	265.2276	1.800681	2.093666
55668	-111.7553	-377.0668	265.3116	1.652684	2.135626
55674	-107.7221	-372.0058	264.2837	1.468283	2.893644
55680	-100.327	-364.6261	264.299	1.391416	2.930783
55686	-104.6201	-368.7032	264.0831	1.025574	3.27756
55692	-104.805	-367.343	262.538	1.03855	4.16326
55698	-107.2927	-370.9554	263.6627	1.312804	3.356002
55704	-113.7759	-374.7701	260.9942	1.101433	4.994724
55710	-118.0872	-380.2052	262.118	1.019841	4.41159
55716	-120.4404	-381.5198	261.0794	0.9286791	5.043394
55722	-107.7975	-371.0009	263.2034	0.9583584	3.828747
55728	-111.5569	-374.777	263.2201	1.096983	3.739255
55734	-106.6701	-368.9302	262.2601	1.067098	4.30462
55740	-102.9931	-365.4878	262.4947	1.041289	4.186267
55746	-99.13404	-362.0924	262.9584	1.220156	3.81913
55752	-106.635	-370.6375	264.0025	1.471181	3.06088
55758	-115.8692	-380.0397	264.1705	1.303205	3.06088
55764	-113.3965	-378.5047	265.1082	1.73122	2.216681
55770	-110.3683	-372.9996	262.6313	1.384976	3.912295
55776	-107.0829	-372.2156	265.1327	1.425947	2.39593
55782	-122.4533	-388.9184	266.4651	1.31537	1.575399
55788	-128.5301	-394.5263	265.9962	1.613979	1.697993
55794	-119.9451	-385.3449	265.3999	1.461916	2.20222
55800	-114.7535	-379.5169	264.7634	1.447903	2.612961
55806	-120.8555	-386.6304	265.775	1.519296	1.916476
55812	-127.5946	-394.0367	266.4422	2.341212	0.510849
55818	-114.1583	-380.7566	266.5983	2.166561	0.6030022
55824	-119.4112	-385.766	266.3549	1.506508	1.515584
55830	-116.7098	-382.7758	266.066	1.530866	1.707421
55836	-116.4554	-382.646	266.1906	1.506526	1.635931
55842	-125.6457	-391.8813	266.2357	2.541091	0.4438527
55848	-109.6874	-375.6161	265.9287	2.756677	0.3098517
55854	-129.0902	-395.1706	266.0804	2.605001	0.3098517
55860	-137.6619	-400.8216	263.1597	1.309637	3.65125
55866	-139.2316	-402.7891	263.5575	1.463382	3.329333
55872	-112.3199	-378.2746	265.9548	2.750496	0.3272804
55878	-116.6963	-383.0295	266.3332	2.44888	0.5280705
55884	-107.2818	-373.6843	266.4025	2.37693	0.455557
55890	-104.2472	-370.5373	266.2901	2.481417	0.426195
55896	-104.249	-370.476	266.227	2.53867	0.4112459
55902	-100.2423	-366.4049	266.1626	2.598151	0.400647
55908	-102.5626	-368.9385	266.3759	2.401094	0.4448569
55914	-101.2025	-367.4951	266.2927	2.465969	0.3964301
55920	-96.76299	-362.9198	266.1568	2.570653	0.3505819
55926	-88.37315	-354.2983	265.9251	2.73783	0.2928432
55932	-94.15044	-360.0594	265.909	2.785074	0.3171597
55938	-116.7487	-382.5802	265.8315	2.835652	0.2958346
55944	-101.1223	-366.9857	265.8633	2.800304	0.2933307
55950	-109.7296	-375.5066	265.777	2.85813	0.2745938
55956	-98.77954	-364.4653	265.6858	2.939296	0.2686219
55962	-96.79452	-362.5221	265.7276	2.891436	0.2651889
55968	-104.2221	-370.3048	266.0827	2.641771	0.3471878
55974	-111.125	-377.45	266.325	2.455694	0.4628291
55980	-110.5182	-376.9026	266.3844	2.399072	0.5083376
55986	-105.4795	-371.8338	266.3543	2.424983	0.4552347
55992	-102.8481	-369.1555	266.3074	2.458196	0.4110311
55998	-104.7395	-371.0853	266.3458	2.436486	0.4748761
56004	-108.6868	-374.7138	266.0271	2.70003	0.3502127
56010	-115.0638	-381.311	266.2472	2.524363	0.4264284
56016	-112.1486	-378.4936	266.345	2.434613	0.4568231
56022	-106.2933	-372.7915	266.4982	2.278608	0.4438126
56028	-109.2856	-375.508	266.2224	2.553643	0.4411319
56034	-116.3156	-382.8122	266.4966	2.122846	0.8435782
56040	-122.0152	-388.7877	266.7725	1.882574	0.7979847
56046	-112.3611	-378.9854	266.6243	1.83225	1.019963
56052	-121.1357	-384.0224	262.8867	1.147376	3.902104
56058	-123.2058	-386.9134	263.7077	1.445373	3.2514
56064	-116.0556	-382.1585	266.1029	1.947275	1.371117
56070	-113.7472	-380.4096	266.6624	1.888174	0.9230586
56076	-114.051	-380.7179	266.6669	1.952485	0.8436592
56082	-120.7721	-381.9375	261.1654	1.06571	4.919402
56088	-113.5958	-375.6142	262.0183	1.0463	4.452818
56094	-106.7958	-373.3179	266.5221	2.246697	0.5911665
56100	-119.4838	-386.2	266.7163	2.01409	0.6813888
56106	-109.2402	-375.6382	266.398	1.873177	1.189549
56112	-106.9355	-373.2969	266.3615	2.011207	1.099447
56118	-115.5595	-382.1675	266.608	1.761305	1.102492
56124	-118.1197	-384.6931	266.5734	2.099997	0.7728077
56130	-121.5131	-388.183	266.6699	1.907254	0.8934477
56136	-122.9806	-389.518	266.5375	1.9628	0.9761942
56142	-126.8745	-392.9508	266.0763	1.726619	1.558883
56148	-123.3953	-389.0924	265.6971	1.882161	1.719876
56154	-117.2453	-382.7842	265.5389	1.565642	2.043435
56160	-118.6266	-384.5938	265.9672	1.659489	1.686302
56166	-124.0733	-389.4222	265.3488	1.66761	2.101459
56172	-129.4301	-395.338	265.9079	1.816275	1.616412
56178	-130.4587	-396.6438	266.1851	2.033052	1.234691
56184	-122.9488	-389.1965	266.2477	2.522187	0.4217485
56190	-132.796	-398.8348	266.0388	2.728295	0.4146442
56196	-129.6501	-395.0214	265.3713	3.102064	0.2020289
56202	-120.5881	-386.0339	265.4458	3.114547	0.2358042
56208	-128.8417	-394.8724	266.0307	2.724931	0.3909049
56214	-113.287	-379.4438	266.1568	2.625007	0.4703064
56220	-121.9625	-388.2187	266.2562	2.49526	0.3836873
56226	-132.3931	-398.521	266.1279	2.630316	0.3955983
56232	-132.2868	-398.2522	265.9654	2.797107	0.4042043
56238	-138.4914	-404.4041	265.9128	2.750368	0.2929729
56244	-121.4835	-386.7201	265.2366	3.13262	0.1711372
56250	-111.8073	-376.6633	264.856	3.417086	0.1486144
56256	-114.9934	-379.9473	264.9539	3.336353	0.1523053
56262	-112.4948	-377.4859	264.991	3.304586	0.1534861
56268	-108.4277	-372.9525	264.5248	3.534272	0.1113656
56274	-115.7537	-382.1535	266.3997	2.307175	0.722162
56280	-116.2245	-382.4936	266.2691	2.512825	0.5292926
56286	-115.2987	-381.6701	266.3714	2.411649	0.5162633
56292	-107.3901	-372.1626	264.7725	3.371909	0.1245106
56298	-109.447	-374.0672	264.6202	3.46986	0.1159224
56304	-114.3132	-378.5994	264.2862	3.584582	0.08804867
56310	-110.5785	-374.9293	264.3508	3.497936	0.08573475
56316	-113.231	-377.5469	264.3159	3.535846	0.08603946
56322	-117.9346	-383.6186	265.684	2.901492	0.247569
56328	-118.6633	-384.0041	265.3407	3.139973	0.2045528
56334	-113.0921	-377.3141	264.222	3.614893	0.08452001
56340	-122.2206	-386.7729	264.5523	3.406754	0.09813314
56346	-104.1823	-368.6596	264.4773	3.511216	0.1018119
56352	-119.4856	-384.0402	264.5547	3.511216	0.1123441
56358	-120.547	-385.1715	264.6245	3.429897	0.1106964
56364	-111.5193	-376.0804	264.5611	3.52942	0.115993
56370	-122.445	-388.5641	266.1191	2.621944	0.3679339
56376	-119.381	-385.6784	266.2975	2.486071	0.493939
56382	-121.7206	-386.311	264.5904	3.537933	0.1218945
56388	-124.4881	-389.5992	265.1111	3.251279	0.1693757
56394	-124.6849	-389.4658	264.7809	3.394985	0.1298845
56400	-116.5199	-382.9997	266.4797	2.269905	0.6418337
56406	-112.5643	-379.1343	266.57	2.156132	0.6891758
56412	-123.7018	-390.2501	266.5483	2.015734	0.908189
56418	-120.1746	-386.6451	266.4705	2.033043	0.9728076
56424	-117.2622	-383.7601	266.498	2.005586	0.9728076
56430	-113.6839	-380.1635	266.4796	2.218922	0.735465
56436	-122.8093	-389.0282	266.2189	2.561997	0.53754
56442	-125.9689	-392.2268	266.2579	2.524622	0.5230597
56448	-128.92	-395.1832	266.2632	2.511249	0.435345
56454	-105.0524	-370.5042	265.4518	1.819262	1.932169
56460	-107.2311	-372.5364	265.3054	1.835103	2.01958
56466	-108.6337	-373.93	265.2963	1.824135	2.032894
56472	-107.8608	-372.8366	264.9758	1.816238	2.247173
56478	-112.7855	-376.9831	264.1976	1.789125	2.750975
56484	-119.5231	-383.9842	264.4611	2.020221	2.444662
56490	-104.5815	-370.0621	265.4806	1.372413	2.207899
56496	-101.6278	-366.4801	264.8523	1.268702	2.668674
56502	-100.7187	-364.4888	263.7702	1.385138	3.250056
56508	-105.3923	-367.0099	261.6176	1.045263	4.678429
56514	-114.8766	-376.8921	262.0155	1.040656	4.457622
56520	-113.8022	-374.4296	260.6274	1.238775	5.122054
56526	-108.7998	-372.3847	263.5849	1.408601	3.345425
56532	-114.0135	-379.4502	265.4367	1.554869	2.117783
56538	-108.81	-374.5827	265.7727	1.775828	1.741483
56544	-109.517	-375.7213	266.2042	2.347386	0.9219074
56550	-118.0634	-382.8301	264.7667	1.611758	2.509133
56556	-115.3733	-379.6419	264.2685	1.536044	2.86182
56562	-112.5415	-376.4389	263.8973	1.416779	3.155966
56568	-108.5884	-371.7763	263.1878	1.436062	3.561518
56574	-113.6214	-376.9579	263.3364	1.59785	3.380199
56580	-111.423	-377.1415	265.7185	1.768826	1.784215
56586	-109.8457	-375.7336	265.8879	2.261187	1.291891
56592	-105.9218	-371.2861	265.3643	1.431894	2.244501
56598	-107.8792	-372.4576	264.5783	1.715033	2.562095
56604	-113.9288	-379.7325	265.8037	2.190648	1.414638
56610	-103.246	-368.9023	265.6563	2.077536	1.609365
56616	-105.3324	-370.6994	265.367	2.010947	1.859558
56622	-112.0791	-378.3986	266.3195	1.828856	1.292488
56628	-110.1084	-376.288	266.1796	1.820705	1.410019
56634	-116.1667	-382.2798	266.1131	2.12499	1.21791
56640	-100.6372	-366.9304	266.2931	2.012932	1.159198
56646	-96.87597	-363.2626	266.3866	1.777932	1.279239
56652	-86.30651	-352.6273	266.3208	1.613449	1.460698
56658	-88.4169	-354.4551	266.0382	1.709689	1.599143
56664	-90.25372	-356.6593	266.4056	1.873294	1.182906
56670	-94.98149	-361.3115	266.33	1.865614	1.253529
56676	-94.53193	-360.4148	265.8828	1.701527	1.716274
56682	-106.5562	-372.2477	265.6915	1.61993	1.904848
56688	-106.952	-371.3641	264.4121	1.385402	2.866104
56694	-113.7365	-377.7516	264.0151	1.358621	3.120494
56700	-112.9373	-378.5995	265.6622	1.559231	1.965564
56706	-101.6089	-368.154	266.5451	1.907688	1.023661
56712	-98.98476	-365.6685	266.6837	1.969358	0.8007003
56718	-93.30027	-359.9666	266.6663	2.094592	0.6141982
56724	-111.6382	-377.2426	265.6044	2.016328	1.690524
56730	-95.60646	-362.0157	266.4092	2.360103	0.4201801
56736	-93.22278	-359.5446	266.3218	2.447474	0.4201801
56742	-100.7813	-367.0078	266.2265	2.557095	0.5014989
56748	-101.0518	-367.4708	266.4189	2.364391	0.4881784
56754	-98.06884	-364.4764	266.4076	2.367055	0.4360478
56760	-101.1577	-367.3391	266.1814	2.576964	0.3959415
56766	-97.19635	-363.1611	265.9648	2.76004	0.3475444
56772	-88.30028	-354.6089	266.3086	2.465187	0.4332341
56778	-100.7499	-367.3989	266.649	2.099314	0.6448809
56784	-100.5067	-367.1239	266.6172	2.059947	0.7674885
56790	-92.87443	-359.297	266.4226	2.148721	0.9001141
56796	-95.67925	-362.1336	266.4543	1.902414	1.113957
56802	-95.77935	-362.3383	266.5589	1.820423	1.093303
56808	-107.7357	-374.2185	266.4828	1.934077	1.058238
56814	-95.27321	-361.7345	266.4612	2.001186	1.014209
56820	-112.9942	-379.2862	266.292	2.488749	0.5387808
56826	-102.1852	-368.4645	266.2793	2.503838	0.5151638
56832	-100.517	-362.092	261.575	1.340094	4.536946
56838	-101.1563	-364.311	263.1547	1.49117	3.548729
56844	-106.6456	-372.1693	265.5237	1.620963	2.0168
56850	-99.98559	-365.9238	265.9382	1.632828	1.725672
56856	-94.59511	-360.8909	266.2957	1.745404	1.37818
56862	-98.91145	-365.1584	266.247	1.937236	1.263022
56868	-105.8714	-372.3109	266.4394	2.287674	0.6874017
56874	-101.7864	-368.3753	266.5889	2.097469	0.7539965
56880	-107.092	-373.4282	266.3363	2.199514	0.9390324
56886	-105.0911	-371.0124	265.9212	2.032557	1.445812
56892	-109.0667	-375.1412	266.0746	1.801878	1.504311
56898	-106.1175	-372.3828	266.2653	2.193326	1.017971
56904	-102.8988	-369.2463	266.3474	2.322733	0.7773469
56910	-97.70421	-363.9585	266.2543	2.482737	0.6685449
56916	-110.1518	-376.4781	266.3263	2.439392	0.6005902
56922	-122.1536	-388.3938	266.2402	2.542031	0.4747057
56928	-117.3939	-383.3872	265.9933	2.71022	0.3256421
56934	-103.787	-369.7029	265.9159	2.787605	0.3256421
56940	-99.83842	-365.9797	266.1413	2.634172	0.4389477
56946	-100.3997	-366.7639	266.3641	2.418894	0.5170602
56952	-109.5339	-375.8027	266.2688	2.504531	0.5749325
56958	-105.1258	-371.569	266.4432	2.304264	0.6467895
56964	-130.1577	-396.2423	266.0847	2.684579	0.4199773
56970	-126.3875	-392.5109	266.1235	2.647269	0.4240192
56976	-114.8636	-380.4873	265.6238	2.948105	0.2410337
56982	-109.3782	-375.0824	265.7042	2.924877	0.2709801
56988	-107.9689	-373.8448	265.8759	2.827528	0.3255513
56994	-102.9722	-368.8113	265.8391	2.830741	0.2978021
57000	-91.03006	-357.0197	265.9896	2.713647	0.3254204
57006	-91.38834	-357.7777	266.3894	2.378967	0.4177244
57012	-101.1201	-367.4075	266.2874	2.468616	0.6268478
57018	-97.66401	-364.3301	266.6661	1.925836	0.876522
57024	-86.75303	-353.3031	266.5501	2.232127	0.5264468
57030	-87.35076	-353.8229	266.4721	2.28612	0.6212206
57036	-96.4906	-362.9174	266.4268	2.356289	0.4844809
57042	-107.4383	-373.979	266.5407	2.240625	0.5344264
57048	-99.29955	-365.7168	266.4172	2.365893	0.4846983
57054	-100.0088	-366.3046	266.2958	2.482604	0.450608
57060	-102.9032	-369.3985	266.4953	2.107987	0.8631196
57066	-99.73228	-366.0406	266.3083	2.386465	0.7413836
57072	-101.4864	-368.117	266.6306	1.991581	0.8403098
57078	-97.14331	-363.6302	266.4869	2.057255	0.9300122
57084	-108.2053	-374.7775	266.5721	1.745665	1.14886
57090	-107.0787	-373.7831	266.7044	1.929872	0.8251268
57096	-110.8316	-377.3591	266.5275	2.115793	0.8135807
57102	-115.6578	-382.2029	266.5451	2.176227	0.697855
57108	-111.4198	-377.9146	266.4947	2.285829	0.5398943
57114	-128.7383	-393.4701	264.7317	3.396796	1.308591
57120	-116.2246	-382.879	266.6544	2.111187	0.6010083
57126	-119.932	-386.5219	266.5899	2.124566	0.7095762
57132	-112.1315	-378.7453	266.6138	2.087159	0.7317546
57138	-109.0698	-375.6213	266.5516	2.08667	0.8200691
57144	-110.7353	-377.4494	266.7141	2.000629	0.7091252
57150	-103.1086	-369.6711	266.5625	1.966567	0.9461261
57156	-100.0871	-366.5129	266.4258	1.940648	1.105091
57162	-99.75603	-366.3056	266.5496	1.697849	1.209926
57168	-97.31455	-364.0633	266.7487	1.99313	0.6587256
57174	-107.1676	-373.7957	266.6281	1.920106	0.9256146
57180	-104.6898	-371.1738	266.484	2.039578	0.9520037
57186	-114.0488	-380.6176	266.5688	2.157365	0.6891663
57192	-120.7197	-386.4081	265.6884	1.505395	1.984056
57198	-122.6991	-388.2182	265.5191	1.69999	1.967095
57204	-96.95156	-363.316	266.3644	2.328079	0.7448083
57210	-103.9653	-370.244	266.2787	2.504577	0.5128295
57216	-104.8022	-370.9126	266.1103	2.661204	0.4263172
57222	-97.79281	-363.3836	265.5908	2.930213	0.2193687
57228	-103.971	-369.5575	265.5865	2.930213	0.2176922
57234	-101.2686	-366.6205	265.3519	3.127993	0.2042824
57240	-105.3406	-370.774	265.4334	3.098094	0.2235244
57246	-110.673	-375.9263	265.2533	3.192979	0.1931875
57252	-114.1719	-379.5572	265.3853	3.06099	0.1931875
57258	-113.9189	-379.6516	265.7328	2.934585	0.2959926
57264	-128.0274	-394.2195	266.1921	2.589976	0.4726622
57270	-105.3899	-371.4549	266.065	2.690004	0.3897457
57276	-97.52562	-363.6672	266.1416	2.613392	0.3897457
57282	-105.6952	-371.862	266.1668	2.578403	0.3739405
57288	-99.26864	-365.0875	265.8189	2.856036	0.3016313
57294	-104.9371	-371.0206	266.0835	2.636849	0.3426311
57300	-102.1901	-367.8861	265.696	2.957036	0.2860202
57306	-99.79426	-365.54	265.7457	2.874937	0.2661146
57312	-93.70158	-359.5258	265.8242	2.796467	0.2661146
57318	-92.27025	-357.6307	265.3604	3.062928	0.1861756
57324	-91.79619	-357.037	265.2408	3.214291	0.1959853
57330	-90.00322	-355.3784	265.3752	3.079842	0.1959853
57336	-91.56925	-357.5123	265.9431	2.754628	0.3203595
57342	-101.0787	-366.934	265.8553	2.838932	0.3172593
57348	-99.73978	-364.9261	265.1863	3.264185	0.1945247
57354	-99.88376	-365.0453	265.1616	3.250211	0.1827991
57360	-102.3584	-367.8435	265.4851	3.09516	0.2449947
57366	-96.1156	-361.2696	265.154	3.214854	0.1710563
57372	-106.0083	-370.9821	264.9738	3.34741	0.1593111
57378	-106.9046	-372.1557	265.2511	3.135504	0.1757563
57384	-100.0496	-364.878	264.8285	3.382905	0.1363221
57390	-98.54904	-363.5446	264.9955	3.215835	0.1363221
57396	-92.66728	-358.4285	265.7612	2.890755	0.2852971
57402	-97.93373	-363.7367	265.803	2.851082	0.2867348
57408	-96.36507	-361.8379	265.4728	3.055606	0.2223083
57414	-93.22374	-358.6987	265.475	2.990765	0.1994835
57420	-92.87905	-358.6849	265.8058	2.904432	0.3321355
57426	-110.5778	-376.6486	266.0708	2.684584	0.3905202
57432	-106.1154	-372.1086	265.9932	2.736482	0.3533138
57438	-100.8116	-366.4921	265.6805	2.906312	0.2481847
57444	-101.4313	-367.5945	266.1632	2.589167	0.3852732
57450	-91.15618	-356.9798	265.8237	2.820701	0.2803651
57456	-92.31602	-358.007	265.691	2.933634	0.2683937
57462	-94.69061	-360.4185	265.7279	2.928139	0.2880616
57468	-94.87381	-360.6679	265.7941	2.861934	0.2880616
57474	-107.9859	-374.0785	266.0926	2.62855	0.3434765
57480	-111.0974	-377.0454	265.9481	2.773094	0.3434966
57486	-100.6685	-367.0187	266.3502	2.430087	0.4606601
57492	-109.7525	-375.9485	266.196	2.578397	0.4350686
57498	-105.4746	-371.8011	266.3265	2.454038	0.4619397
57504	-115.3029	-381.6125	266.3095	2.473617	0.4853978
57510	-110.4511	-376.7209	266.2698	2.513337	0.4853978
57516	-115.092	-381.6104	266.5184	2.221929	0.6619001
57522	-148.9603	-415.3339	266.3737	2.236586	0.8547871
57528	-136.726	-403.0762	266.3501	2.402576	0.6348365
57534	-113.4867	-379.3578	265.8711	1.966889	1.53296
57540	-101.2947	-367.6233	266.3286	1.870566	1.250628
57546	-103.4676	-368.9019	265.4344	1.578743	2.103661
57552	-96.66556	-361.8376	265.172	1.408163	2.382321
57558	-105.2911	-370.1496	264.8585	1.397024	2.585566
57564	-109.6511	-375.2951	265.644	1.522787	2.002054
57570	-108.4877	-374.0284	265.5407	1.558931	2.046659
57576	-111.2257	-377.0032	265.7775	1.527924	1.908952
57582	-107.8931	-373.5113	265.6182	1.624372	1.951346
57588	-106.4929	-371.5428	265.0498	1.405014	2.461311
57594	-109.5199	-374.0054	264.4855	1.477628	2.765399
57600	-105.6066	-370.5769	264.9703	1.472477	2.468855
57606	-104.8952	-370.5597	265.6645	1.495288	2.006756
57612	-106.6131	-371.7871	265.174	1.622627	2.244251
57618	-102.1903	-368.0312	265.8409	1.587077	1.825257
57624	-99.4067	-365.4018	265.9951	1.748086	1.60257
57630	-106.3394	-372.0546	265.7152	1.627591	1.883546
57636	-104.7623	-370.374	265.6117	1.731101	1.883546
57642	-107.9045	-373.1027	265.1982	1.62917	2.224427
57648	-102.0612	-367.5349	265.4737	1.549706	2.096889
57654	-92.45806	-358.0383	265.5803	1.49718	2.061308
57660	-105.7261	-370.3223	264.5962	1.49718	2.685639
57666	-106.5377	-372.0286	265.4909	1.567628	2.073828
57672	-106.119	-371.9124	265.7935	1.547053	1.885113
57678	-110.3797	-376.0744	265.6947	1.578829	1.930493
57684	-109.9577	-375.6112	265.6535	1.656022	1.906151
57690	-103.192	-368.9289	265.737	1.50659	1.950695
57696	-99.66429	-365.6727	266.0084	1.588991	1.707044
57702	-102.4755	-368.7693	266.2938	1.642676	1.459024
57708	-98.67279	-364.2901	265.6173	1.625644	1.951077
57714	-102.6035	-368.962	266.3586	1.809931	1.27599
57720	-125.2407	-391.183	265.9423	2.789992	0.3564749
57726	-117.8401	-383.7824	265.9423	2.789992	0.3564749
57732	-112.2729	-378.7529	266.4801	2.190948	0.776188
57738	-104.5671	-371.2644	266.6973	2.059935	0.6238669
57744	-108.0877	-374.7848	266.6971	1.889983	0.8821511
57750	-111.8767	-377.9752	266.0985	1.845031	1.453663
57756	-108.8934	-375.0165	266.1231	1.743944	1.511353
57762	-121.55	-387.0305	265.4804	1.557172	2.087563
57768	-120.2472	-385.923	265.6758	1.625253	1.911861
57774	-120.5637	-385.6009	265.0372	1.424473	2.457018
57780	-117.116	-383.0161	265.9001	1.598694	1.776222
57786	-109.2099	-375.3557	266.1458	1.413861	1.733643
57792	-115.5971	-377.9562	262.3591	1.150519	4.201232
57798	-107.7658	-371.6572	263.8914	1.483981	3.119492
57804	-109.4158	-373.8837	264.4679	1.34091	2.859237
57810	-110.7692	-375.4613	264.6921	1.16416	2.830444
57816	-102.1318	-367.1199	264.9882	1.362691	2.526319
57822	-100.8343	-365.2013	264.367	1.239278	2.981433
57828	-106.9105	-372.2357	265.3253	1.508964	2.220012
57834	-105.5881	-371.0391	265.451	1.449148	2.177329
57840	-103.6902	-367.9573	264.2672	1.257953	3.030115
57846	-104.9438	-370.65	265.7063	1.296398	2.110507
57852	-102.6117	-368.1318	265.5201	1.837393	1.873552
57858	-99.5089	-365.6245	266.1156	1.711309	1.541204
57864	-95.58172	-361.6558	266.074	1.435545	1.768705
57870	-101.1044	-366.3887	265.2842	1.349631	2.348293
57876	-109.0372	-372.5889	263.5518	1.180367	3.498466
57882	-115.6128	-379.1524	263.5396	1.352286	3.405032
57888	-98.42585	-363.0154	264.5896	1.455944	2.715006
57894	-105.2858	-368.5583	263.2725	1.123386	3.693747
57900	-103.3519	-368.387	265.0351	1.529139	2.392431
57906	-101.791	-367.5518	265.7608	1.482131	1.951083
57912	-99.12531	-364.7138	265.5885	1.674918	1.937338
57918	-107.5538	-372.8491	265.2953	1.620792	2.166996
57924	-106.1114	-372.0581	265.9467	1.503081	1.810172
57930	-107.9889	-371.7906	263.8016	0.9885004	3.464609
57936	-105.3974	-369.407	264.0096	0.979226	3.348168
57942	-105.208	-369.4135	264.2055	1.167046	3.121213
57948	-94.03003	-359.8353	265.8053	1.24582	2.078705
57954	-96.46843	-362.2065	265.7381	1.312963	2.078705
57960	-101.0731	-366.0045	264.9314	1.202985	2.660406
57966	-103.9498	-368.7852	264.8355	1.298955	2.660406
57972	-102.4272	-367.8509	265.4237	1.140021	2.392723
57978	-108.042	-374.1302	266.0882	1.417383	1.771491
57984	-95.21855	-361.412	266.1934	1.516981	1.626342
57990	-113.7221	-380.247	266.5249	2.168002	0.7442094
57996	-101.1655	-367.7399	266.5744	2.067601	0.8152797
58002	-103.9644	-370.2679	266.3035	2.078703	1.090662
58008	-106.6717	-373.0751	266.4034	1.940094	1.12593
58014	-112.4169	-377.8523	265.4354	1.899205	1.889119
58020	-103.033	-368.2815	265.2486	1.453267	2.304977
58026	-107.1828	-371.8047	264.6219	1.188942	2.857992
58032	-102.2292	-366.4564	264.2272	1.296068	3.031211
58038	-100.678	-365.6286	264.9507	1.363135	2.549401
58044	-104.448	-369.8692	265.4213	1.171118	2.374603
58050	-106.4789	-371.9531	265.4742	1.317714	2.247245
58056	-89.81355	-356.0617	266.2482	1.651374	1.486985
58062	-81.58611	-347.5337	265.9476	1.516135	1.800556
58068	-92.28528	-358.3501	266.0648	1.554487	1.691526
58074	-100.8525	-367.6237	266.7712	1.727162	0.9781184
58080	-106.1834	-369.0875	262.9041	1.205592	3.858713
58086	-101.1085	-362.6959	261.5874	1.086627	4.672158
58092	-102.7569	-367.2567	264.4997	1.484058	2.752791
58098	-97.28177	-363.6393	266.3575	1.654501	1.400917
58104	-98.94834	-365.0194	266.071	1.909816	1.425065
58110	-107.9023	-373.7669	265.8646	1.821138	1.644096
58116	-116.2375	-381.6539	265.4165	1.745117	2.005547
58122	-109.1557	-375.4687	266.313	2.468693	0.5314358
58128	-110.7575	-377.05	266.2925	2.488368	0.4642313
58134	-117.287	-382.9883	265.7013	2.2371	1.457549
58140	-112.7997	-378.772	265.9722	2.207291	1.266888
58146	-107.8599	-372.8066	264.9467	2.043144	2.1189
58152	-107.3071	-372.2544	264.9473	1.778223	2.289878
58158	-103.9874	-369.4273	265.4399	1.885886	1.895108
58164	-89.44227	-354.6926	265.2503	2.075475	1.895108
58170	-88.5059	-353.4669	264.961	1.815038	2.257459
58176	-106.4702	-371.8701	265.3999	1.801265	1.979103
58182	-105.8022	-371.0858	265.2836	1.953554	1.954967
58188	-116.4698	-380.9187	264.4489	1.661797	2.675016
58194	-123.5175	-387.9254	264.4079	1.856119	2.580308
58200	-128.8137	-394.8492	266.0355	2.743615	0.4543706
58206	-125.0242	-391.3403	266.3161	2.403958	0.7000406
58212	-115.7385	-380.6121	264.8735	2.003353	2.192439
58218	-107.5419	-372.6514	265.1095	1.994869	2.043543
58224	-115.744	-380.8011	265.0571	2.248902	1.908571
58230	-126.3411	-392.6815	266.3405	2.427764	0.5928216
58236	-131.506	-397.8229	266.3169	2.428511	0.6512796
58242	-125.4024	-390.4955	265.0931	2.43806	1.753665
58248	-127.3393	-392.8868	265.5474	2.499124	1.373935
58254	-124.6046	-390.2718	265.6672	2.861862	0.9461938
58260	-123.3808	-389.0368	265.656	2.451476	1.325522
58266	-115.0386	-380.1389	265.1002	2.285152	1.854483
58272	-123.6477	-389.2273	265.5796	2.305791	1.497607
58278	-120.1995	-385.2068	265.0072	2.207999	1.969685
58284	-121.6467	-387.273	265.6263	2.198741	1.542578
58290	-107.3384	-372.7048	265.3664	2.173726	1.747347
58296	-107.8131	-373.7122	265.8992	1.976895	1.504606
58302	-104.8003	-369.3966	264.5963	1.8523	2.465184
58308	-106.8879	-371.849	264.9611	1.843813	2.238885
58314	-97.77896	-362.4467	264.6677	1.822715	2.438937
58320	-99.05968	-363.7117	264.652	1.882411	2.411244
58326	-96.34264	-361.7873	265.4447	1.955495	1.84433
58332	-97.45089	-362.6327	265.1818	2.003103	1.989965
58338	-106.6979	-371.71	265.0121	2.105092	2.035039
58344	-108.008	-372.6415	264.6334	1.900643	2.411444
58350	-119.581	-382.4466	262.8656	1.076792	3.954643
58356	-116.5557	-378.1365	261.5809	1.321357	4.544193
58362	-133.9676	-395.9612	261.9936	1.501299	4.209606
58368	-135.3385	-398.0773	262.7389	1.635043	3.706464
58374	-140.6914	-403.7104	263.019	1.734616	3.485934
58380	-128.8523	-390.8262	261.974	1.565422	4.184356
58386	-123.1835	-386.2263	263.0428	1.670151	3.509681
58392	-121.7143	-384.9269	263.2126	1.784752	3.343163
58398	-116.0585	-379.1693	263.1108	1.886526	3.343163
58404	-122.4753	-386.0429	263.5677	1.947075	3.03631
58410	-115.5551	-380.6957	265.1406	2.017431	2.007918
58416	-113.3592	-377.4818	264.1226	1.915515	2.719561
58422	-117.5023	-382.5366	265.0343	1.771675	2.238224
58428	-114.6946	-380.2245	265.5299	2.308631	1.532573
58434	-117.3197	-382.8686	265.5489	2.219773	1.584
58440	-110.5076	-375.962	265.4544	2.386543	1.530761
58446	-118.0728	-383.4391	265.3663	2.231751	1.706601
58452	-126.1255	-391.5409	265.4153	2.044122	1.803525
58458	-123.9679	-389.2589	265.291	2.320889	1.696824
58464	-124.387	-389.6636	265.2766	2.289451	1.72917
58470	-117.0939	-382.4995	265.4056	1.623759	2.092959
58476	-105.5657	-371.8009	266.2352	1.831921	1.357748
58482	-99.85482	-365.8657	266.0109	1.698185	1.627286
58488	-100.123	-366.7519	266.6289	2.025217	0.799283
58494	-101.9611	-368.3506	266.3896	2.127452	0.9588593
58500	-106.0501	-371.9932	265.9431	2.073903	1.397058
58506	-102.6523	-368.9786	266.3262	1.887987	1.238015
58512	-106.8532	-372.7183	265.8651	1.805214	1.655162
58518	-106.174	-372.143	265.969	1.795593	1.587033
58524	-112.6724	-378.8497	266.1773	1.93961	1.317957
58530	-121.8956	-387.4451	265.5495	2.079415	1.68472
58536	-123.2295	-389.035	265.8056	1.950998	1.592855
58542	-107.3794	-373.6375	266.2581	1.912531	1.27425
58548	-102.8963	-369.0491	266.1527	1.910052	1.361133
58554	-106.8921	-373.2428	266.3507	1.898406	1.208502
58560	-108.9088	-374.2168	265.308	1.463685	2.260275
58566	-120.119	-385.0439	264.9248	1.483738	2.490279
58572	-121.1277	-385.5978	264.47	1.711124	2.631599
58578	-116.9924	-382.3486	265.3562	2.117713	1.793468
58584	-104.9561	-371.3864	266.4303	2.328357	0.6202077
58590	-121.0493	-387.1942	266.1449	1.834157	1.426469
58596	-115.4007	-381.543	266.1423	1.77015	1.477251
58602	-98.1211	-364.6198	266.4987	2.237977	0.6691161
58608	-106.3255	-372.9927	266.6672	1.901219	0.9033436
58614	-115.9606	-382.5511	266.5906	2.046139	0.8220175
58620	-136.6123	-402.6356	266.0233	1.984338	1.404311
58626	-126.0583	-392.5102	266.4519	2.109028	0.9116669
58632	-106.8751	-373.5064	266.6312	2.095993	0.6871631
58638	-105.0665	-371.6213	266.5548	2.172438	0.6871631
58644	-87.87608	-354.4073	266.5313	2.118694	0.8048186
58650	-96.57224	-363.1598	266.5876	2.159743	0.6470333
58656	-94.35378	-360.7953	266.4416	2.342011	0.4958909
58662	-93.99761	-360.6425	266.6449	1.949895	0.8732101
58668	-97.89964	-364.5155	266.6159	1.856512	1.004357
58674	-101.1045	-367.5527	266.4482	2.225777	0.7720285
58680	-106.0086	-372.424	266.4154	2.366578	0.5287146
58686	-111.7562	-378.2128	266.4566	2.310741	0.4151967
58692	-106.7625	-373.0751	266.3125	2.434908	0.3773154
58698	-104.9761	-370.8713	265.8952	2.794649	0.3135894
58704	-102.1204	-368.2466	266.1262	2.599676	0.3487963
58710	-98.12422	-363.9317	265.8075	2.82995	0.2760233
58716	-109.3174	-375.19	265.8726	2.764818	0.2760233
58722	-101.4639	-367.1909	265.7271	2.868925	0.2528182
58728	-108.6917	-374.1762	265.4845	2.998957	0.2054997
58734	-116.0992	-381.4751	265.3759	3.036224	0.1828958
58740	-101.7614	-367.4925	265.7311	2.900957	0.2727828
58746	-103.0533	-368.9399	265.8866	2.745541	0.2727828
58752	-103.9142	-370.0369	266.1227	2.65254	0.4381878
58758	-100.688	-366.8177	266.1298	2.547613	0.3034989
58764	-97.76981	-364.2406	266.4708	2.31014	0.5373014
58770	-91.53473	-357.8584	266.3237	2.450293	0.4337798
58776	-95.30178	-361.6437	266.3419	2.436892	0.4525041
58782	-99.50213	-365.298	265.7958	2.855571	0.2849514
58788	-101.931	-367.8111	265.88	2.771366	0.2849514
58794	-96.99962	-362.7488	265.7492	2.853443	0.2562505
58800	-97.79019	-363.4205	265.6303	2.943393	0.2418904
58806	-96.29627	-362.0707	265.7744	2.854427	0.2708538
58812	-101.1601	-367.1698	266.0097	2.690522	0.3225897
58818	-99.72971	-365.8686	266.1389	2.612745	0.384009
58824	-113.054	-379.3704	266.3163	2.466525	0.5193454
58830	-104.2517	-370.543	266.2914	2.49209	0.4918268
58836	-107.3783	-373.5149	266.1367	2.636086	0.4298821
58842	-109.4321	-375.7401	266.308	2.426963	0.3598827
58848	-109.2003	-375.5448	266.3445	2.434444	0.4532439
58854	-92.82675	-359.2041	266.3773	2.28063	0.7941867
58860	-104.3975	-370.9039	266.5065	2.261942	0.5922006
58866	-99.76678	-365.9377	266.1709	2.59691	0.4163703
58872	-97.10415	-363.4567	266.3526	2.430064	0.5220398
58878	-88.30659	-354.7975	266.4909	2.29268	0.5042106
58884	-124.7072	-391.1934	266.4861	1.532462	1.395802
58890	-102.24	-368.6797	266.4397	2.34384	0.501862
58896	-100.0889	-366.5397	266.4508	2.32304	0.5730613
58902	-94.61959	-361.2313	266.6117	2.146882	0.6202013
58908	-96.85369	-363.3093	266.4556	2.297755	0.6332248
58914	-105.5263	-371.6971	266.1707	2.590292	0.4011842
58920	-106.0405	-372.2685	266.228	2.552368	0.4607361
58926	-103.962	-370.172	266.21	2.536428	0.3757506
58932	-99.87034	-365.8396	265.9693	2.72319	0.3157557
58938	-98.95105	-364.8433	265.8922	2.776542	0.2970433
58944	-108.2862	-374.3357	266.0495	2.695791	0.3740805
58950	-106.8657	-372.8261	265.9604	2.796229	0.3926385
58956	-101.1757	-367.0231	265.8474	2.853757	0.3234876
58962	-116.2488	-382.5792	266.3304	2.448626	0.5495844
58968	-123.3502	-389.8829	266.5327	2.039493	0.8991088
58974	-118.9309	-385.3459	266.415	2.297784	0.7125202
58980	-108.3711	-374.5314	266.1603	2.62106	0.5341485
58986	-114.2201	-380.455	266.2348	2.498906	0.3582661
58992	-102.0362	-368.3943	266.3582	2.315297	0.7727466
58998	-98.83895	-365.2284	266.3894	2.057079	1.029806
59004	-103.9469	-370.2778	266.3309	2.256366	0.8818567
59010	-109.693	-376.2724	266.5794	1.814868	1.079507
59016	-109.7003	-375.941	266.2407	1.904163	1.295347
59022	-106.5442	-371.0863	264.5421	1.522376	2.703398
59028	-98.92039	-364.8499	265.9295	1.739904	1.655846
59034	-102.444	-368.7117	266.2677	1.842536	1.323344
59040	-101.4445	-367.6815	266.237	1.967363	1.246286
59046	-120.3632	-386.8043	266.4412	1.671787	1.321143
59052	-128.4162	-393.4089	264.9926	1.744714	2.282302
59058	-129.4465	-392.8176	263.3711	1.471398	3.433964
59064	-124.3904	-387.1056	262.7152	1.398338	3.856508
59070	-125.2965	-386.0324	260.7359	1.367177	4.990624
59076	-126.2254	-388.4445	262.2191	1.582435	4.035117
59082	-120.0375	-383.3996	263.362	1.640551	3.340068
59088	-122.8052	-385.3676	262.5624	1.483047	3.895552
59094	-116.8136	-379.1668	262.3532	1.245754	4.150494
59100	-127.4289	-390.2689	262.8399	1.014962	4.004666
59106	-118.1102	-379.336	261.2258	0.9799726	4.933502
59112	-119.0147	-383.1005	264.0857	1.364063	3.075145
59118	-114.8903	-381.1303	266.24	1.678018	1.473013
59124	-119.9662	-385.4062	265.44	1.516492	2.140716
59130	-124.0305	-388.9351	264.9046	1.416578	2.544818
59136	-130.516	-394.157	263.641	1.124934	3.478732
59142	-121.0325	-385.9229	264.8904	1.250852	2.656193
59148	-128.0511	-393.8774	265.8262	1.666247	1.780603
59154	-128.0608	-394.3962	266.3354	1.737696	1.352968
59160	-115.5869	-381.7548	266.1679	1.91975	1.341374
59166	-123.4131	-389.2162	265.8031	1.775009	1.720649
59172	-126.4718	-390.3806	263.9087	1.473042	3.115725
59178	-128.3618	-393.2564	264.8946	1.316647	2.612999
59184	-133.0351	-396.5403	263.5052	1.66765	3.23971
59190	-139.1815	-405.4237	266.2422	1.542947	1.571932
59196	-131.317	-397.6638	266.3467	1.805376	1.289418
59202	-116.7188	-382.8628	266.144	1.752757	1.489071
59208	-118.351	-384.7441	266.3932	1.87752	1.189989
59214	-124.5275	-391.2071	266.6797	1.901495	0.888889
59220	-118.4223	-385.1564	266.7342	1.912528	0.8091059
59226	-113.1542	-379.6257	266.4715	2.027206	0.977833
59232	-117.8362	-384.1852	266.349	1.821933	1.273965
59238	-126.1355	-391.7493	265.6138	1.663617	1.927851
59244	-112.7179	-377.2803	264.5624	2.524243	2.05528
59250	-110.7047	-376.3048	265.6001	1.451418	2.078424
59256	-113.705	-379.9552	266.2502	1.821696	1.353922
59262	-109.2666	-373.9248	264.6582	1.879709	2.409034
59268	-106.7718	-372.8811	266.1093	1.858862	1.434816
59274	-109.4922	-375.0295	265.5374	1.590332	2.028056
59280	-106.0463	-371.5706	265.5244	1.921103	1.813164
59286	-111.3198	-376.9313	265.6115	1.835075	1.812437
59292	-110.8111	-376.2506	265.4395	1.832605	1.931471
59298	-110.9925	-377.1263	266.1338	2.319808	1.022852
59304	-106.7713	-372.6928	265.9215	2.142443	1.360202
59310	-122.7083	-389.2329	266.5246	2.175462	0.7330707
59316	-117.9562	-384.604	266.6477	2.117875	0.6009413
59322	-112.6033	-379.006	266.4027	1.914048	1.149748
59328	-106.4336	-372.9183	266.4847	1.956353	1.035079
59334	-122.7734	-389.0067	266.2333	2.477244	0.7162009
59340	-117.0947	-383.1015	266.0068	1.845954	1.521983
59346	-118.3299	-384.6467	266.3169	1.957892	1.186506
59352	-124.8411	-391.2511	266.4101	1.766889	1.269023
59358	-108.2738	-374.8756	266.6018	1.775824	1.094899
59364	-117.0831	-383.6545	266.5714	1.798437	1.102047
59370	-113.127	-379.8163	266.6892	1.93644	0.8359317
59376	-106.3187	-372.8085	266.4898	2.291656	0.4679612
59382	-111.6356	-377.4831	265.8476	1.484947	1.89056
59388	-115.8593	-382.0915	266.2322	2.04681	1.182827
59394	-106.6907	-373.1917	266.5011	2.236057	0.6682644
59400	-117.4761	-383.9488	266.4726	2.287438	0.6164493
59406	-109.2847	-375.8816	266.5968	2.13303	0.6822849
59412	-118.175	-384.741	266.566	1.961884	0.9473817
59418	-106.6409	-373.1569	266.5159	1.848855	1.106642
59424	-111.5384	-377.5127	265.9743	2.143647	1.317138
59430	-114.9022	-381.4324	266.5302	1.618535	1.292143
59436	-112.7999	-379.2119	266.412	1.668937	1.346753
59442	-106.4269	-373.0562	266.6293	2.10154	0.6804952
59448	-107.2522	-373.8667	266.6146	2.116263	0.6804952
59454	-122.2121	-388.3212	266.1091	2.001291	1.323207
59460	-112.9092	-379.2361	266.3269	2.455313	0.5268541
59466	-107.7688	-374.1886	266.4198	2.361042	0.4636215
59472	-104.9947	-371.4147	266.42	2.329467	0.6421886
59478	-102.1962	-368.7242	266.528	2.182527	0.7162442
59484	-101.9989	-368.697	266.6981	2.068562	0.5977338
59490	-116.8752	-383.4979	266.6226	1.773811	1.077457
59496	-111.035	-377.6158	266.5808	2.153735	0.6733765
59502	-108.1766	-374.5115	266.3349	2.426546	0.4020586
59508	-111.6098	-377.5758	265.966	2.738767	0.3268035
59514	-105.585	-371.4971	265.9121	2.719492	0.2724591
59520	-104.3666	-370.5026	266.1359	2.594709	0.3544269
59526	-102.9347	-369.0592	266.1245	2.608894	0.3577958
59532	-97.16031	-363.4271	266.2668	2.497007	0.4069299
59538	-111.5645	-377.6792	266.1147	2.637563	0.3850113
59544	-123.0737	-389.2311	266.1574	2.587453	0.3734307
59550	-113.4665	-380.0117	266.5453	2.058008	0.8631431
59556	-121.3839	-387.898	266.5142	2.157168	0.7757195
59562	-105.937	-372.568	266.631	2.08082	0.7140223
59568	-108.0486	-374.6398	266.5912	2.157265	0.6445568
59574	-110.2611	-376.8684	266.6073	2.141143	0.6445568
59580	-104.5936	-371.2266	266.633	1.924622	0.9153031
59586	-101.5369	-368.1176	266.5806	1.99655	0.8934357
59592	-103.3465	-369.5853	266.2388	1.953612	1.256226
59598	-102.7363	-369.3601	266.6238	1.807087	1.044858
59604	-108.8576	-375.2108	266.3532	1.857406	1.241056
59610	-105.6954	-371.0721	265.3767	1.25704	2.34839
59616	-107.189	-372.7662	265.5772	1.638223	1.9696
59622	-103.6744	-369.8692	266.1948	1.444615	1.677241
59628	-109.9579	-375.5774	265.6196	1.590318	1.973276
59634	-108.9275	-375.4336	266.5062	1.798458	1.160464
59640	-115.2497	-381.3053	266.0556	1.457214	1.766462
59646	-122.299	-387.1708	264.8718	1.538729	2.489033
59652	-110.9698	-375.2557	264.2859	1.301282	2.992874
59658	-108.6796	-373.5896	264.91	1.332027	2.593942
59664	-114.168	-379.5419	265.374	1.473913	2.211203
59670	-102.4477	-368.0059	265.5582	1.628111	1.989042
59676	-96.07231	-362.7706	266.6983	1.926807	0.8365991
59682	-100.8849	-367.3662	266.4812	2.263264	0.6531499
59688	-99.86987	-366.525	266.6552	2.089341	0.6531499
59694	-104.5813	-370.9668	266.3855	1.975416	1.110172
59700	-102.4923	-368.9417	266.4494	2.008957	1.018184
59706	-95.33126	-361.8923	266.5611	2.037643	0.8685553
59712	-90.083	-356.5649	266.4819	2.199833	0.7607834
59718	-95.3592	-361.7042	266.345	2.438579	0.4995352
59724	-100.9223	-367.3408	266.4184	2.362465	0.5376115
59730	-100.9659	-367.2824	266.3164	2.465569	0.5286487
59736	-107.6042	-373.9424	266.3382	2.42117	0.6183246
59742	-116.9869	-383.0763	266.0894	2.433527	0.9526961
59748	-110.4085	-376.7168	266.3082	1.918358	1.22763
59754	-118.3598	-384.6983	266.3385	1.965231	1.161269
59760	-113.4861	-379.8173	266.3312	1.892217	1.230322
59766	-110.7015	-376.7131	266.0116	1.849657	1.51569
59772	-125.5573	-391.4898	265.9325	2.000642	1.461549
59778	-136.0664	-402.1113	266.0449	2.414021	1.017685
59784	-111.0275	-377.6888	266.6613	1.932899	0.8738468
59790	-114.6866	-380.8599	266.1733	2.468565	0.815398
59796	-108.9411	-375.1583	266.2172	2.551114	0.4175859
59802	-112.2983	-378.0138	265.7155	2.858818	0.2421865
59808	-104.7385	-370.4139	265.6754	2.888767	0.2375116
59814	-117.9274	-383.4724	265.5449	3.019243	0.2375116
59820	-121.7665	-387.4357	265.6692	2.894956	0.2375116
59826	-117.5412	-383.1031	265.5619	3.002285	0.2375116
59832	-111.6491	-377.0708	265.4217	2.987431	0.1820338
59838	-110.0853	-375.553	265.4677	3.061083	0.2224356
59844	-114.8257	-380.8369	266.0111	2.012814	1.391628
59850	-119.2206	-384.7659	265.5453	1.598035	2.017707
59856	-119.9516	-385.8472	265.8956	1.793973	1.641359
59862	-122.2381	-388.1614	265.9233	2.787361	0.332538
59868	-115.7353	-381.5748	265.8394	2.835069	0.3013001
59874	-104.0962	-369.9667	265.8705	2.773701	0.280258
59880	-99.77878	-365.7891	266.0103	2.674489	0.3094106
59886	-102.858	-368.9087	266.0507	2.644213	0.3178832
59892	-108.9481	-374.8505	265.9024	2.701928	0.2571192
59898	-120.0028	-385.9921	265.9894	2.736376	0.3486644
59904	-113.7228	-379.6912	265.9684	1.516798	1.785691
59910	-117.8636	-383.5105	265.6469	1.525493	1.998332
59916	-111.2372	-376.9619	265.7247	1.573775	1.913644
59922	-119.6284	-385.7759	266.1475	1.592091	1.605236
59928	-105.7375	-372.3567	266.6192	2.027601	0.8089372
59934	-106.3106	-370.6182	264.3076	2.133879	2.469674
59940	-104.0908	-369.645	265.5542	1.609191	2.004347
59946	-104.1238	-369.8492	265.7254	1.545001	1.932623
59952	-113.5095	-378.5475	265.038	1.496249	2.411318
59958	-110.9105	-376.7095	265.799	1.464297	1.937425
59964	-110.8654	-377.4102	266.5448	2.198174	0.656372
59970	-97.62082	-363.3968	265.776	1.366877	2.017969
59976	-96.81959	-361.7316	264.912	1.313743	2.604018
59982	-101.6712	-367.6588	265.9877	1.485942	1.793718
59988	-97.56052	-363.2682	265.7077	1.42515	2.024652
59994	-109.2877	-375.0285	265.7408	1.460132	1.97928
60000	-122.5304	-388.9686	266.4383	2.344285	0.4773814
60006	-113.6661	-380.0692	266.4031	2.378357	0.5336025
60012	-114.8047	-381.3627	266.558	2.225588	0.5047527
60018	-107.1053	-373.6863	266.5809	1.987276	0.9035819
60024	-105.9005	-372.4962	266.5957	2.146344	0.6582646
60030	-110.1092	-376.6731	266.5639	2.170146	0.6743146
60036	-103.4311	-369.9986	266.5675	2.185184	0.6349024
60042	-124.8201	-390.5016	265.6814	1.359616	2.085316
60048	-115.3601	-380.4301	265.0699	1.475492	2.40429
60054	-116.6737	-383.0875	266.4139	1.88601	1.164632
60060	-116.2461	-382.6905	266.4444	2.297759	0.6581262
60066	-108.7306	-375.2928	266.5622	2.069007	0.829001
60072	-116.3089	-382.7776	266.4688	2.30279	0.5815594
60078	-126.2352	-392.6103	266.3751	2.406353	0.4676508
60084	-112.6828	-378.9473	266.2644	2.497862	0.4037768
60090	-113.9793	-380.0341	266.0548	2.70094	0.3910695
60096	-118.5534	-384.2723	265.7188	2.956061	0.3015889
60102	-118.6506	-384.666	266.0154	2.714551	0.3535391
60108	-106.1169	-372.2016	266.0847	2.68794	0.429662
60114	-109.344	-375.7597	266.4158	2.364206	0.5437396
60120	-101.579	-367.7856	266.2066	2.552072	0.3964209
60126	-98.98163	-365.1365	266.1549	2.603741	0.3964209
60132	-120.7271	-385.9957	265.2687	3.20249	0.2012871
60138	-113.0528	-378.4945	265.4417	3.029427	0.2012871
60144	-120.3376	-386.3019	265.9642	2.749611	0.3357378
60150	-114.9981	-380.6427	265.6445	2.950432	0.2522759
60156	-112.8025	-378.5679	265.7654	2.826462	0.2507008
60162	-117.3126	-383.4614	266.1488	2.624723	0.4322288
60168	-113.4467	-379.556	266.1093	2.620595	0.3535791
60174	-116.5929	-382.3846	265.7918	2.903169	0.3179165
60180	-118.8311	-384.9402	266.1091	2.636926	0.3751529
60186	-117.1672	-383.3629	266.1956	2.557526	0.3865798
60192	-114.6645	-379.0829	264.4184	3.600796	0.1058348
60198	-108.2851	-372.6576	264.3726	3.646647	0.1058348
60204	-116.2596	-381.1848	264.9252	3.367996	0.1529435
60210	-124.6749	-390.8583	266.1834	1.586118	1.583426
60216	-114.41	-380.7232	266.3132	1.575044	1.495452
60222	-117.4144	-383.7513	266.3369	2.44638	0.5132483
60228	-117.7617	-384.0392	266.2775	2.505708	0.5132483
60234	-101.7796	-367.3374	265.5577	2.97982	0.2260041
60240	-106.7053	-372.2337	265.5284	3.000192	0.2223726
60246	-111.7968	-377.2841	265.4872	3.045014	0.2238448
60252	-98.68721	-364.4834	265.7962	2.844538	0.2780979
60258	-100.519	-366.6146	266.0957	2.640489	0.3613779
60264	-121.3828	-387.6653	266.2825	2.041099	1.143694
60270	-113.181	-379.2591	266.0781	1.896892	1.429553
60276	-109.5522	-375.5924	266.0402	1.961323	1.409073
60282	-118.7457	-385.005	266.2593	1.706451	1.436619
60288	-120.0516	-386.695	266.6434	1.719722	1.108139
60294	-106.7542	-371.2023	264.4481	3.602248	0.1101294
60300	-101.2181	-365.6379	264.4199	3.588006	0.1043268
60306	-105.888	-370.8586	264.9706	3.301324	0.1483719
60312	-112.4294	-379.0043	266.5749	1.788753	1.107666
60318	-111.5835	-377.9954	266.4119	1.72073	1.305241
60324	-114.2279	-380.9107	266.6828	1.765706	1.027895
60330	-109.2552	-375.7233	266.4681	1.892146	1.110756
60336	-99.8316	-366.4713	266.6397	1.891385	0.9440511
60342	-111.8475	-378.3786	266.5311	2.078947	0.8550321
60348	-113.1055	-379.5905	266.485	1.889721	1.097515
60354	-116.0359	-382.7319	266.696	1.846585	0.9317137
60360	-110.4041	-377.1674	266.7633	1.982451	0.6505241
60366	-103.0434	-369.707	266.6636	2.081035	0.6527799
60372	-89.77651	-356.5241	266.7476	1.920996	0.7796333
60378	-97.62757	-364.2794	266.6518	1.878328	0.9450217
60384	-102.3802	-369.1195	266.7393	1.967188	0.7228743
60390	-102.4998	-369.187	266.6872	1.961709	0.8061645
60396	-105.9999	-372.7094	266.7096	1.852655	0.9102442
60402	-114.0963	-379.5422	265.4458	3.065664	0.2157027
60408	-113.1191	-378.5649	265.4458	3.065664	0.2157027
60414	-123.4258	-389.3028	265.877	2.860117	0.3625953
60420	-122.9898	-388.6857	265.696	2.91821	0.2624825
60426	-117.2037	-382.6666	265.4629	3.001096	0.1988993
60432	-111.6537	-377.4059	265.7521	2.865656	0.2644757
60438	-117.5301	-382.6893	265.1592	3.172252	0.1617291
60444	-113.4713	-378.8857	265.4144	3.050399	0.1991665
60450	-118.5747	-384.7674	266.1927	1.66132	1.521084
60456	-126.5441	-392.2862	265.7421	1.378596	2.032676
60462	-121.358	-385.8145	264.4565	1.455696	2.796438
60468	-115.9965	-381.8374	265.8409	1.405237	1.948933
60474	-117.6323	-381.6413	264.009	1.264029	3.180351
60480	-120.596	-385.9985	265.4025	3.089435	0.2085008
60486	-119.5553	-384.3382	264.7829	3.302023	0.1151467
60492	-111.3556	-377.9833	266.6277	1.690406	1.148614
60498	-109.3832	-375.8145	266.4313	2.111155	0.9318683
60504	-119.5227	-386.1513	266.6286	1.913865	0.9318683
60510	-126.704	-392.2506	265.5466	2.976682	0.2202502
60516	-121.8736	-387.4202	265.5466	2.976682	0.2202502
60522	-115.0788	-381.5443	266.4655	1.863279	1.139075
60528	-110.764	-377.215	266.4509	2.124108	0.8958694
60534	-111.5158	-377.7218	266.206	2.035856	1.214646
60540	-105.3821	-371.9638	266.5817	1.750863	1.135732
60546	-101.3706	-367.9031	266.5325	1.765017	1.166746
60552	-104.5312	-371.1235	266.5923	1.920302	0.9634205
60558	-108.7151	-375.2972	266.5821	1.930554	0.9634205
60564	-116.2062	-382.6218	266.4156	2.153915	0.9020798
60570	-126.2372	-391.4759	265.2387	1.159448	2.4968
60576	-120.1747	-385.1965	265.0218	1.316638	2.534065
60582	-126.5787	-391.6619	265.0833	1.368833	2.463018
60588	-116.2385	-381.6534	265.4149	1.276733	2.311508
60594	-112.145	-378.4597	266.3147	1.658928	1.430638
60600	-127.5645	-394.0179	266.4534	2.236587	0.7485362
60606	-123.6678	-390.3475	266.6797	2.010334	0.7485362
60612	-115.3804	-381.7322	266.3518	1.772235	1.312228
60618	-102.0929	-368.8011	266.7082	1.872751	0.8891616
60624	-96.87345	-363.4402	266.5667	2.014217	0.8891616
60630	-94.66651	-361.271	266.6045	1.878	0.9942448
60636	-101.4048	-367.8843	266.4795	2.088952	0.9032419
60642	-106.4479	-372.9207	266.4728	2.038483	0.9648107
60648	-105.042	-371.6637	266.6217	1.939179	0.9117742
60654	-105.5114	-372.1379	266.6266	2.038957	0.7837927
60660	-109.1314	-375.8484	266.717	1.913369	0.8300396
60666	-116.5809	-383.028	266.4471	2.179345	0.8349903
60672	-116.3135	-382.875	266.5615	1.974124	0.9392049
60678	-116.1333	-382.7314	266.5981	1.91198	0.9660819
60684	-119.6774	-384.4985	264.8211	1.601584	2.481459
60690	-121.1525	-386.5178	265.3654	1.526332	2.182835
60696	-135.321	-400.3655	265.0444	1.518426	2.393279
60702	-133.559	-399.0761	265.5172	1.588628	2.042574
60708	-141.8572	-407.2201	265.3629	1.589667	2.143262
60714	-149.9047	-415.3457	265.4411	1.511482	2.143262
60720	-131.3359	-396.0379	264.702	1.602682	2.555071
60726	-125.1849	-389.7949	264.61	1.496768	2.677415
60732	-112.9157	-378.2622	265.3464	1.447231	2.246138
60738	-107.4442	-372.6177	265.1735	1.484747	2.332797
60744	-110.5502	-376.2363	265.6861	1.711876	1.845851
60750	-115.1402	-380.1916	265.0514	1.691383	2.278823
60756	-116.1204	-379.4597	263.3394	1.918245	3.189485
60762	-113.9876	-380.4261	266.4385	2.32066	0.6187697
60768	-118.5982	-385.1362	266.5381	2.238994	0.5593961
60774	-108.1222	-374.4304	266.3082	2.474412	0.5225866
60780	-113.6352	-379.9023	266.2671	2.51613	0.4871334
60786	-102.6637	-369.0018	266.3381	2.429938	0.41687
60792	-106.002	-372.1106	266.1086	2.635613	0.372443
60798	-119.3752	-385.4101	266.0348	2.709368	0.372443
60804	-105.3034	-371.484	266.1806	2.541737	0.3448084
60810	-93.98931	-360.0418	266.0525	2.686646	0.365382
60816	-95.51005	-361.453	265.9429	2.757266	0.3225687
60822	-105.6745	-371.9338	266.2593	2.516555	0.5648699
60828	-109.0062	-375.3047	266.2985	2.477338	0.5648699
60834	-108.8843	-375.1164	266.232	2.547116	0.5486233
60840	-113.8551	-380.1666	266.3115	2.38078	0.7450982
60846	-111.6513	-377.908	266.2567	2.520602	0.558108
60852	-139.7576	-406.0077	266.2501	2.429086	0.7645256
60858	-136.9601	-403.2305	266.2704	2.279764	0.923526
60864	-137.1609	-403.4835	266.3226	2.023281	1.123741
60870	-144.5128	-410.9794	266.4666	1.994573	1.015411
60876	-136.4884	-402.8937	266.4053	2.066925	1.004472
60882	-120.046	-386.6088	266.5628	2.114716	0.7669209
60888	-111.3287	-377.6438	266.315	2.184326	0.9771056
60894	-106.3221	-372.8464	266.5243	1.953463	0.9989817
60900	-97.15976	-363.5322	266.3725	2.101184	1.003095
60906	-97.68505	-364.0282	266.3432	2.13049	1.003095
60912	-96.66924	-362.8488	266.1796	2.361963	0.9328426
60918	-96.20733	-362.5349	266.3276	2.213942	0.9328426
60924	-109.1127	-375.535	266.4222	2.202071	0.8376348
60930	-121.5828	-387.8911	266.3082	2.379273	0.7523457
60936	-121.2182	-387.5307	266.3124	2.336174	0.8066514
60942	-102.2431	-368.5504	266.3073	2.339288	0.8093203
60948	-105.7662	-372.1501	266.3839	2.379339	0.6077699
60954	-107.3569	-373.3655	266.0086	2.07738	1.342719
60960	-106.0034	-372.1137	266.1104	2.087991	1.251271
60966	-107.9985	-374.2746	266.276	2.179909	1.020605
60972	-112.6229	-379.1341	266.5112	2.259202	0.5856607
60978	-113.359	-379.6649	266.3058	2.471497	0.558198
60984	-134.2091	-400.6027	266.3936	2.355586	0.6428357
60990	-112.4527	-378.4784	266.0257	2.752026	0.4477631
60996	-113.1583	-379.2475	266.0892	2.672749	0.4030212
61002	-108.0685	-374.242	266.1736	2.60439	0.4487697
61008	-112.3614	-378.3857	266.0244	2.739056	0.4061387
61014	-109.5808	-375.8992	266.3184	2.464719	0.4841705
61020	-116.5041	-382.7109	266.2068	2.576663	0.4915261
61026	-111.1208	-377.3342	266.2134	2.557503	0.5839608
61032	-100.3627	-366.7233	266.3605	2.410359	0.5839608
61038	-97.4958	-363.8221	266.3263	2.437116	0.6073332
61044	-94.43417	-360.9321	266.4979	2.200711	0.735324
61050	-91.53655	-358.1083	266.5718	1.913727	0.9912092
61056	-95.13976	-361.7534	266.6137	1.964352	0.8924976
61062	-96.321	-362.8905	266.5695	1.87462	1.03216
61068	-98.01792	-364.2639	266.2459	1.587827	1.53612
61074	-100.87	-367.0002	266.1302	1.697154	1.540861
61080	-109.9401	-375.9666	266.0265	1.832098	1.517651
61086	-104.5893	-370.6747	266.0854	1.773243	1.517651
61092	-108.7996	-374.8374	266.0378	1.814796	1.522094
61098	-117.6266	-381.997	264.3704	1.56665	2.781325
61104	-119.4885	-381.1575	261.6691	1.557871	4.36128
61110	-115.3293	-380.9267	265.5974	1.355616	2.142929
61116	-111.1549	-375.7219	264.567	1.309192	2.81834
61122	-112.8946	-378.7734	265.8787	1.442924	1.897918
61128	-111.9225	-377.4139	265.4913	1.574568	2.068935
61134	-108.6967	-374.0997	265.403	1.256193	2.332164
61140	-95.97796	-362.4332	266.4552	1.561625	1.397185
61146	-88.83496	-354.9439	266.1089	1.53254	1.675803
61152	-94.46483	-361.0441	266.5793	1.594944	1.271256
61158	-93.89703	-360.4714	266.5744	1.670999	1.211679
61164	-92.57955	-359.0018	266.4222	1.568015	1.417797
61170	-101.7897	-368.3377	266.548	1.632021	1.266524
61176	-96.71639	-363.2509	266.5345	1.844202	1.093848
61182	-100.1804	-366.6873	266.5069	1.815598	1.144681
61188	-100.6325	-367.1441	266.5116	1.739892	1.206487
61194	-92.97315	-359.4329	266.4597	1.881901	1.127625
61200	-97.08855	-363.7442	266.6556	2.066744	0.6959444
61206	-97.13661	-363.7279	266.5912	2.121668	0.7122531
61212	-92.35327	-359.0149	266.6616	2.051332	0.7122531
61218	-96.74414	-363.1207	266.3765	2.205307	0.8881224
61224	-99.62207	-365.9502	266.3282	2.166519	0.9818962
61230	-107.5447	-373.8678	266.3231	2.044583	1.104024
61236	-107.3804	-373.4699	266.0895	2.005595	1.335487
61242	-113.4633	-379.7623	266.299	1.754907	1.368111
61248	-111.6518	-377.352	265.7003	1.748079	1.811177
61254	-110.9039	-376.6573	265.7534	1.748079	1.774361
61260	-118.4577	-384.2037	265.746	1.405558	2.012227
61266	-107.3003	-372.6409	265.3406	1.395655	2.282985
61272	-115.9479	-382.0222	266.0743	1.664251	1.605992
61278	-117.3925	-383.8091	266.4166	1.888628	1.159956
61284	-113.2696	-379.5946	266.325	2.393335	0.7030159
61290	-112.0533	-378.336	266.2828	2.44445	0.6871681
61296	-111.1703	-377.3586	266.1883	2.594755	0.5168716
61302	-109.6684	-375.7564	266.088	2.672279	0.3997442
61308	-104.2306	-370.4687	266.238	2.536428	0.435477
61314	-108.4126	-374.8014	266.3888	2.377744	0.5980453
61320	-125.3115	-390.9619	265.6503	3.01223	0.2925814
61326	-138.4346	-404.0602	265.6257	3.035952	0.2919295
61332	-94.02371	-360.4345	266.4108	2.366627	0.5575494
61338	-113.5102	-379.8842	266.374	2.400137	0.5719811
61344	-109.4884	-376.0337	266.5453	2.187096	0.6775318
61350	-102.8286	-369.3246	266.4961	2.273415	0.5888198
61356	-104.389	-370.9111	266.5221	2.230176	0.6357176
61362	-114.6867	-380.9052	266.2185	2.287037	0.9707923
61368	-96.85924	-363.4352	266.5759	1.893071	1.007699
61374	-94.36364	-360.8981	266.5345	1.846965	1.091362
61380	-121.0417	-387.509	266.4673	2.185816	0.8006516
61386	-119.9645	-386.2515	266.287	2.264837	0.9216535
61392	-129.3771	-395.8648	266.4877	1.905189	1.080748
61398	-121.8082	-388.3151	266.5069	2.048705	0.917564
61404	-109.646	-375.1269	265.4809	1.508747	2.119017
61410	-117.4414	-383.984	266.5426	1.951212	0.9827612
61416	-115.814	-382.2959	266.4819	2.068941	0.9227593
61422	-112.4392	-378.7265	266.2873	1.643639	1.463214
61428	-112.3383	-378.6439	266.3056	1.740994	1.373878
61434	-107.3244	-373.9906	266.6662	1.747099	1.061642
61440	-104.744	-371.2341	266.49	1.880667	1.101261
61446	-108.9	-375.1221	266.222	1.98317	1.245563
61452	-105.9327	-372.3477	266.415	1.950578	1.105926
61458	-112.7846	-379.3135	266.5289	1.913629	1.033624
61464	-112.9054	-379.4438	266.5384	2.173513	0.7138999
61470	-125.1018	-391.7476	266.6458	1.921845	0.904196
61476	-116.247	-382.6128	266.3658	1.943735	1.156173
61482	-118.5746	-385.1253	266.5507	2.152431	0.7282862
61488	-124.491	-390.9682	266.4772	2.200853	0.7661925
61494	-107.4349	-374.1866	266.7517	1.944651	0.7388252
61500	-104.6259	-371.1436	266.5177	1.840743	1.112443
61506	-100.8781	-367.524	266.6459	1.871362	0.9585619
61512	-103.0641	-369.5752	266.5111	1.919363	1.045238
61518	-105.7484	-371.8414	266.093	1.560544	1.66717
61524	-107.985	-374.3365	266.3515	1.865615	1.235584
61530	-116.0544	-382.6278	266.5734	1.699806	1.187803
61536	-112.6068	-379.166	266.5592	1.867385	1.049
61542	-110.3644	-376.4687	266.1043	1.847823	1.447077
61548	-114.0977	-380.1367	266.039	1.644564	1.645632
61554	-122.6727	-387.7178	265.045	1.44744	2.437645
61560	-123.0147	-388.2259	265.2112	1.53042	2.279554
61566	-124.413	-390.3853	265.9724	1.53965	1.767
61572	-120.4112	-385.8609	265.4497	1.548646	2.113315
61578	-115.1941	-380.3578	265.1637	1.725829	2.18421
61584	-122.0135	-387.9365	265.923	1.470765	1.848747
61590	-110.842	-377.1123	266.2704	1.703704	1.43026
61596	-108.2677	-374.8741	266.6063	1.683955	1.173021
61602	-127.4298	-392.3104	264.8806	1.583436	2.455542
61608	-120.7643	-386.7635	265.9992	1.639846	1.677503
61614	-113.6611	-380.14	266.4789	1.744864	1.229955
61620	-115.6173	-382.2055	266.5882	2.038563	0.8345822
61626	-129.8684	-396.3529	266.4845	2.080226	0.9074964
61632	-109.2839	-375.5066	266.2227	1.879528	1.329769
61638	-115.2962	-381.741	266.4448	2.285196	0.6820243
61644	-115.0114	-381.4303	266.4189	2.017934	1.039163
61650	-122.33	-388.7266	266.3966	1.786078	1.2643
61656	-109.5397	-375.3411	265.8014	1.698869	1.775181
61662	-111.4855	-377.5202	266.0347	1.707402	1.603368
61668	-115.48	-381.8424	266.3624	1.697535	1.363403
61674	-119.1267	-384.6385	265.5118	1.625337	2.021814
61680	-110.7062	-376.4302	265.724	1.81525	1.747982
61686	-121.7695	-388.1874	266.4179	1.967863	1.087375
61692	-124.6468	-390.2843	265.6376	2.270629	1.480439
61698	-120.8519	-385.6766	264.8247	1.863049	2.313976
61704	-119.9633	-385.2377	265.2743	1.676042	2.144673
61710	-115.3908	-380.4495	265.0586	1.891746	2.144673
61716	-108.7898	-374.1669	265.3771	2.036338	1.835266
61722	-108.8059	-374.2409	265.435	2.224054	1.663207
61728	-112.5359	-378.3275	265.7916	2.360983	1.289036
61734	-110.3422	-376.1159	265.7737	2.378869	1.289036
61740	-108.7361	-374.3319	265.5958	2.406126	1.408762
61746	-110.1887	-375.8687	265.68	2.060763	1.604316
61752	-128.3882	-394.3716	265.9834	2.75309	0.3618321
61758	-122.76	-388.7851	266.025	2.711479	0.3618321
61764	-118.6102	-384.8163	266.2061	2.564995	0.4250133
61770	-125.2926	-389.3912	264.0985	1.838283	2.781452
61776	-134.5572	-398.1392	263.5821	1.766967	3.135192
61782	-111.3186	-377.9088	266.5901	2.162632	0.6346452
61788	-100.0168	-366.4182	266.4014	2.3514	0.6346452
61794	-102.9684	-369.238	266.2696	2.49576	0.4105264
61800	-109.0519	-375.3372	266.2853	2.447066	0.6775097
61806	-108.2091	-374.518	266.3089	2.474522	0.5083985
61812	-117.2026	-383.5008	266.2982	2.463336	0.4022771
61818	-115.2888	-381.5811	266.2923	2.477153	0.4206039
61824	-121.6901	-386.8584	265.1683	1.963116	2.025612
61830	-130.5035	-395.3589	264.8555	2.335879	1.985681
61836	-121.8185	-386.4811	264.6625	2.043598	2.302242
61842	-110.6108	-376.8372	266.2264	2.544004	0.4230108
61848	-107.0029	-372.7485	265.7457	2.866997	0.2616395
61854	-118.8623	-384.1367	265.2744	1.838912	2.037604
61860	-116.4847	-382.3917	265.9069	2.803593	0.3323901
61866	-109.1941	-375.2058	266.0117	2.700372	0.333944
61872	-113.3017	-379.2757	265.974	2.711378	0.3098524
61878	-109.5034	-375.2009	265.6975	2.850287	0.2302867
61884	-104.3312	-368.8532	264.522	1.44183	2.76497
61890	-102.6555	-367.5437	264.8882	1.326139	2.611063
61896	-111.2584	-376.0152	264.7567	1.687751	2.467786
61902	-116.4351	-382.3409	265.9058	2.824405	0.3538893
61908	-121.6413	-387.9949	266.3536	2.429682	0.4876993
61914	-118.2869	-383.9602	265.6732	2.96436	0.2761263
61920	-117.3961	-378.8964	261.5003	1.335079	4.581707
61926	-126.6751	-388.1801	261.505	1.13486	4.691299
61932	-116.5898	-381.0624	264.4727	1.14719	2.973269
61938	-115.8378	-378.5258	262.688	1.228746	3.969311
61944	-121.5666	-382.9601	261.3935	1.402519	4.603797
61950	-124.6739	-390.7447	266.0708	2.697797	0.4183523
61956	-121.2095	-387.7049	266.4954	2.287652	0.482956
61962	-117.8008	-382.94	265.1392	1.331769	2.451155
61968	-112.5518	-378.4199	265.8681	1.301437	2.000211
61974	-112.5854	-377.967	265.3816	1.407277	2.249232
61980	-103.0976	-369.622	266.5243	1.873202	1.076421
61986	-101.0518	-367.36	266.3082	1.968729	1.184631
61992	-111.8554	-378.1476	266.2922	2.311125	0.8631034
61998	-114.2746	-380.8866	266.6119	1.944634	0.916483
62004	-122.7551	-388.6014	265.8462	2.83211	0.3042627
62010	-110.553	-376.9972	266.4442	2.128911	0.8980127
62016	-99.24742	-365.6531	266.4057	2.281059	0.7534247
62022	-112.1677	-378.6118	266.4441	2.150879	0.8729883
62028	-107.9809	-374.5536	266.5727	2.131886	0.725981
62034	-108.5052	-375.0606	266.5554	2.223544	0.5499013
62040	-114.7411	-380.7284	265.9873	2.771541	0.3968778
62046	-104.6952	-370.7953	266.1002	2.619259	0.3415847
62052	-116.1367	-382.5286	266.3919	2.276719	0.7795234
62058	-119.0277	-385.4063	266.3786	2.36395	0.6572812
62064	-113.5586	-379.9217	266.3631	2.309565	0.7737878
62070	-105.3325	-371.8796	266.5471	2.212578	0.6175199
62076	-111.6247	-378.0877	266.463	2.291353	0.6307805
62082	-109.1032	-375.5784	266.4752	2.304009	0.5485363
62088	-113.1388	-379.4372	266.2985	2.478486	0.5598871
62094	-112.1092	-378.3438	266.2346	2.542353	0.5598871
62100	-108.3215	-374.5283	266.2068	2.57523	0.4724219
62106	-108.0976	-374.5652	266.4677	2.314222	0.4712438
62112	-115.9451	-382.4491	266.504	2.179294	0.7585819
62118	-114.1089	-380.5386	266.4296	2.285746	0.7080893
62124	-111.0271	-377.5671	266.5399	2.153475	0.7433993
62130	-118.6262	-383.9833	265.3571	3.066074	0.1861421
62136	-119.9885	-385.6226	265.634	2.938771	0.2414805
62142	-130.3364	-396.9062	266.5699	2.18592	0.6273862
62148	-129.7651	-396.2303	266.4653	2.180025	0.8109566
62154	-114.844	-379.9503	265.1063	3.2832	0.1765406
62160	-108.251	-373.1605	264.9095	3.279224	0.1321733
62166	-119.2641	-384.3	265.0359	3.279224	0.1578966
62172	-124.3949	-390.304	265.9092	2.83591	0.3737549
62178	-122.4135	-388.2959	265.8824	2.845955	0.3517158
62184	-117.4103	-383.2534	265.843	2.885361	0.3517158
62190	-120.1473	-386.7195	266.5723	1.874673	1.029386
62196	-138.7874	-405.1068	266.3194	2.047761	1.104481
62202	-133.556	-399.6249	266.069	1.808382	1.503645
62208	-133.5192	-398.5935	265.0743	1.452075	2.416331
62214	-115.301	-381.1205	265.8195	2.876331	0.3186764
62220	-119.3199	-383.7573	264.4374	1.933583	2.513753
62226	-122.939	-388.3764	265.4374	2.412937	1.523785
62232	-123.5274	-390.1239	266.5966	1.730152	1.14095
62238	-126.7257	-393.0507	266.3249	1.745554	1.355063
62244	-112.5931	-378.4202	265.8272	2.858085	0.3097339
62250	-115.838	-381.8743	266.0363	2.719239	0.39073
62256	-114.0631	-380.1855	266.1223	2.641733	0.4075842
62262	-106.6376	-372.97	266.3324	2.421281	0.3873771
62268	-102.7661	-368.7945	266.0284	2.699017	0.3505693
62274	-114.9623	-381.2153	266.253	2.525242	0.553768
62280	-106.1869	-372.0198	265.8329	2.838619	0.2990308
62286	-99.65375	-365.4351	265.7813	2.838619	0.2656859
62292	-100.7326	-366.5832	265.8506	2.838619	0.3130018
62298	-97.24607	-363.4067	266.1606	2.584102	0.3732363
62304	-121.6975	-385.2798	263.5822	1.294533	3.413912
62310	-102.6893	-369.0318	266.3425	2.437336	0.5446158
62316	-116.5148	-382.9342	266.4195	2.313691	0.6760676
62322	-107.663	-373.8993	266.2363	2.545747	0.5282075
62328	-124.9961	-391.2854	266.2893	2.434199	0.6939926
62334	-123.3491	-389.7914	266.4424	2.242486	0.7562637
62340	-125.1391	-390.5396	265.4005	1.475697	2.192867
62346	-112.8832	-377.6342	264.751	1.287395	2.719399
62352	-114.5064	-379.658	265.1517	1.201804	2.524692
62358	-110.0909	-374.9389	264.8479	1.299991	2.652088
62364	-109.3574	-373.9716	264.6142	1.366329	2.754762
62370	-114.8257	-380.2958	265.4701	1.398339	2.197922
62376	-118.5395	-384.4497	265.9102	1.428361	1.886428
62382	-120.3186	-385.8684	265.5498	1.554009	2.043924
62388	-118.3668	-384.4931	266.1263	1.478463	1.701839
62394	-114.795	-379.7472	264.9522	1.538949	2.438491
62400	-107.39	-371.3593	263.9693	1.718845	2.932144
62406	-111.5476	-377.615	266.0674	1.493173	1.732991
62412	-128.3105	-393.9976	265.687	2.997806	0.3094145
62418	-113.218	-379.1049	265.8869	2.820374	0.3291847
62424	-107.3336	-373.2212	265.8876	2.820374	0.3298946
62430	-108.1097	-374.1584	266.0488	2.684511	0.3576852
62436	-115.1049	-380.7961	265.6912	2.984725	0.3023928
62442	-109.8344	-375.4291	265.5947	2.997479	0.2508569
62448	-115.4118	-380.8684	265.4566	2.997479	0.1956706
62454	-125.382	-390.644	265.262	3.119869	0.1744827
62460	-113.1529	-378.5274	265.3744	3.044717	0.1849408
62466	-109.8881	-375.0325	265.1445	3.274659	0.1849408
62472	-125.7289	-390.925	265.1961	1.67234	2.197931
62478	-116.1493	-382.1498	266.0005	1.449569	1.810009
62484	-117.0848	-383.1068	266.022	1.788732	1.553119
62490	-108.019	-373.1375	265.1186	3.183223	0.1548642
62496	-89.25472	-354.4383	265.1836	3.05132	0.1408291
62502	-101.6105	-367.4094	265.799	2.814582	0.2621196
62508	-101.3825	-367.2934	265.9109	2.702607	0.2621196
62514	-102.8215	-368.3561	265.5345	2.937541	0.2016048
62520	-102.7891	-368.6066	265.8176	2.759054	0.2432637
62526	-96.66792	-362.1195	265.4516	2.988409	0.1912226
62532	-99.80427	-365.2727	265.4685	2.909922	0.1735588
62538	-108.4818	-373.5151	265.0333	3.218927	0.1442892
62544	-96.63644	-361.6796	265.0431	3.215148	0.1455206
62550	-93.71129	-358.7791	265.0678	3.190435	0.1455206
62556	-101.8795	-366.9382	265.0587	3.19011	0.1435993
62562	-93.51007	-358.9767	265.4666	2.915603	0.1745752
62568	-93.55885	-358.497	264.9381	3.179367	0.1201622
62574	-105.4249	-370.6026	265.1777	3.139107	0.1582785
62580	-105.2509	-370.7254	265.4745	2.915619	0.1767132
62586	-115.1554	-380.0091	264.8537	3.307931	0.1274121
62592	-120.2514	-385.4167	265.1654	3.119779	0.1511919
62598	-112.7918	-377.646	264.8542	3.305157	0.1270338
62604	-110.1674	-375.2788	265.1115	3.191144	0.1550446
62610	-114.078	-379.349	265.2709	3.107016	0.1734414
62616	-118.8523	-384.2858	265.4336	3.028721	0.1983406
62622	-114.2822	-379.7954	265.5132	2.949134	0.1983406
62628	-116.1782	-381.7034	265.5252	2.93794	0.198618
62634	-114.0352	-379.6929	265.6577	2.939013	0.2531853
62640	-123.8168	-389.4518	265.635	2.890566	0.2211626
62646	-125.1934	-390.9159	265.7225	2.905424	0.2703018
62652	-130.6925	-396.5839	265.8914	2.755696	0.2821015
62658	-131.3713	-397.2015	265.8302	2.816876	0.2821015
62664	-120.706	-387.3531	266.6471	1.947432	0.8734882
62670	-126.7	-393.1291	266.4291	2.19931	0.8325719
62676	-102.8349	-369.4684	266.6336	1.947378	0.8891746
62682	-105.5563	-372.2843	266.728	1.916239	0.8123486
62688	-112.2672	-378.9388	266.6716	1.974615	0.8097434
62694	-111.3015	-377.7987	266.4973	1.901831	1.074977
62700	-118.2686	-384.8325	266.5639	2.16409	0.6856878
62706	-120.9076	-387.4337	266.5261	2.1982	0.6924458
62712	-118.0996	-384.5575	266.4579	2.321599	0.5465988
62718	-117.5371	-383.7951	266.2579	2.524621	0.5233598
62724	-104.031	-370.4944	266.4634	2.317813	0.5354714
62730	-111.2622	-377.8855	266.6233	2.035792	0.7926523
62736	-118.1466	-384.7224	266.5759	2.083201	0.7926523
62742	-118.6489	-384.8817	266.2328	2.523774	0.3925658
62748	-113.343	-379.3949	266.052	2.588316	0.2777969
62754	-123.9631	-390.5762	266.6131	2.085589	0.7352725
62760	-113.5668	-379.4533	265.8865	2.742883	0.271159
62766	-107.8587	-373.944	266.0853	2.607543	0.3160572
62772	-102.8338	-369.1057	266.2719	2.499136	0.4248602
62778	-104.4734	-370.4625	265.9891	2.738372	0.350631
62784	-104.926	-371.0192	266.0931	2.582078	0.3018543
62790	-105.4546	-371.5767	266.1221	2.605455	0.3507423
62796	-115.0639	-381.0527	265.9888	2.72658	0.3373284
62802	-112.702	-378.3537	265.6517	2.92134	0.241585
62808	-104.5753	-370.5546	265.9793	2.708458	0.3117941
62814	-98.79999	-365.2401	266.4401	2.3287	0.4187854
62820	-96.74074	-363.3325	266.5918	2.18541	0.5586891
62826	-103.5314	-370.1485	266.6171	2.036269	0.8002725
62832	-103.2147	-369.924	266.7093	1.944122	0.8002725
62838	-100.3299	-367.153	266.823	1.863826	0.7532757
62844	-107.7677	-374.5128	266.7451	1.859658	0.8613943
62850	-118.4977	-384.9717	266.474	1.851573	1.141993
62856	-124.424	-390.8414	266.4174	1.75719	1.270948
62862	-114.5913	-380.5994	266.0082	2.712714	0.3431708
62868	-110.8398	-376.7971	265.9573	2.725545	0.307792
62874	-115.1288	-381.1998	266.071	2.584942	0.288019
62880	-109.6019	-375.9334	266.3315	2.450116	0.4692635
62886	-100.7166	-367.1931	266.4765	2.304289	0.4634297
62892	-106.295	-372.6717	266.3767	2.401736	0.5524744
62898	-103.7049	-369.9446	266.2396	2.535848	0.4390326
62904	-113.4845	-379.7888	266.3043	2.471237	0.4390326
62910	-113.1501	-379.5867	266.4366	2.34636	0.4816955
62916	-110.6846	-376.9661	266.2815	2.501029	0.4767993
62922	-114.4429	-380.5653	266.1224	2.618562	0.3678625
62928	-111.4828	-377.343	265.8602	2.880815	0.3678625
62934	-119.4357	-385.5544	266.1187	2.643892	0.4044649
62940	-118.8532	-383.5676	264.7144	1.651016	2.517241
62946	-122.9086	-388.9349	266.0263	1.455899	1.787786
62952	-115.3328	-380.8947	265.562	1.590165	2.011837
62958	-112.6107	-378.0413	265.4305	1.531726	2.136937
62964	-104.0172	-369.552	265.5348	3.012263	0.2299791
62970	-106.4181	-372.0612	265.6431	2.90391	0.2299791
62976	-114.4191	-380.2148	265.7956	2.893917	0.3133087
62982	-123.6865	-389.0199	265.3334	3.096608	0.1881803
62988	-117.9789	-383.2053	265.2263	3.177218	0.1804502
62994	-117.2998	-380.6479	263.3481	1.300324	3.547231
63000	-117.2135	-382.453	265.2395	3.134174	0.1723111
63006	-130.4759	-396.4135	265.9376	2.80232	0.3663724
63012	-115.3067	-380.7696	265.4629	3.044001	0.21396
63018	-119.1547	-384.4651	265.3104	3.086143	0.1784977
63024	-116.0296	-379.4467	263.4171	1.354348	3.475542
63030	-99.37686	-364.4411	265.0643	3.300588	0.1700181
63036	-100.7217	-365.9238	265.2021	3.162794	0.1700181
63042	-100.5217	-365.6117	265.0901	3.2748	0.1700181
63048	-107.0737	-373.0155	265.9418	2.715288	0.2887532
63054	-121.2437	-378.3366	257.0929	0.5205292	7.434764
63060	-112.4482	-369.5854	257.1372	0.4761634	7.434764
63066	-114.785	-376.4926	261.7076	0.5506505	4.904276
63072	-106.8873	-371.6201	264.7328	3.397254	0.1221721
63078	-122.1689	-387.3445	265.1757	3.191544	0.170626
63084	-127.7166	-392.8375	265.121	3.335807	0.1965421
63090	-122.3239	-388.2451	265.9212	2.807437	0.351972
63096	-124.112	-389.9662	265.8542	2.839355	0.3167054
63102	-118.7805	-381.1954	262.415	0.7577874	4.391866
63108	-122.0572	-383.9404	261.8832	0.8538864	4.636844
63114	-114.688	-380.6225	265.9345	2.744542	0.3048193
63120	-120.0888	-381.9733	261.8844	0.8528864	4.636719
63126	-113.5964	-377.0507	263.4542	0.997386	3.661499
63132	-119.5552	-383.1514	263.5962	1.223581	3.447271
63138	-117.9093	-382.8095	264.9002	1.538729	2.471255
63144	-124.2145	-390.2806	266.0661	2.687093	0.3866265
63150	-118.3716	-383.884	265.5124	1.851165	1.869398
63156	-117.3598	-383.0408	265.681	1.853872	1.751025
63162	-111.9226	-377.885	265.9624	2.767864	0.3539337
63168	-130.0015	-395.478	265.4765	3.153182	0.2713221
63174	-119.6471	-385.5034	265.8563	2.79538	0.2851324
63180	-110.2666	-376.3513	266.0847	1.662879	1.599419
63186	-105.1012	-370.4374	265.3362	1.653589	2.118917
63192	-102.6177	-367.9126	265.2949	1.694903	2.118917
63198	-108.641	-374.3128	265.6718	1.768724	1.816558
63204	-102.1217	-367.2248	265.1031	2.114621	1.968027
63210	-109.6745	-375.563	265.8885	2.790862	0.3050634
63216	-97.95701	-364.0491	266.0921	2.630334	0.3449267
63222	-107.8282	-374.0385	266.2103	2.539339	0.3807975
63228	-99.84531	-365.7146	265.8693	2.792764	0.2922306
63234	-95.06654	-360.9347	265.8682	2.82207	0.3138777
63240	-89.18009	-355.336	266.1559	2.55251	0.3303467
63246	-83.87562	-349.5531	265.6775	2.850054	0.2219389
63252	-79.11122	-345.0064	265.8952	2.725279	0.2659969
63258	-84.59368	-350.3621	265.7685	2.841403	0.2601093
63264	-86.8419	-352.6902	265.8483	2.844405	0.315935
63270	-95.65476	-361.7313	266.0766	2.59027	0.2956311
63276	-105.4391	-371.5486	266.1095	2.59027	0.3221722
63282	-103.0855	-369.0363	265.9507	2.73905	0.3135019
63288	-112.0731	-377.9107	265.8376	2.790998	0.2706844
63294	-112.1206	-377.6747	265.5542	2.986401	0.2272648
63300	-115.0999	-380.0165	264.9166	1.896792	2.233456
63306	-117.1258	-382.6504	265.5247	1.817804	1.883769
63312	-105.6956	-371.5842	265.8885	2.798832	0.3114917
63318	-112.6765	-378.7695	266.093	2.655754	0.3793999
63324	-124.4996	-390.6058	266.1062	2.634026	0.3668249
63330	-114.77	-380.9502	266.1801	2.584071	0.4078857
63336	-113.4966	-379.8339	266.3373	2.441302	0.4514802
63342	-114.9596	-381.4	266.4403	2.301694	0.6583659
63348	-109.7072	-376.2495	266.5423	2.019547	0.9106548
63354	-116.1226	-380.8259	264.7033	1.622699	2.541797
63360	-116.6554	-383.0759	266.4205	2.362808	0.51164
63366	-119.6977	-386.1377	266.44	2.190794	0.8295413
63372	-110.7066	-375.6056	264.899	1.685371	2.379673
63378	-114.8768	-379.1547	264.2779	1.434922	2.917293
63384	-107.7136	-372.8095	265.0959	1.568518	2.328868
63390	-129.156	-394.8915	265.7355	1.824868	1.733143
63396	-125.5839	-391.6427	266.0588	1.473296	1.752974
63402	-106.4215	-371.8025	265.381	1.730179	2.038995
63408	-100.1583	-366.1179	265.9596	1.673071	1.68204
63414	-122.8575	-388.925	266.0674	1.485887	1.738122
63420	-117.8315	-384.0261	266.1947	1.843417	1.380586
63426	-109.0318	-374.9138	265.882	1.707144	1.712892
63432	-111.7232	-378.0606	266.3374	1.89133	1.22579
63438	-105.6163	-372.0341	266.4178	1.653127	1.354712
63444	-115.9385	-377.918	261.9795	1.546498	4.19193
63450	-108.9961	-374.0726	265.0765	1.421132	2.434401
63456	-122.144	-385.0981	262.9541	1.179969	3.84468
63462	-127.0958	-386.7789	259.6831	0.749385	5.910492
63468	-127.3261	-386.8207	259.4946	0.6500826	6.067524
63474	-129.0072	-386.6831	257.6759	0.7502601	6.998135
63480	-127.8379	-394.0144	266.1766	2.587166	0.4068374
63486	-133.8011	-400.1259	266.3248	2.438951	0.4068374
63492	-120.7105	-381.9339	261.2234	0.7427753	5.066606
63498	-111.5341	-373.8374	262.3033	0.913881	4.366772
63504	-114.1253	-375.29	261.1647	0.938158	4.990743
63510	-120.9463	-386.0359	265.0896	1.673432	2.265854
63516	-114.8431	-380.5804	265.7373	1.763066	1.775128
63522	-113.1685	-379.5097	266.3413	1.636035	1.42779
63528	-119.1267	-385.5075	266.3808	1.596523	1.42779
63534	-105.9548	-366.1256	260.1708	1.019115	5.495387
63540	-115.5794	-372.2749	256.6955	0.9215155	7.43282
63546	-129.4286	-390.5797	261.1511	1.183285	4.861894
63552	-107.4778	-373.5647	266.0869	1.835928	1.469347
63558	-105.3065	-370.9176	265.6111	1.605844	1.968526
63564	-107.3881	-372.3859	264.9978	1.537618	2.410601
63570	-111.3303	-377.6143	266.284	1.970937	1.203577
63576	-105.5665	-371.9731	266.4066	2.094631	0.9752008
63582	-111.5278	-377.9657	266.4379	1.871063	1.156621
63588	-109.0765	-373.8824	264.8059	1.806576	2.36183
63594	-112.6804	-377.3245	264.6441	1.625071	2.577153
63600	-122.5882	-383.2814	260.6932	1.082499	5.172151
63606	-122.577	-386.0196	263.4425	0.9865641	3.674528
63612	-108.8306	-374.6149	265.7843	1.574005	1.872997
63618	-114.1338	-379.7733	265.6395	1.718817	1.872997
63624	-117.2854	-383.8629	266.5775	1.871803	1.02707
63630	-112.2536	-378.6477	266.3941	2.055223	1.02707
63636	-114.2634	-380.8459	266.5825	1.69636	1.18297
63642	-108.6205	-375.3481	266.7276	1.860841	0.8805859
63648	-111.6785	-378.2563	266.5778	2.003217	0.8890599
63654	-113.0141	-379.4079	266.3938	2.042867	1.039298
63660	-118.5798	-384.8475	266.2677	2.032568	1.164257
63666	-120.8555	-386.4291	265.5736	2.087279	1.661916
63672	-115.7274	-381.9963	266.2689	1.943925	1.239181
63678	-122.9014	-389.318	266.4166	1.957803	1.097834
63684	-116.1115	-382.2683	266.1567	2.236412	1.080506
63690	-110.8215	-377.0835	266.262	1.689751	1.447405
63696	-116.6405	-383.0511	266.4106	2.201648	0.8523717
63702	-119.625	-386.2277	266.6027	2.115996	0.7024491
63708	-117.3086	-383.7803	266.4717	2.098256	0.9015799
63714	-131.3427	-397.6235	266.2807	2.314461	0.8726985
63720	-126.2946	-392.6258	266.3311	2.232525	0.9086421
63726	-124.0269	-390.4247	266.3978	2.262643	0.7907703
63732	-120.9989	-387.181	266.182	2.314899	0.9795872
63738	-125.6507	-391.9921	266.3414	2.433069	0.5706077
63744	-123.7023	-389.7474	266.0451	2.724326	0.4205292
63750	-124.5431	-390.6455	266.1024	2.666289	0.4185434
63756	-127.709	-393.7146	266.0056	2.722373	0.3511786
63762	-134.2525	-400.5198	266.2672	2.466801	0.3586271
63768	-112.0669	-378.161	266.0941	2.665321	0.3979139
63774	-114.9364	-381.0533	266.1169	2.642498	0.3979139
63780	-123.5632	-389.6336	266.0704	2.68904	0.3979139
63786	-119.131	-385.3908	266.2598	2.51989	0.4572928
63792	-117.1721	-383.4495	266.2775	2.502243	0.4572928
63798	-109.8627	-376.0382	266.1755	2.607272	0.480278
